<?xml version="1.0" encoding="UTF-8" standalone="no"?><list>
  <org.xper.allen.app.blockGenerators.VisualTrial>
    <gaussSpec>
      <xCenter>120.88702632306007</xCenter>
      <yCenter>-104.53025829372893</yCenter>
      <size>5.0</size>
      <brightness>0.6349594678227627</brightness>
    </gaussSpec>
    <targetEyeWinCoords>
      <x>120.88702632306007</x>
      <y>-104.53025829372893</y>
    </targetEyeWinCoords>
    <targetEyeWinSize>5.0</targetEyeWinSize>
    <duration>1502.6452067730995</duration>
    <data>random</data>
  </org.xper.allen.app.blockGenerators.VisualTrial>
  <org.xper.allen.app.blockGenerators.VisualTrial>
    <gaussSpec>
      <xCenter>-1.0126933113350276</xCenter>
      <yCenter>7.383725458475027</yCenter>
      <size>5.0</size>
      <brightness>0.3299587664510776</brightness>
    </gaussSpec>
    <targetEyeWinCoords>
      <x>-1.0126933113350276</x>
      <y>7.383725458475027</y>
    </targetEyeWinCoords>
    <targetEyeWinSize>5.0</targetEyeWinSize>
    <duration>1374.7017463396623</duration>
    <data>random</data>
  </org.xper.allen.app.blockGenerators.VisualTrial>
  <org.xper.allen.app.blockGenerators.VisualTrial>
    <gaussSpec>
      <xCenter>-31.34977469831398</xCenter>
      <yCenter>-141.63185908565143</yCenter>
      <size>5.0</size>
      <brightness>0.303609012743971</brightness>
    </gaussSpec>
    <targetEyeWinCoords>
      <x>-31.34977469831398</x>
      <y>-141.63185908565143</y>
    </targetEyeWinCoords>
    <targetEyeWinSize>5.0</targetEyeWinSize>
    <duration>1715.9828022931242</duration>
    <data>random</data>
  </org.xper.allen.app.blockGenerators.VisualTrial>
  <org.xper.allen.app.blockGenerators.VisualTrial>
    <gaussSpec>
      <xCenter>68.17627983860638</xCenter>
      <yCenter>-3.1447760832559766</yCenter>
      <size>5.0</size>
      <brightness>0.745901404710583</brightness>
    </gaussSpec>
    <targetEyeWinCoords>
      <x>68.17627983860638</x>
      <y>-3.1447760832559766</y>
    </targetEyeWinCoords>
    <targetEyeWinSize>5.0</targetEyeWinSize>
    <duration>1425.4925452334376</duration>
    <data>random</data>
  </org.xper.allen.app.blockGenerators.VisualTrial>
  <org.xper.allen.app.blockGenerators.VisualTrial>
    <gaussSpec>
      <xCenter>-5.815608165965557</xCenter>
      <yCenter>27.11812125271041</yCenter>
      <size>5.0</size>
      <brightness>0.27314873399701245</brightness>
    </gaussSpec>
    <targetEyeWinCoords>
      <x>-5.815608165965557</x>
      <y>27.11812125271041</y>
    </targetEyeWinCoords>
    <targetEyeWinSize>5.0</targetEyeWinSize>
    <duration>1780.6790302363938</duration>
    <data>random</data>
  </org.xper.allen.app.blockGenerators.VisualTrial>
  <org.xper.allen.app.blockGenerators.VisualTrial>
    <gaussSpec>
      <xCenter>193.7525953611244</xCenter>
      <yCenter>-29.848282421794693</yCenter>
      <size>5.0</size>
      <brightness>0.5172272791422906</brightness>
    </gaussSpec>
    <targetEyeWinCoords>
      <x>193.7525953611244</x>
      <y>-29.848282421794693</y>
    </targetEyeWinCoords>
    <targetEyeWinSize>5.0</targetEyeWinSize>
    <duration>1149.8181244883408</duration>
    <data>random</data>
  </org.xper.allen.app.blockGenerators.VisualTrial>
  <org.xper.allen.app.blockGenerators.VisualTrial>
    <gaussSpec>
      <xCenter>161.94947210786404</xCenter>
      <yCenter>-14.202692777313132</yCenter>
      <size>5.0</size>
      <brightness>0.9685261515319986</brightness>
    </gaussSpec>
    <targetEyeWinCoords>
      <x>161.94947210786404</x>
      <y>-14.202692777313132</y>
    </targetEyeWinCoords>
    <targetEyeWinSize>5.0</targetEyeWinSize>
    <duration>1449.0865937118244</duration>
    <data>random</data>
  </org.xper.allen.app.blockGenerators.VisualTrial>
  <org.xper.allen.app.blockGenerators.VisualTrial>
    <gaussSpec>
      <xCenter>19.856248643196977</xCenter>
      <yCenter>118.66003599211655</yCenter>
      <size>5.0</size>
      <brightness>0.571766735239645</brightness>
    </gaussSpec>
    <targetEyeWinCoords>
      <x>19.856248643196977</x>
      <y>118.66003599211655</y>
    </targetEyeWinCoords>
    <targetEyeWinSize>5.0</targetEyeWinSize>
    <duration>1742.1671491748016</duration>
    <data>random</data>
  </org.xper.allen.app.blockGenerators.VisualTrial>
  <org.xper.allen.app.blockGenerators.VisualTrial>
    <gaussSpec>
      <xCenter>196.15219496031023</xCenter>
      <yCenter>62.437829136651516</yCenter>
      <size>5.0</size>
      <brightness>0.046704347502443455</brightness>
    </gaussSpec>
    <targetEyeWinCoords>
      <x>196.15219496031023</x>
      <y>62.437829136651516</y>
    </targetEyeWinCoords>
    <targetEyeWinSize>5.0</targetEyeWinSize>
    <duration>1782.455350187793</duration>
    <data>random</data>
  </org.xper.allen.app.blockGenerators.VisualTrial>
  <org.xper.allen.app.blockGenerators.VisualTrial>
    <gaussSpec>
      <xCenter>136.62964142923505</xCenter>
      <yCenter>-128.74076071195108</yCenter>
      <size>5.0</size>
      <brightness>0.6316088609887914</brightness>
    </gaussSpec>
    <targetEyeWinCoords>
      <x>136.62964142923505</x>
      <y>-128.74076071195108</y>
    </targetEyeWinCoords>
    <targetEyeWinSize>5.0</targetEyeWinSize>
    <duration>1885.6487827511987</duration>
    <data>random</data>
  </org.xper.allen.app.blockGenerators.VisualTrial>
  <org.xper.allen.app.blockGenerators.VisualTrial>
    <gaussSpec>
      <xCenter>-73.65794524894264</xCenter>
      <yCenter>5.790217468271635</yCenter>
      <size>5.0</size>
      <brightness>0.5355268091751016</brightness>
    </gaussSpec>
    <targetEyeWinCoords>
      <x>-73.65794524894264</x>
      <y>5.790217468271635</y>
    </targetEyeWinCoords>
    <targetEyeWinSize>5.0</targetEyeWinSize>
    <duration>1832.9074839170908</duration>
    <data>random</data>
  </org.xper.allen.app.blockGenerators.VisualTrial>
  <org.xper.allen.app.blockGenerators.VisualTrial>
    <gaussSpec>
      <xCenter>-138.3282496174907</xCenter>
      <yCenter>-69.97781567297064</yCenter>
      <size>5.0</size>
      <brightness>0.7969401473863036</brightness>
    </gaussSpec>
    <targetEyeWinCoords>
      <x>-138.3282496174907</x>
      <y>-69.97781567297064</y>
    </targetEyeWinCoords>
    <targetEyeWinSize>5.0</targetEyeWinSize>
    <duration>1811.765456502643</duration>
    <data>random</data>
  </org.xper.allen.app.blockGenerators.VisualTrial>
  <org.xper.allen.app.blockGenerators.VisualTrial>
    <gaussSpec>
      <xCenter>163.17048841350777</xCenter>
      <yCenter>14.163456584087584</yCenter>
      <size>5.0</size>
      <brightness>0.9419510290275319</brightness>
    </gaussSpec>
    <targetEyeWinCoords>
      <x>163.17048841350777</x>
      <y>14.163456584087584</y>
    </targetEyeWinCoords>
    <targetEyeWinSize>5.0</targetEyeWinSize>
    <duration>1980.5099144844444</duration>
    <data>random</data>
  </org.xper.allen.app.blockGenerators.VisualTrial>
  <org.xper.allen.app.blockGenerators.VisualTrial>
    <gaussSpec>
      <xCenter>-99.81872476295109</xCenter>
      <yCenter>100.92437223163554</yCenter>
      <size>5.0</size>
      <brightness>0.3525246266224217</brightness>
    </gaussSpec>
    <targetEyeWinCoords>
      <x>-99.81872476295109</x>
      <y>100.92437223163554</y>
    </targetEyeWinCoords>
    <targetEyeWinSize>5.0</targetEyeWinSize>
    <duration>1163.487544938086</duration>
    <data>random</data>
  </org.xper.allen.app.blockGenerators.VisualTrial>
  <org.xper.allen.app.blockGenerators.VisualTrial>
    <gaussSpec>
      <xCenter>130.95931512026158</xCenter>
      <yCenter>120.39503771187225</yCenter>
      <size>5.0</size>
      <brightness>0.3966642557725669</brightness>
    </gaussSpec>
    <targetEyeWinCoords>
      <x>130.95931512026158</x>
      <y>120.39503771187225</y>
    </targetEyeWinCoords>
    <targetEyeWinSize>5.0</targetEyeWinSize>
    <duration>1638.9121570068685</duration>
    <data>random</data>
  </org.xper.allen.app.blockGenerators.VisualTrial>
  <org.xper.allen.app.blockGenerators.VisualTrial>
    <gaussSpec>
      <xCenter>65.07104183114905</xCenter>
      <yCenter>-10.854204303775361</yCenter>
      <size>5.0</size>
      <brightness>0.1898264478797448</brightness>
    </gaussSpec>
    <targetEyeWinCoords>
      <x>65.07104183114905</x>
      <y>-10.854204303775361</y>
    </targetEyeWinCoords>
    <targetEyeWinSize>5.0</targetEyeWinSize>
    <duration>1311.6878445434477</duration>
    <data>random</data>
  </org.xper.allen.app.blockGenerators.VisualTrial>
  <org.xper.allen.app.blockGenerators.VisualTrial>
    <gaussSpec>
      <xCenter>-90.3680891988982</xCenter>
      <yCenter>141.33382821744527</yCenter>
      <size>5.0</size>
      <brightness>0.532050033549983</brightness>
    </gaussSpec>
    <targetEyeWinCoords>
      <x>-90.3680891988982</x>
      <y>141.33382821744527</y>
    </targetEyeWinCoords>
    <targetEyeWinSize>5.0</targetEyeWinSize>
    <duration>1600.7402474102464</duration>
    <data>random</data>
  </org.xper.allen.app.blockGenerators.VisualTrial>
  <org.xper.allen.app.blockGenerators.VisualTrial>
    <gaussSpec>
      <xCenter>153.11909147355726</xCenter>
      <yCenter>113.44969595909288</yCenter>
      <size>5.0</size>
      <brightness>0.17755049646967924</brightness>
    </gaussSpec>
    <targetEyeWinCoords>
      <x>153.11909147355726</x>
      <y>113.44969595909288</y>
    </targetEyeWinCoords>
    <targetEyeWinSize>5.0</targetEyeWinSize>
    <duration>1123.4446291729425</duration>
    <data>random</data>
  </org.xper.allen.app.blockGenerators.VisualTrial>
  <org.xper.allen.app.blockGenerators.VisualTrial>
    <gaussSpec>
      <xCenter>-55.420760745867</xCenter>
      <yCenter>-146.16219757764046</yCenter>
      <size>5.0</size>
      <brightness>0.4172861274041334</brightness>
    </gaussSpec>
    <targetEyeWinCoords>
      <x>-55.420760745867</x>
      <y>-146.16219757764046</y>
    </targetEyeWinCoords>
    <targetEyeWinSize>5.0</targetEyeWinSize>
    <duration>1448.4861350117847</duration>
    <data>random</data>
  </org.xper.allen.app.blockGenerators.VisualTrial>
  <org.xper.allen.app.blockGenerators.VisualTrial>
    <gaussSpec>
      <xCenter>-194.4741480084522</xCenter>
      <yCenter>-95.71290343126088</yCenter>
      <size>5.0</size>
      <brightness>0.5256158035659305</brightness>
    </gaussSpec>
    <targetEyeWinCoords>
      <x>-194.4741480084522</x>
      <y>-95.71290343126088</y>
    </targetEyeWinCoords>
    <targetEyeWinSize>5.0</targetEyeWinSize>
    <duration>1237.7451885840678</duration>
    <data>random</data>
  </org.xper.allen.app.blockGenerators.VisualTrial>
  <org.xper.allen.app.blockGenerators.VisualTrial>
    <gaussSpec>
      <xCenter>42.63426209397505</xCenter>
      <yCenter>-95.68904802842212</yCenter>
      <size>5.0</size>
      <brightness>0.6179911985665226</brightness>
    </gaussSpec>
    <targetEyeWinCoords>
      <x>42.63426209397505</x>
      <y>-95.68904802842212</y>
    </targetEyeWinCoords>
    <targetEyeWinSize>5.0</targetEyeWinSize>
    <duration>1537.2970600079984</duration>
    <data>random</data>
  </org.xper.allen.app.blockGenerators.VisualTrial>
  <org.xper.allen.app.blockGenerators.VisualTrial>
    <gaussSpec>
      <xCenter>70.69207692990909</xCenter>
      <yCenter>22.179481281473045</yCenter>
      <size>5.0</size>
      <brightness>0.4228707840202336</brightness>
    </gaussSpec>
    <targetEyeWinCoords>
      <x>70.69207692990909</x>
      <y>22.179481281473045</y>
    </targetEyeWinCoords>
    <targetEyeWinSize>5.0</targetEyeWinSize>
    <duration>1598.886145683274</duration>
    <data>random</data>
  </org.xper.allen.app.blockGenerators.VisualTrial>
  <org.xper.allen.app.blockGenerators.VisualTrial>
    <gaussSpec>
      <xCenter>48.5631683339129</xCenter>
      <yCenter>-113.86217455259512</yCenter>
      <size>5.0</size>
      <brightness>0.3504713750256042</brightness>
    </gaussSpec>
    <targetEyeWinCoords>
      <x>48.5631683339129</x>
      <y>-113.86217455259512</y>
    </targetEyeWinCoords>
    <targetEyeWinSize>5.0</targetEyeWinSize>
    <duration>1540.2012471080054</duration>
    <data>random</data>
  </org.xper.allen.app.blockGenerators.VisualTrial>
  <org.xper.allen.app.blockGenerators.VisualTrial>
    <gaussSpec>
      <xCenter>-40.81757636168837</xCenter>
      <yCenter>49.243082348411235</yCenter>
      <size>5.0</size>
      <brightness>0.7273885557544462</brightness>
    </gaussSpec>
    <targetEyeWinCoords>
      <x>-40.81757636168837</x>
      <y>49.243082348411235</y>
    </targetEyeWinCoords>
    <targetEyeWinSize>5.0</targetEyeWinSize>
    <duration>1474.8233866041826</duration>
    <data>random</data>
  </org.xper.allen.app.blockGenerators.VisualTrial>
  <org.xper.allen.app.blockGenerators.VisualTrial>
    <gaussSpec>
      <xCenter>-138.5793239280752</xCenter>
      <yCenter>54.2539899513846</yCenter>
      <size>5.0</size>
      <brightness>0.005568527474363427</brightness>
    </gaussSpec>
    <targetEyeWinCoords>
      <x>-138.5793239280752</x>
      <y>54.2539899513846</y>
    </targetEyeWinCoords>
    <targetEyeWinSize>5.0</targetEyeWinSize>
    <duration>1820.0969541710451</duration>
    <data>random</data>
  </org.xper.allen.app.blockGenerators.VisualTrial>
  <org.xper.allen.app.blockGenerators.VisualTrial>
    <gaussSpec>
      <xCenter>-86.47695086557056</xCenter>
      <yCenter>146.93220803195265</yCenter>
      <size>5.0</size>
      <brightness>0.1312195310647153</brightness>
    </gaussSpec>
    <targetEyeWinCoords>
      <x>-86.47695086557056</x>
      <y>146.93220803195265</y>
    </targetEyeWinCoords>
    <targetEyeWinSize>5.0</targetEyeWinSize>
    <duration>1076.6434359055925</duration>
    <data>random</data>
  </org.xper.allen.app.blockGenerators.VisualTrial>
  <org.xper.allen.app.blockGenerators.VisualTrial>
    <gaussSpec>
      <xCenter>161.7189608522038</xCenter>
      <yCenter>8.404346265274683</yCenter>
      <size>5.0</size>
      <brightness>0.9259495535970457</brightness>
    </gaussSpec>
    <targetEyeWinCoords>
      <x>161.7189608522038</x>
      <y>8.404346265274683</y>
    </targetEyeWinCoords>
    <targetEyeWinSize>5.0</targetEyeWinSize>
    <duration>1162.862642938174</duration>
    <data>random</data>
  </org.xper.allen.app.blockGenerators.VisualTrial>
  <org.xper.allen.app.blockGenerators.VisualTrial>
    <gaussSpec>
      <xCenter>-74.76164880486571</xCenter>
      <yCenter>54.07111053855297</yCenter>
      <size>5.0</size>
      <brightness>0.5355971969737624</brightness>
    </gaussSpec>
    <targetEyeWinCoords>
      <x>-74.76164880486571</x>
      <y>54.07111053855297</y>
    </targetEyeWinCoords>
    <targetEyeWinSize>5.0</targetEyeWinSize>
    <duration>1162.974929808418</duration>
    <data>random</data>
  </org.xper.allen.app.blockGenerators.VisualTrial>
  <org.xper.allen.app.blockGenerators.VisualTrial>
    <gaussSpec>
      <xCenter>45.554221293778</xCenter>
      <yCenter>124.9655721407488</yCenter>
      <size>5.0</size>
      <brightness>0.5537492981234882</brightness>
    </gaussSpec>
    <targetEyeWinCoords>
      <x>45.554221293778</x>
      <y>124.9655721407488</y>
    </targetEyeWinCoords>
    <targetEyeWinSize>5.0</targetEyeWinSize>
    <duration>1669.617464412684</duration>
    <data>random</data>
  </org.xper.allen.app.blockGenerators.VisualTrial>
  <org.xper.allen.app.blockGenerators.VisualTrial>
    <gaussSpec>
      <xCenter>194.17117641558087</xCenter>
      <yCenter>89.86976491473538</yCenter>
      <size>5.0</size>
      <brightness>0.6230777524816228</brightness>
    </gaussSpec>
    <targetEyeWinCoords>
      <x>194.17117641558087</x>
      <y>89.86976491473538</y>
    </targetEyeWinCoords>
    <targetEyeWinSize>5.0</targetEyeWinSize>
    <duration>1149.1992154468578</duration>
    <data>random</data>
  </org.xper.allen.app.blockGenerators.VisualTrial>
  <org.xper.allen.app.blockGenerators.VisualTrial>
    <gaussSpec>
      <xCenter>-93.24184843875254</xCenter>
      <yCenter>143.43118925894328</yCenter>
      <size>5.0</size>
      <brightness>0.18136078168503356</brightness>
    </gaussSpec>
    <targetEyeWinCoords>
      <x>-93.24184843875254</x>
      <y>143.43118925894328</y>
    </targetEyeWinCoords>
    <targetEyeWinSize>5.0</targetEyeWinSize>
    <duration>1181.0632413119586</duration>
    <data>random</data>
  </org.xper.allen.app.blockGenerators.VisualTrial>
  <org.xper.allen.app.blockGenerators.VisualTrial>
    <gaussSpec>
      <xCenter>-63.856250493187446</xCenter>
      <yCenter>9.459838268155295</yCenter>
      <size>5.0</size>
      <brightness>0.4504411348695123</brightness>
    </gaussSpec>
    <targetEyeWinCoords>
      <x>-63.856250493187446</x>
      <y>9.459838268155295</y>
    </targetEyeWinCoords>
    <targetEyeWinSize>5.0</targetEyeWinSize>
    <duration>1514.205120138293</duration>
    <data>random</data>
  </org.xper.allen.app.blockGenerators.VisualTrial>
  <org.xper.allen.app.blockGenerators.VisualTrial>
    <gaussSpec>
      <xCenter>-61.952313424883386</xCenter>
      <yCenter>95.48554428351602</yCenter>
      <size>5.0</size>
      <brightness>0.30692053473918723</brightness>
    </gaussSpec>
    <targetEyeWinCoords>
      <x>-61.952313424883386</x>
      <y>95.48554428351602</y>
    </targetEyeWinCoords>
    <targetEyeWinSize>5.0</targetEyeWinSize>
    <duration>1532.083502822541</duration>
    <data>random</data>
  </org.xper.allen.app.blockGenerators.VisualTrial>
  <org.xper.allen.app.blockGenerators.VisualTrial>
    <gaussSpec>
      <xCenter>138.86829031437907</xCenter>
      <yCenter>-105.75221167398611</yCenter>
      <size>5.0</size>
      <brightness>0.6097660955170222</brightness>
    </gaussSpec>
    <targetEyeWinCoords>
      <x>138.86829031437907</x>
      <y>-105.75221167398611</y>
    </targetEyeWinCoords>
    <targetEyeWinSize>5.0</targetEyeWinSize>
    <duration>1513.5110488084765</duration>
    <data>random</data>
  </org.xper.allen.app.blockGenerators.VisualTrial>
  <org.xper.allen.app.blockGenerators.VisualTrial>
    <gaussSpec>
      <xCenter>24.659533533417914</xCenter>
      <yCenter>9.296002909364546</yCenter>
      <size>5.0</size>
      <brightness>0.8542335010512719</brightness>
    </gaussSpec>
    <targetEyeWinCoords>
      <x>24.659533533417914</x>
      <y>9.296002909364546</y>
    </targetEyeWinCoords>
    <targetEyeWinSize>5.0</targetEyeWinSize>
    <duration>1763.0054166106588</duration>
    <data>random</data>
  </org.xper.allen.app.blockGenerators.VisualTrial>
  <org.xper.allen.app.blockGenerators.VisualTrial>
    <gaussSpec>
      <xCenter>-28.321550520080905</xCenter>
      <yCenter>-2.7462018470695853</yCenter>
      <size>5.0</size>
      <brightness>0.004957752181723896</brightness>
    </gaussSpec>
    <targetEyeWinCoords>
      <x>-28.321550520080905</x>
      <y>-2.7462018470695853</y>
    </targetEyeWinCoords>
    <targetEyeWinSize>5.0</targetEyeWinSize>
    <duration>1086.5012552061062</duration>
    <data>random</data>
  </org.xper.allen.app.blockGenerators.VisualTrial>
  <org.xper.allen.app.blockGenerators.VisualTrial>
    <gaussSpec>
      <xCenter>40.59917635012431</xCenter>
      <yCenter>104.24642667261156</yCenter>
      <size>5.0</size>
      <brightness>0.4383539098423642</brightness>
    </gaussSpec>
    <targetEyeWinCoords>
      <x>40.59917635012431</x>
      <y>104.24642667261156</y>
    </targetEyeWinCoords>
    <targetEyeWinSize>5.0</targetEyeWinSize>
    <duration>1958.2058566228488</duration>
    <data>random</data>
  </org.xper.allen.app.blockGenerators.VisualTrial>
  <org.xper.allen.app.blockGenerators.VisualTrial>
    <gaussSpec>
      <xCenter>-30.45604808667511</xCenter>
      <yCenter>-32.779260211304205</yCenter>
      <size>5.0</size>
      <brightness>0.47659940041643944</brightness>
    </gaussSpec>
    <targetEyeWinCoords>
      <x>-30.45604808667511</x>
      <y>-32.779260211304205</y>
    </targetEyeWinCoords>
    <targetEyeWinSize>5.0</targetEyeWinSize>
    <duration>1895.1061733954866</duration>
    <data>random</data>
  </org.xper.allen.app.blockGenerators.VisualTrial>
  <org.xper.allen.app.blockGenerators.VisualTrial>
    <gaussSpec>
      <xCenter>59.14265326614259</xCenter>
      <yCenter>-146.63453111952165</yCenter>
      <size>5.0</size>
      <brightness>0.16836354019312494</brightness>
    </gaussSpec>
    <targetEyeWinCoords>
      <x>59.14265326614259</x>
      <y>-146.63453111952165</y>
    </targetEyeWinCoords>
    <targetEyeWinSize>5.0</targetEyeWinSize>
    <duration>1347.0761477227752</duration>
    <data>random</data>
  </org.xper.allen.app.blockGenerators.VisualTrial>
  <org.xper.allen.app.blockGenerators.VisualTrial>
    <gaussSpec>
      <xCenter>140.41886062790888</xCenter>
      <yCenter>-1.0312817048925638</yCenter>
      <size>5.0</size>
      <brightness>0.3592631537258262</brightness>
    </gaussSpec>
    <targetEyeWinCoords>
      <x>140.41886062790888</x>
      <y>-1.0312817048925638</y>
    </targetEyeWinCoords>
    <targetEyeWinSize>5.0</targetEyeWinSize>
    <duration>1786.0500220090782</duration>
    <data>random</data>
  </org.xper.allen.app.blockGenerators.VisualTrial>
  <org.xper.allen.app.blockGenerators.VisualTrial>
    <gaussSpec>
      <xCenter>-20.530169572614227</xCenter>
      <yCenter>32.54556890826521</yCenter>
      <size>5.0</size>
      <brightness>0.7191044828871243</brightness>
    </gaussSpec>
    <targetEyeWinCoords>
      <x>-20.530169572614227</x>
      <y>32.54556890826521</y>
    </targetEyeWinCoords>
    <targetEyeWinSize>5.0</targetEyeWinSize>
    <duration>1131.4450194797337</duration>
    <data>random</data>
  </org.xper.allen.app.blockGenerators.VisualTrial>
  <org.xper.allen.app.blockGenerators.VisualTrial>
    <gaussSpec>
      <xCenter>112.06262834438473</xCenter>
      <yCenter>-127.6570392671921</yCenter>
      <size>5.0</size>
      <brightness>0.8067596776718362</brightness>
    </gaussSpec>
    <targetEyeWinCoords>
      <x>112.06262834438473</x>
      <y>-127.6570392671921</y>
    </targetEyeWinCoords>
    <targetEyeWinSize>5.0</targetEyeWinSize>
    <duration>1477.3863195551196</duration>
    <data>random</data>
  </org.xper.allen.app.blockGenerators.VisualTrial>
  <org.xper.allen.app.blockGenerators.VisualTrial>
    <gaussSpec>
      <xCenter>-165.31142105739366</xCenter>
      <yCenter>36.59930480063218</yCenter>
      <size>5.0</size>
      <brightness>0.2101134834596301</brightness>
    </gaussSpec>
    <targetEyeWinCoords>
      <x>-165.31142105739366</x>
      <y>36.59930480063218</y>
    </targetEyeWinCoords>
    <targetEyeWinSize>5.0</targetEyeWinSize>
    <duration>1252.4209346722491</duration>
    <data>random</data>
  </org.xper.allen.app.blockGenerators.VisualTrial>
  <org.xper.allen.app.blockGenerators.VisualTrial>
    <gaussSpec>
      <xCenter>39.939174932334794</xCenter>
      <yCenter>99.10009164914919</yCenter>
      <size>5.0</size>
      <brightness>0.8200580582875434</brightness>
    </gaussSpec>
    <targetEyeWinCoords>
      <x>39.939174932334794</x>
      <y>99.10009164914919</y>
    </targetEyeWinCoords>
    <targetEyeWinSize>5.0</targetEyeWinSize>
    <duration>1770.2445612081287</duration>
    <data>random</data>
  </org.xper.allen.app.blockGenerators.VisualTrial>
  <org.xper.allen.app.blockGenerators.VisualTrial>
    <gaussSpec>
      <xCenter>78.64127023624314</xCenter>
      <yCenter>67.0615003104237</yCenter>
      <size>5.0</size>
      <brightness>0.31428817856146996</brightness>
    </gaussSpec>
    <targetEyeWinCoords>
      <x>78.64127023624314</x>
      <y>67.0615003104237</y>
    </targetEyeWinCoords>
    <targetEyeWinSize>5.0</targetEyeWinSize>
    <duration>1202.3226413860568</duration>
    <data>random</data>
  </org.xper.allen.app.blockGenerators.VisualTrial>
  <org.xper.allen.app.blockGenerators.VisualTrial>
    <gaussSpec>
      <xCenter>-14.310588353473975</xCenter>
      <yCenter>80.61445876413057</yCenter>
      <size>5.0</size>
      <brightness>0.0593258287608559</brightness>
    </gaussSpec>
    <targetEyeWinCoords>
      <x>-14.310588353473975</x>
      <y>80.61445876413057</y>
    </targetEyeWinCoords>
    <targetEyeWinSize>5.0</targetEyeWinSize>
    <duration>1598.2918181762989</duration>
    <data>random</data>
  </org.xper.allen.app.blockGenerators.VisualTrial>
  <org.xper.allen.app.blockGenerators.VisualTrial>
    <gaussSpec>
      <xCenter>-23.915323022030464</xCenter>
      <yCenter>58.21711630529967</yCenter>
      <size>5.0</size>
      <brightness>0.2811913370535044</brightness>
    </gaussSpec>
    <targetEyeWinCoords>
      <x>-23.915323022030464</x>
      <y>58.21711630529967</y>
    </targetEyeWinCoords>
    <targetEyeWinSize>5.0</targetEyeWinSize>
    <duration>1115.4652235435092</duration>
    <data>random</data>
  </org.xper.allen.app.blockGenerators.VisualTrial>
  <org.xper.allen.app.blockGenerators.VisualTrial>
    <gaussSpec>
      <xCenter>-153.33274656865575</xCenter>
      <yCenter>37.732299356754595</yCenter>
      <size>5.0</size>
      <brightness>0.5903806024235311</brightness>
    </gaussSpec>
    <targetEyeWinCoords>
      <x>-153.33274656865575</x>
      <y>37.732299356754595</y>
    </targetEyeWinCoords>
    <targetEyeWinSize>5.0</targetEyeWinSize>
    <duration>1330.4405526371054</duration>
    <data>random</data>
  </org.xper.allen.app.blockGenerators.VisualTrial>
  <org.xper.allen.app.blockGenerators.VisualTrial>
    <gaussSpec>
      <xCenter>155.30649563301682</xCenter>
      <yCenter>34.67336796447057</yCenter>
      <size>5.0</size>
      <brightness>0.4461037018117535</brightness>
    </gaussSpec>
    <targetEyeWinCoords>
      <x>155.30649563301682</x>
      <y>34.67336796447057</y>
    </targetEyeWinCoords>
    <targetEyeWinSize>5.0</targetEyeWinSize>
    <duration>1983.7022413215732</duration>
    <data>random</data>
  </org.xper.allen.app.blockGenerators.VisualTrial>
  <org.xper.allen.app.blockGenerators.VisualTrial>
    <gaussSpec>
      <xCenter>89.33347891832375</xCenter>
      <yCenter>66.10982879326903</yCenter>
      <size>5.0</size>
      <brightness>0.8794164089822755</brightness>
    </gaussSpec>
    <targetEyeWinCoords>
      <x>89.33347891832375</x>
      <y>66.10982879326903</y>
    </targetEyeWinCoords>
    <targetEyeWinSize>5.0</targetEyeWinSize>
    <duration>1210.9751007541415</duration>
    <data>random</data>
  </org.xper.allen.app.blockGenerators.VisualTrial>
  <org.xper.allen.app.blockGenerators.VisualTrial>
    <gaussSpec>
      <xCenter>51.80903857019743</xCenter>
      <yCenter>-145.84914460294576</yCenter>
      <size>5.0</size>
      <brightness>0.6351097547161015</brightness>
    </gaussSpec>
    <targetEyeWinCoords>
      <x>51.80903857019743</x>
      <y>-145.84914460294576</y>
    </targetEyeWinCoords>
    <targetEyeWinSize>5.0</targetEyeWinSize>
    <duration>1200.4291514669135</duration>
    <data>random</data>
  </org.xper.allen.app.blockGenerators.VisualTrial>
  <org.xper.allen.app.blockGenerators.VisualTrial>
    <gaussSpec>
      <xCenter>131.74063274943495</xCenter>
      <yCenter>26.737333918059022</yCenter>
      <size>5.0</size>
      <brightness>0.8241963828277776</brightness>
    </gaussSpec>
    <targetEyeWinCoords>
      <x>131.74063274943495</x>
      <y>26.737333918059022</y>
    </targetEyeWinCoords>
    <targetEyeWinSize>5.0</targetEyeWinSize>
    <duration>1630.3371437257156</duration>
    <data>random</data>
  </org.xper.allen.app.blockGenerators.VisualTrial>
  <org.xper.allen.app.blockGenerators.VisualTrial>
    <gaussSpec>
      <xCenter>181.188221387003</xCenter>
      <yCenter>-78.60303431621765</yCenter>
      <size>5.0</size>
      <brightness>0.9548122526919021</brightness>
    </gaussSpec>
    <targetEyeWinCoords>
      <x>181.188221387003</x>
      <y>-78.60303431621765</y>
    </targetEyeWinCoords>
    <targetEyeWinSize>5.0</targetEyeWinSize>
    <duration>1870.4961501038556</duration>
    <data>random</data>
  </org.xper.allen.app.blockGenerators.VisualTrial>
  <org.xper.allen.app.blockGenerators.VisualTrial>
    <gaussSpec>
      <xCenter>99.93960271644147</xCenter>
      <yCenter>81.70958727627016</yCenter>
      <size>5.0</size>
      <brightness>0.5537546736232135</brightness>
    </gaussSpec>
    <targetEyeWinCoords>
      <x>99.93960271644147</x>
      <y>81.70958727627016</y>
    </targetEyeWinCoords>
    <targetEyeWinSize>5.0</targetEyeWinSize>
    <duration>1283.3347294106645</duration>
    <data>random</data>
  </org.xper.allen.app.blockGenerators.VisualTrial>
  <org.xper.allen.app.blockGenerators.VisualTrial>
    <gaussSpec>
      <xCenter>-81.37303547086464</xCenter>
      <yCenter>143.68140479403138</yCenter>
      <size>5.0</size>
      <brightness>0.42943764430710574</brightness>
    </gaussSpec>
    <targetEyeWinCoords>
      <x>-81.37303547086464</x>
      <y>143.68140479403138</y>
    </targetEyeWinCoords>
    <targetEyeWinSize>5.0</targetEyeWinSize>
    <duration>1778.1138273241918</duration>
    <data>random</data>
  </org.xper.allen.app.blockGenerators.VisualTrial>
  <org.xper.allen.app.blockGenerators.VisualTrial>
    <gaussSpec>
      <xCenter>-11.35423115952699</xCenter>
      <yCenter>-117.22377844153411</yCenter>
      <size>5.0</size>
      <brightness>0.05793087806270447</brightness>
    </gaussSpec>
    <targetEyeWinCoords>
      <x>-11.35423115952699</x>
      <y>-117.22377844153411</y>
    </targetEyeWinCoords>
    <targetEyeWinSize>5.0</targetEyeWinSize>
    <duration>1197.9368477937323</duration>
    <data>random</data>
  </org.xper.allen.app.blockGenerators.VisualTrial>
  <org.xper.allen.app.blockGenerators.VisualTrial>
    <gaussSpec>
      <xCenter>151.49781555187133</xCenter>
      <yCenter>-7.689748107637882</yCenter>
      <size>5.0</size>
      <brightness>0.4753218467612589</brightness>
    </gaussSpec>
    <targetEyeWinCoords>
      <x>151.49781555187133</x>
      <y>-7.689748107637882</y>
    </targetEyeWinCoords>
    <targetEyeWinSize>5.0</targetEyeWinSize>
    <duration>1832.3299650859417</duration>
    <data>random</data>
  </org.xper.allen.app.blockGenerators.VisualTrial>
  <org.xper.allen.app.blockGenerators.VisualTrial>
    <gaussSpec>
      <xCenter>122.78305528813792</xCenter>
      <yCenter>-6.8410506713984205</yCenter>
      <size>5.0</size>
      <brightness>0.8734348203105731</brightness>
    </gaussSpec>
    <targetEyeWinCoords>
      <x>122.78305528813792</x>
      <y>-6.8410506713984205</y>
    </targetEyeWinCoords>
    <targetEyeWinSize>5.0</targetEyeWinSize>
    <duration>1992.2098889966546</duration>
    <data>random</data>
  </org.xper.allen.app.blockGenerators.VisualTrial>
  <org.xper.allen.app.blockGenerators.VisualTrial>
    <gaussSpec>
      <xCenter>196.32366631216854</xCenter>
      <yCenter>62.68185731139715</yCenter>
      <size>5.0</size>
      <brightness>0.9711487911437829</brightness>
    </gaussSpec>
    <targetEyeWinCoords>
      <x>196.32366631216854</x>
      <y>62.68185731139715</y>
    </targetEyeWinCoords>
    <targetEyeWinSize>5.0</targetEyeWinSize>
    <duration>1907.1883891387145</duration>
    <data>random</data>
  </org.xper.allen.app.blockGenerators.VisualTrial>
  <org.xper.allen.app.blockGenerators.VisualTrial>
    <gaussSpec>
      <xCenter>-29.746369444404365</xCenter>
      <yCenter>40.49209361094381</yCenter>
      <size>5.0</size>
      <brightness>0.41029287174187334</brightness>
    </gaussSpec>
    <targetEyeWinCoords>
      <x>-29.746369444404365</x>
      <y>40.49209361094381</y>
    </targetEyeWinCoords>
    <targetEyeWinSize>5.0</targetEyeWinSize>
    <duration>1629.0488926552816</duration>
    <data>random</data>
  </org.xper.allen.app.blockGenerators.VisualTrial>
  <org.xper.allen.app.blockGenerators.VisualTrial>
    <gaussSpec>
      <xCenter>38.24709521031269</xCenter>
      <yCenter>138.21619730159705</yCenter>
      <size>5.0</size>
      <brightness>0.6205578188712333</brightness>
    </gaussSpec>
    <targetEyeWinCoords>
      <x>38.24709521031269</x>
      <y>138.21619730159705</y>
    </targetEyeWinCoords>
    <targetEyeWinSize>5.0</targetEyeWinSize>
    <duration>1568.4874771835248</duration>
    <data>random</data>
  </org.xper.allen.app.blockGenerators.VisualTrial>
  <org.xper.allen.app.blockGenerators.VisualTrial>
    <gaussSpec>
      <xCenter>22.204494349274</xCenter>
      <yCenter>-112.20278292926668</yCenter>
      <size>5.0</size>
      <brightness>0.7061208351086373</brightness>
    </gaussSpec>
    <targetEyeWinCoords>
      <x>22.204494349274</x>
      <y>-112.20278292926668</y>
    </targetEyeWinCoords>
    <targetEyeWinSize>5.0</targetEyeWinSize>
    <duration>1156.9367768740885</duration>
    <data>random</data>
  </org.xper.allen.app.blockGenerators.VisualTrial>
  <org.xper.allen.app.blockGenerators.VisualTrial>
    <gaussSpec>
      <xCenter>67.3880313328666</xCenter>
      <yCenter>86.21379467820975</yCenter>
      <size>5.0</size>
      <brightness>0.04796748292928377</brightness>
    </gaussSpec>
    <targetEyeWinCoords>
      <x>67.3880313328666</x>
      <y>86.21379467820975</y>
    </targetEyeWinCoords>
    <targetEyeWinSize>5.0</targetEyeWinSize>
    <duration>1067.1788327791594</duration>
    <data>random</data>
  </org.xper.allen.app.blockGenerators.VisualTrial>
  <org.xper.allen.app.blockGenerators.VisualTrial>
    <gaussSpec>
      <xCenter>-122.56619384967436</xCenter>
      <yCenter>61.5696903768451</yCenter>
      <size>5.0</size>
      <brightness>0.6070762270693295</brightness>
    </gaussSpec>
    <targetEyeWinCoords>
      <x>-122.56619384967436</x>
      <y>61.5696903768451</y>
    </targetEyeWinCoords>
    <targetEyeWinSize>5.0</targetEyeWinSize>
    <duration>1911.5490949552275</duration>
    <data>random</data>
  </org.xper.allen.app.blockGenerators.VisualTrial>
  <org.xper.allen.app.blockGenerators.VisualTrial>
    <gaussSpec>
      <xCenter>126.36787874056495</xCenter>
      <yCenter>4.465065254523239</yCenter>
      <size>5.0</size>
      <brightness>0.40046040833164087</brightness>
    </gaussSpec>
    <targetEyeWinCoords>
      <x>126.36787874056495</x>
      <y>4.465065254523239</y>
    </targetEyeWinCoords>
    <targetEyeWinSize>5.0</targetEyeWinSize>
    <duration>1214.0937895525196</duration>
    <data>random</data>
  </org.xper.allen.app.blockGenerators.VisualTrial>
  <org.xper.allen.app.blockGenerators.VisualTrial>
    <gaussSpec>
      <xCenter>-150.3889450306632</xCenter>
      <yCenter>-117.83597623127464</yCenter>
      <size>5.0</size>
      <brightness>0.18890450608273524</brightness>
    </gaussSpec>
    <targetEyeWinCoords>
      <x>-150.3889450306632</x>
      <y>-117.83597623127464</y>
    </targetEyeWinCoords>
    <targetEyeWinSize>5.0</targetEyeWinSize>
    <duration>1182.8220824427237</duration>
    <data>random</data>
  </org.xper.allen.app.blockGenerators.VisualTrial>
  <org.xper.allen.app.blockGenerators.VisualTrial>
    <gaussSpec>
      <xCenter>5.273373590108974</xCenter>
      <yCenter>-62.795097850361984</yCenter>
      <size>5.0</size>
      <brightness>0.9263404188537329</brightness>
    </gaussSpec>
    <targetEyeWinCoords>
      <x>5.273373590108974</x>
      <y>-62.795097850361984</y>
    </targetEyeWinCoords>
    <targetEyeWinSize>5.0</targetEyeWinSize>
    <duration>1201.5752499370876</duration>
    <data>random</data>
  </org.xper.allen.app.blockGenerators.VisualTrial>
  <org.xper.allen.app.blockGenerators.VisualTrial>
    <gaussSpec>
      <xCenter>-3.2547918572512344</xCenter>
      <yCenter>-50.82800272531196</yCenter>
      <size>5.0</size>
      <brightness>0.378555793712681</brightness>
    </gaussSpec>
    <targetEyeWinCoords>
      <x>-3.2547918572512344</x>
      <y>-50.82800272531196</y>
    </targetEyeWinCoords>
    <targetEyeWinSize>5.0</targetEyeWinSize>
    <duration>1940.5243141904564</duration>
    <data>random</data>
  </org.xper.allen.app.blockGenerators.VisualTrial>
  <org.xper.allen.app.blockGenerators.VisualTrial>
    <gaussSpec>
      <xCenter>167.06484375855314</xCenter>
      <yCenter>-97.63805409896051</yCenter>
      <size>5.0</size>
      <brightness>0.44763161393626716</brightness>
    </gaussSpec>
    <targetEyeWinCoords>
      <x>167.06484375855314</x>
      <y>-97.63805409896051</y>
    </targetEyeWinCoords>
    <targetEyeWinSize>5.0</targetEyeWinSize>
    <duration>1571.9634221070908</duration>
    <data>random</data>
  </org.xper.allen.app.blockGenerators.VisualTrial>
  <org.xper.allen.app.blockGenerators.VisualTrial>
    <gaussSpec>
      <xCenter>-170.01784818567037</xCenter>
      <yCenter>-146.0767931794664</yCenter>
      <size>5.0</size>
      <brightness>0.7440455526843136</brightness>
    </gaussSpec>
    <targetEyeWinCoords>
      <x>-170.01784818567037</x>
      <y>-146.0767931794664</y>
    </targetEyeWinCoords>
    <targetEyeWinSize>5.0</targetEyeWinSize>
    <duration>1614.8104821295206</duration>
    <data>random</data>
  </org.xper.allen.app.blockGenerators.VisualTrial>
  <org.xper.allen.app.blockGenerators.VisualTrial>
    <gaussSpec>
      <xCenter>0.6245132572281875</xCenter>
      <yCenter>24.10619241636755</yCenter>
      <size>5.0</size>
      <brightness>0.07389150026534597</brightness>
    </gaussSpec>
    <targetEyeWinCoords>
      <x>0.6245132572281875</x>
      <y>24.10619241636755</y>
    </targetEyeWinCoords>
    <targetEyeWinSize>5.0</targetEyeWinSize>
    <duration>1108.8822066282655</duration>
    <data>random</data>
  </org.xper.allen.app.blockGenerators.VisualTrial>
  <org.xper.allen.app.blockGenerators.VisualTrial>
    <gaussSpec>
      <xCenter>72.24554808258574</xCenter>
      <yCenter>-142.20193161517878</yCenter>
      <size>5.0</size>
      <brightness>0.8126529190447725</brightness>
    </gaussSpec>
    <targetEyeWinCoords>
      <x>72.24554808258574</x>
      <y>-142.20193161517878</y>
    </targetEyeWinCoords>
    <targetEyeWinSize>5.0</targetEyeWinSize>
    <duration>1500.2222103211489</duration>
    <data>random</data>
  </org.xper.allen.app.blockGenerators.VisualTrial>
  <org.xper.allen.app.blockGenerators.VisualTrial>
    <gaussSpec>
      <xCenter>7.821593323438975</xCenter>
      <yCenter>-66.2803684305714</yCenter>
      <size>5.0</size>
      <brightness>0.20719696913148733</brightness>
    </gaussSpec>
    <targetEyeWinCoords>
      <x>7.821593323438975</x>
      <y>-66.2803684305714</y>
    </targetEyeWinCoords>
    <targetEyeWinSize>5.0</targetEyeWinSize>
    <duration>1445.613643268253</duration>
    <data>random</data>
  </org.xper.allen.app.blockGenerators.VisualTrial>
  <org.xper.allen.app.blockGenerators.VisualTrial>
    <gaussSpec>
      <xCenter>192.75426516092563</xCenter>
      <yCenter>23.420542724487774</yCenter>
      <size>5.0</size>
      <brightness>0.05256552372318457</brightness>
    </gaussSpec>
    <targetEyeWinCoords>
      <x>192.75426516092563</x>
      <y>23.420542724487774</y>
    </targetEyeWinCoords>
    <targetEyeWinSize>5.0</targetEyeWinSize>
    <duration>1423.0030361233762</duration>
    <data>random</data>
  </org.xper.allen.app.blockGenerators.VisualTrial>
  <org.xper.allen.app.blockGenerators.VisualTrial>
    <gaussSpec>
      <xCenter>-113.59533705568926</xCenter>
      <yCenter>-106.49223783593801</yCenter>
      <size>5.0</size>
      <brightness>0.29990997551206444</brightness>
    </gaussSpec>
    <targetEyeWinCoords>
      <x>-113.59533705568926</x>
      <y>-106.49223783593801</y>
    </targetEyeWinCoords>
    <targetEyeWinSize>5.0</targetEyeWinSize>
    <duration>1125.7581061683873</duration>
    <data>random</data>
  </org.xper.allen.app.blockGenerators.VisualTrial>
  <org.xper.allen.app.blockGenerators.VisualTrial>
    <gaussSpec>
      <xCenter>-149.73618031375452</xCenter>
      <yCenter>-45.551712770727235</yCenter>
      <size>5.0</size>
      <brightness>0.02793511266768156</brightness>
    </gaussSpec>
    <targetEyeWinCoords>
      <x>-149.73618031375452</x>
      <y>-45.551712770727235</y>
    </targetEyeWinCoords>
    <targetEyeWinSize>5.0</targetEyeWinSize>
    <duration>1732.73045209316</duration>
    <data>random</data>
  </org.xper.allen.app.blockGenerators.VisualTrial>
  <org.xper.allen.app.blockGenerators.VisualTrial>
    <gaussSpec>
      <xCenter>-142.64905459928264</xCenter>
      <yCenter>-141.87406656939402</yCenter>
      <size>5.0</size>
      <brightness>0.9528206683663933</brightness>
    </gaussSpec>
    <targetEyeWinCoords>
      <x>-142.64905459928264</x>
      <y>-141.87406656939402</y>
    </targetEyeWinCoords>
    <targetEyeWinSize>5.0</targetEyeWinSize>
    <duration>1522.3063773892923</duration>
    <data>random</data>
  </org.xper.allen.app.blockGenerators.VisualTrial>
  <org.xper.allen.app.blockGenerators.VisualTrial>
    <gaussSpec>
      <xCenter>185.31384061861365</xCenter>
      <yCenter>-0.05556498862591752</yCenter>
      <size>5.0</size>
      <brightness>0.7307295401100442</brightness>
    </gaussSpec>
    <targetEyeWinCoords>
      <x>185.31384061861365</x>
      <y>-0.05556498862591752</y>
    </targetEyeWinCoords>
    <targetEyeWinSize>5.0</targetEyeWinSize>
    <duration>1426.0062382063634</duration>
    <data>random</data>
  </org.xper.allen.app.blockGenerators.VisualTrial>
  <org.xper.allen.app.blockGenerators.VisualTrial>
    <gaussSpec>
      <xCenter>-50.12839249104448</xCenter>
      <yCenter>-32.96523914450307</yCenter>
      <size>5.0</size>
      <brightness>0.7824551003298436</brightness>
    </gaussSpec>
    <targetEyeWinCoords>
      <x>-50.12839249104448</x>
      <y>-32.96523914450307</y>
    </targetEyeWinCoords>
    <targetEyeWinSize>5.0</targetEyeWinSize>
    <duration>1788.7309875127225</duration>
    <data>random</data>
  </org.xper.allen.app.blockGenerators.VisualTrial>
  <org.xper.allen.app.blockGenerators.VisualTrial>
    <gaussSpec>
      <xCenter>90.65353024038768</xCenter>
      <yCenter>-87.90687540738615</yCenter>
      <size>5.0</size>
      <brightness>0.9843413706778452</brightness>
    </gaussSpec>
    <targetEyeWinCoords>
      <x>90.65353024038768</x>
      <y>-87.90687540738615</y>
    </targetEyeWinCoords>
    <targetEyeWinSize>5.0</targetEyeWinSize>
    <duration>1677.112972211303</duration>
    <data>random</data>
  </org.xper.allen.app.blockGenerators.VisualTrial>
  <org.xper.allen.app.blockGenerators.VisualTrial>
    <gaussSpec>
      <xCenter>152.8874649745082</xCenter>
      <yCenter>127.51487460570024</yCenter>
      <size>5.0</size>
      <brightness>0.5640032027858902</brightness>
    </gaussSpec>
    <targetEyeWinCoords>
      <x>152.8874649745082</x>
      <y>127.51487460570024</y>
    </targetEyeWinCoords>
    <targetEyeWinSize>5.0</targetEyeWinSize>
    <duration>1712.1166882728116</duration>
    <data>random</data>
  </org.xper.allen.app.blockGenerators.VisualTrial>
  <org.xper.allen.app.blockGenerators.VisualTrial>
    <gaussSpec>
      <xCenter>-196.67225645610296</xCenter>
      <yCenter>-68.68539601742206</yCenter>
      <size>5.0</size>
      <brightness>0.22923621233856895</brightness>
    </gaussSpec>
    <targetEyeWinCoords>
      <x>-196.67225645610296</x>
      <y>-68.68539601742206</y>
    </targetEyeWinCoords>
    <targetEyeWinSize>5.0</targetEyeWinSize>
    <duration>1467.3978765097308</duration>
    <data>random</data>
  </org.xper.allen.app.blockGenerators.VisualTrial>
  <org.xper.allen.app.blockGenerators.VisualTrial>
    <gaussSpec>
      <xCenter>-95.26403090011283</xCenter>
      <yCenter>-24.326977804028715</yCenter>
      <size>5.0</size>
      <brightness>0.4398523969242154</brightness>
    </gaussSpec>
    <targetEyeWinCoords>
      <x>-95.26403090011283</x>
      <y>-24.326977804028715</y>
    </targetEyeWinCoords>
    <targetEyeWinSize>5.0</targetEyeWinSize>
    <duration>1357.3047295651945</duration>
    <data>random</data>
  </org.xper.allen.app.blockGenerators.VisualTrial>
  <org.xper.allen.app.blockGenerators.VisualTrial>
    <gaussSpec>
      <xCenter>-195.22611866716284</xCenter>
      <yCenter>-100.03473114538335</yCenter>
      <size>5.0</size>
      <brightness>0.8511793434981896</brightness>
    </gaussSpec>
    <targetEyeWinCoords>
      <x>-195.22611866716284</x>
      <y>-100.03473114538335</y>
    </targetEyeWinCoords>
    <targetEyeWinSize>5.0</targetEyeWinSize>
    <duration>1683.3553453160162</duration>
    <data>random</data>
  </org.xper.allen.app.blockGenerators.VisualTrial>
  <org.xper.allen.app.blockGenerators.VisualTrial>
    <gaussSpec>
      <xCenter>66.9714104309071</xCenter>
      <yCenter>58.64362024922161</yCenter>
      <size>5.0</size>
      <brightness>0.20667208592963715</brightness>
    </gaussSpec>
    <targetEyeWinCoords>
      <x>66.9714104309071</x>
      <y>58.64362024922161</y>
    </targetEyeWinCoords>
    <targetEyeWinSize>5.0</targetEyeWinSize>
    <duration>1225.8778398252848</duration>
    <data>random</data>
  </org.xper.allen.app.blockGenerators.VisualTrial>
  <org.xper.allen.app.blockGenerators.VisualTrial>
    <gaussSpec>
      <xCenter>10.164128281446125</xCenter>
      <yCenter>119.38537753479079</yCenter>
      <size>5.0</size>
      <brightness>0.8743871534209453</brightness>
    </gaussSpec>
    <targetEyeWinCoords>
      <x>10.164128281446125</x>
      <y>119.38537753479079</y>
    </targetEyeWinCoords>
    <targetEyeWinSize>5.0</targetEyeWinSize>
    <duration>1192.6102253400377</duration>
    <data>random</data>
  </org.xper.allen.app.blockGenerators.VisualTrial>
  <org.xper.allen.app.blockGenerators.VisualTrial>
    <gaussSpec>
      <xCenter>132.76885896717687</xCenter>
      <yCenter>75.8417436625185</yCenter>
      <size>5.0</size>
      <brightness>0.5038157220594883</brightness>
    </gaussSpec>
    <targetEyeWinCoords>
      <x>132.76885896717687</x>
      <y>75.8417436625185</y>
    </targetEyeWinCoords>
    <targetEyeWinSize>5.0</targetEyeWinSize>
    <duration>1691.6785339367982</duration>
    <data>random</data>
  </org.xper.allen.app.blockGenerators.VisualTrial>
  <org.xper.allen.app.blockGenerators.VisualTrial>
    <gaussSpec>
      <xCenter>-170.06554785260565</xCenter>
      <yCenter>122.78898686322651</yCenter>
      <size>5.0</size>
      <brightness>0.66790029017803</brightness>
    </gaussSpec>
    <targetEyeWinCoords>
      <x>-170.06554785260565</x>
      <y>122.78898686322651</y>
    </targetEyeWinCoords>
    <targetEyeWinSize>5.0</targetEyeWinSize>
    <duration>1764.7402019805595</duration>
    <data>random</data>
  </org.xper.allen.app.blockGenerators.VisualTrial>
  <org.xper.allen.app.blockGenerators.VisualTrial>
    <gaussSpec>
      <xCenter>167.5024458953282</xCenter>
      <yCenter>-23.599838307488824</yCenter>
      <size>5.0</size>
      <brightness>0.4788844904136357</brightness>
    </gaussSpec>
    <targetEyeWinCoords>
      <x>167.5024458953282</x>
      <y>-23.599838307488824</y>
    </targetEyeWinCoords>
    <targetEyeWinSize>5.0</targetEyeWinSize>
    <duration>1899.7019524315438</duration>
    <data>random</data>
  </org.xper.allen.app.blockGenerators.VisualTrial>
  <org.xper.allen.app.blockGenerators.VisualTrial>
    <gaussSpec>
      <xCenter>148.53841589545254</xCenter>
      <yCenter>-98.97599474794141</yCenter>
      <size>5.0</size>
      <brightness>0.6869289795967621</brightness>
    </gaussSpec>
    <targetEyeWinCoords>
      <x>148.53841589545254</x>
      <y>-98.97599474794141</y>
    </targetEyeWinCoords>
    <targetEyeWinSize>5.0</targetEyeWinSize>
    <duration>1525.283378067676</duration>
    <data>random</data>
  </org.xper.allen.app.blockGenerators.VisualTrial>
  <org.xper.allen.app.blockGenerators.VisualTrial>
    <gaussSpec>
      <xCenter>102.57826780902747</xCenter>
      <yCenter>69.81224980572284</yCenter>
      <size>5.0</size>
      <brightness>0.6626074641992805</brightness>
    </gaussSpec>
    <targetEyeWinCoords>
      <x>102.57826780902747</x>
      <y>69.81224980572284</y>
    </targetEyeWinCoords>
    <targetEyeWinSize>5.0</targetEyeWinSize>
    <duration>1760.5781151933606</duration>
    <data>random</data>
  </org.xper.allen.app.blockGenerators.VisualTrial>
  <org.xper.allen.app.blockGenerators.VisualTrial>
    <gaussSpec>
      <xCenter>-80.28612639440502</xCenter>
      <yCenter>94.19924674424331</yCenter>
      <size>5.0</size>
      <brightness>0.04229478797944797</brightness>
    </gaussSpec>
    <targetEyeWinCoords>
      <x>-80.28612639440502</x>
      <y>94.19924674424331</y>
    </targetEyeWinCoords>
    <targetEyeWinSize>5.0</targetEyeWinSize>
    <duration>1855.2372110071456</duration>
    <data>random</data>
  </org.xper.allen.app.blockGenerators.VisualTrial>
  <org.xper.allen.app.blockGenerators.VisualTrial>
    <gaussSpec>
      <xCenter>-80.60355902360722</xCenter>
      <yCenter>83.1386168807885</yCenter>
      <size>5.0</size>
      <brightness>0.41824920206649896</brightness>
    </gaussSpec>
    <targetEyeWinCoords>
      <x>-80.60355902360722</x>
      <y>83.1386168807885</y>
    </targetEyeWinCoords>
    <targetEyeWinSize>5.0</targetEyeWinSize>
    <duration>1860.3524301727211</duration>
    <data>random</data>
  </org.xper.allen.app.blockGenerators.VisualTrial>
  <org.xper.allen.app.blockGenerators.VisualTrial>
    <gaussSpec>
      <xCenter>-129.5398613093867</xCenter>
      <yCenter>23.065968040803625</yCenter>
      <size>5.0</size>
      <brightness>0.47163452607044953</brightness>
    </gaussSpec>
    <targetEyeWinCoords>
      <x>-129.5398613093867</x>
      <y>23.065968040803625</y>
    </targetEyeWinCoords>
    <targetEyeWinSize>5.0</targetEyeWinSize>
    <duration>1170.3821656029227</duration>
    <data>random</data>
  </org.xper.allen.app.blockGenerators.VisualTrial>
  <org.xper.allen.app.blockGenerators.VisualTrial>
    <gaussSpec>
      <xCenter>85.31660945577732</xCenter>
      <yCenter>-79.16572673667602</yCenter>
      <size>5.0</size>
      <brightness>0.21442727501650583</brightness>
    </gaussSpec>
    <targetEyeWinCoords>
      <x>85.31660945577732</x>
      <y>-79.16572673667602</y>
    </targetEyeWinCoords>
    <targetEyeWinSize>5.0</targetEyeWinSize>
    <duration>1734.7696050170634</duration>
    <data>random</data>
  </org.xper.allen.app.blockGenerators.VisualTrial>
  <org.xper.allen.app.blockGenerators.VisualTrial>
    <gaussSpec>
      <xCenter>-45.240294278282875</xCenter>
      <yCenter>49.634713283464265</yCenter>
      <size>5.0</size>
      <brightness>0.3445352825444361</brightness>
    </gaussSpec>
    <targetEyeWinCoords>
      <x>-45.240294278282875</x>
      <y>49.634713283464265</y>
    </targetEyeWinCoords>
    <targetEyeWinSize>5.0</targetEyeWinSize>
    <duration>1075.819890725546</duration>
    <data>random</data>
  </org.xper.allen.app.blockGenerators.VisualTrial>
  <org.xper.allen.app.blockGenerators.VisualTrial>
    <gaussSpec>
      <xCenter>-36.59508249301683</xCenter>
      <yCenter>-108.23406870094846</yCenter>
      <size>5.0</size>
      <brightness>0.7267203687418684</brightness>
    </gaussSpec>
    <targetEyeWinCoords>
      <x>-36.59508249301683</x>
      <y>-108.23406870094846</y>
    </targetEyeWinCoords>
    <targetEyeWinSize>5.0</targetEyeWinSize>
    <duration>1482.5547850980397</duration>
    <data>random</data>
  </org.xper.allen.app.blockGenerators.VisualTrial>
  <org.xper.allen.app.blockGenerators.VisualTrial>
    <gaussSpec>
      <xCenter>76.55873754150497</xCenter>
      <yCenter>145.40486527445057</yCenter>
      <size>5.0</size>
      <brightness>0.4981148629470795</brightness>
    </gaussSpec>
    <targetEyeWinCoords>
      <x>76.55873754150497</x>
      <y>145.40486527445057</y>
    </targetEyeWinCoords>
    <targetEyeWinSize>5.0</targetEyeWinSize>
    <duration>1931.8370774241462</duration>
    <data>random</data>
  </org.xper.allen.app.blockGenerators.VisualTrial>
  <org.xper.allen.app.blockGenerators.VisualTrial>
    <gaussSpec>
      <xCenter>-101.08440900997518</xCenter>
      <yCenter>-114.67652576970477</yCenter>
      <size>5.0</size>
      <brightness>0.12415301093911302</brightness>
    </gaussSpec>
    <targetEyeWinCoords>
      <x>-101.08440900997518</x>
      <y>-114.67652576970477</y>
    </targetEyeWinCoords>
    <targetEyeWinSize>5.0</targetEyeWinSize>
    <duration>1038.2096821589544</duration>
    <data>random</data>
  </org.xper.allen.app.blockGenerators.VisualTrial>
  <org.xper.allen.app.blockGenerators.VisualTrial>
    <gaussSpec>
      <xCenter>-141.27268342808853</xCenter>
      <yCenter>96.64997821088818</yCenter>
      <size>5.0</size>
      <brightness>0.48908670895898154</brightness>
    </gaussSpec>
    <targetEyeWinCoords>
      <x>-141.27268342808853</x>
      <y>96.64997821088818</y>
    </targetEyeWinCoords>
    <targetEyeWinSize>5.0</targetEyeWinSize>
    <duration>1351.5587614898427</duration>
    <data>random</data>
  </org.xper.allen.app.blockGenerators.VisualTrial>
</list>