<?xml version="1.0" encoding="UTF-8" standalone="no"?><list>
  <VisualTrial>
    <gaussSpec>
      <xCenter>-11.153734208652372</xCenter>
      <yCenter>2.5429813136626027</yCenter>
      <size>0.7851828979214466</size>
      <brightness>0.08408734581863253</brightness>
    </gaussSpec>
    <targetEyeWinCoords>
      <x>-11.153734208652372</x>
      <y>2.5429813136626027</y>
    </targetEyeWinCoords>
    <targetEyeWinSize>1.5703657958428932</targetEyeWinSize>
    <duration>1534.04882877699</duration>
    <data>random</data>
  </VisualTrial>
  <VisualTrial>
    <gaussSpec>
      <xCenter>5.182229550400585</xCenter>
      <yCenter>9.858659563137781</yCenter>
      <size>0.8830577261961987</size>
      <brightness>0.0674661478996521</brightness>
    </gaussSpec>
    <targetEyeWinCoords>
      <x>5.182229550400585</x>
      <y>9.858659563137781</y>
    </targetEyeWinCoords>
    <targetEyeWinSize>1.7661154523923974</targetEyeWinSize>
    <duration>1094.808748975267</duration>
    <data>random</data>
  </VisualTrial>
  <VisualTrial>
    <gaussSpec>
      <xCenter>10.662500437763718</xCenter>
      <yCenter>0.19035025986576493</yCenter>
      <size>0.8871738356676855</size>
      <brightness>0.7040426054346222</brightness>
    </gaussSpec>
    <targetEyeWinCoords>
      <x>10.662500437763718</x>
      <y>0.19035025986576493</y>
    </targetEyeWinCoords>
    <targetEyeWinSize>1.774347671335371</targetEyeWinSize>
    <duration>1977.6099388540945</duration>
    <data>random</data>
  </VisualTrial>
  <VisualTrial>
    <gaussSpec>
      <xCenter>10.186721020435275</xCenter>
      <yCenter>7.36081193772508</yCenter>
      <size>0.804330002351536</size>
      <brightness>0.15901355128026207</brightness>
    </gaussSpec>
    <targetEyeWinCoords>
      <x>10.186721020435275</x>
      <y>7.36081193772508</y>
    </targetEyeWinCoords>
    <targetEyeWinSize>1.608660004703072</targetEyeWinSize>
    <duration>1968.7369842015082</duration>
    <data>random</data>
  </VisualTrial>
  <VisualTrial>
    <gaussSpec>
      <xCenter>18.229908206425318</xCenter>
      <yCenter>-13.375038134170032</yCenter>
      <size>0.6572463130146566</size>
      <brightness>0.4843942120165423</brightness>
    </gaussSpec>
    <targetEyeWinCoords>
      <x>18.229908206425318</x>
      <y>-13.375038134170032</y>
    </targetEyeWinCoords>
    <targetEyeWinSize>1.3144926260293133</targetEyeWinSize>
    <duration>1982.3778883481575</duration>
    <data>random</data>
  </VisualTrial>
  <VisualTrial>
    <gaussSpec>
      <xCenter>-12.5491210790452</xCenter>
      <yCenter>1.9361660834167616</yCenter>
      <size>0.617501561677698</size>
      <brightness>0.5479789145901518</brightness>
    </gaussSpec>
    <targetEyeWinCoords>
      <x>-12.5491210790452</x>
      <y>1.9361660834167616</y>
    </targetEyeWinCoords>
    <targetEyeWinSize>1.235003123355396</targetEyeWinSize>
    <duration>1381.7652214425543</duration>
    <data>random</data>
  </VisualTrial>
  <VisualTrial>
    <gaussSpec>
      <xCenter>-19.95276450416637</xCenter>
      <yCenter>2.3043552428299865</yCenter>
      <size>0.8261412642982313</size>
      <brightness>0.9298146539312843</brightness>
    </gaussSpec>
    <targetEyeWinCoords>
      <x>-19.95276450416637</x>
      <y>2.3043552428299865</y>
    </targetEyeWinCoords>
    <targetEyeWinSize>1.6522825285964626</targetEyeWinSize>
    <duration>1153.426627020199</duration>
    <data>random</data>
  </VisualTrial>
  <VisualTrial>
    <gaussSpec>
      <xCenter>10.602625156464754</xCenter>
      <yCenter>7.463622303351599</yCenter>
      <size>0.9461829434153728</size>
      <brightness>0.8576744380302145</brightness>
    </gaussSpec>
    <targetEyeWinCoords>
      <x>10.602625156464754</x>
      <y>7.463622303351599</y>
    </targetEyeWinCoords>
    <targetEyeWinSize>1.8923658868307456</targetEyeWinSize>
    <duration>1022.2971688726238</duration>
    <data>random</data>
  </VisualTrial>
  <VisualTrial>
    <gaussSpec>
      <xCenter>-13.06217013748484</xCenter>
      <yCenter>-11.823878076773102</yCenter>
      <size>0.952206566159142</size>
      <brightness>0.7163904369844366</brightness>
    </gaussSpec>
    <targetEyeWinCoords>
      <x>-13.06217013748484</x>
      <y>-11.823878076773102</y>
    </targetEyeWinCoords>
    <targetEyeWinSize>1.904413132318284</targetEyeWinSize>
    <duration>1753.9067347030104</duration>
    <data>random</data>
  </VisualTrial>
  <VisualTrial>
    <gaussSpec>
      <xCenter>16.194151892247934</xCenter>
      <yCenter>-8.942706555408714</yCenter>
      <size>0.9744598391642021</size>
      <brightness>0.04085086181833486</brightness>
    </gaussSpec>
    <targetEyeWinCoords>
      <x>16.194151892247934</x>
      <y>-8.942706555408714</y>
    </targetEyeWinCoords>
    <targetEyeWinSize>1.9489196783284042</targetEyeWinSize>
    <duration>1048.800060447433</duration>
    <data>random</data>
  </VisualTrial>
  <VisualTrial>
    <gaussSpec>
      <xCenter>7.491619524216208</xCenter>
      <yCenter>-10.781070475139323</yCenter>
      <size>0.872619247210834</size>
      <brightness>0.5975509241238289</brightness>
    </gaussSpec>
    <targetEyeWinCoords>
      <x>7.491619524216208</x>
      <y>-10.781070475139323</y>
    </targetEyeWinCoords>
    <targetEyeWinSize>1.745238494421668</targetEyeWinSize>
    <duration>1600.9643968042847</duration>
    <data>random</data>
  </VisualTrial>
  <VisualTrial>
    <gaussSpec>
      <xCenter>16.34239362450808</xCenter>
      <yCenter>4.75600158500583</yCenter>
      <size>0.7807053324093078</size>
      <brightness>0.5174001410938622</brightness>
    </gaussSpec>
    <targetEyeWinCoords>
      <x>16.34239362450808</x>
      <y>4.75600158500583</y>
    </targetEyeWinCoords>
    <targetEyeWinSize>1.5614106648186157</targetEyeWinSize>
    <duration>1128.884058413468</duration>
    <data>random</data>
  </VisualTrial>
  <VisualTrial>
    <gaussSpec>
      <xCenter>7.0686780144914145</xCenter>
      <yCenter>-8.191507762349865</yCenter>
      <size>0.9789533256398434</size>
      <brightness>0.7322846351891269</brightness>
    </gaussSpec>
    <targetEyeWinCoords>
      <x>7.0686780144914145</x>
      <y>-8.191507762349865</y>
    </targetEyeWinCoords>
    <targetEyeWinSize>1.9579066512796868</targetEyeWinSize>
    <duration>1357.1922366468198</duration>
    <data>random</data>
  </VisualTrial>
  <VisualTrial>
    <gaussSpec>
      <xCenter>14.893098788507988</xCenter>
      <yCenter>-13.375317934067418</yCenter>
      <size>0.5183063897393684</size>
      <brightness>0.08386804298968897</brightness>
    </gaussSpec>
    <targetEyeWinCoords>
      <x>14.893098788507988</x>
      <y>-13.375317934067418</y>
    </targetEyeWinCoords>
    <targetEyeWinSize>1.0366127794787368</targetEyeWinSize>
    <duration>1120.5350507259914</duration>
    <data>random</data>
  </VisualTrial>
  <VisualTrial>
    <gaussSpec>
      <xCenter>-3.902602708487727</xCenter>
      <yCenter>8.705264328392714</yCenter>
      <size>0.8114273314075306</size>
      <brightness>0.011820252452807267</brightness>
    </gaussSpec>
    <targetEyeWinCoords>
      <x>-3.902602708487727</x>
      <y>8.705264328392714</y>
    </targetEyeWinCoords>
    <targetEyeWinSize>1.6228546628150613</targetEyeWinSize>
    <duration>1457.8943195386264</duration>
    <data>random</data>
  </VisualTrial>
  <VisualTrial>
    <gaussSpec>
      <xCenter>-0.24159181874397362</xCenter>
      <yCenter>10.538487370929122</yCenter>
      <size>0.5837982979234583</size>
      <brightness>0.1358645291100855</brightness>
    </gaussSpec>
    <targetEyeWinCoords>
      <x>-0.24159181874397362</x>
      <y>10.538487370929122</y>
    </targetEyeWinCoords>
    <targetEyeWinSize>1.1675965958469166</targetEyeWinSize>
    <duration>1801.2672754570883</duration>
    <data>random</data>
  </VisualTrial>
  <VisualTrial>
    <gaussSpec>
      <xCenter>-8.88913450694999</xCenter>
      <yCenter>-13.20690897844964</yCenter>
      <size>0.9261048660331306</size>
      <brightness>0.6844415461431534</brightness>
    </gaussSpec>
    <targetEyeWinCoords>
      <x>-8.88913450694999</x>
      <y>-13.20690897844964</y>
    </targetEyeWinCoords>
    <targetEyeWinSize>1.8522097320662612</targetEyeWinSize>
    <duration>1121.888296234681</duration>
    <data>random</data>
  </VisualTrial>
  <VisualTrial>
    <gaussSpec>
      <xCenter>6.777754816065208</xCenter>
      <yCenter>-6.473607685249496</yCenter>
      <size>0.9759104573150097</size>
      <brightness>0.3579711834683944</brightness>
    </gaussSpec>
    <targetEyeWinCoords>
      <x>6.777754816065208</x>
      <y>-6.473607685249496</y>
    </targetEyeWinCoords>
    <targetEyeWinSize>1.9518209146300194</targetEyeWinSize>
    <duration>1314.7392747498598</duration>
    <data>random</data>
  </VisualTrial>
  <VisualTrial>
    <gaussSpec>
      <xCenter>-17.95635208110028</xCenter>
      <yCenter>5.46451263884491</yCenter>
      <size>0.6216171160925419</size>
      <brightness>0.3123093152870071</brightness>
    </gaussSpec>
    <targetEyeWinCoords>
      <x>-17.95635208110028</x>
      <y>5.46451263884491</y>
    </targetEyeWinCoords>
    <targetEyeWinSize>1.2432342321850838</targetEyeWinSize>
    <duration>1441.330924422845</duration>
    <data>random</data>
  </VisualTrial>
  <VisualTrial>
    <gaussSpec>
      <xCenter>0.7230946787377164</xCenter>
      <yCenter>8.929371298892853</yCenter>
      <size>0.8421912708925449</size>
      <brightness>0.5210922881368897</brightness>
    </gaussSpec>
    <targetEyeWinCoords>
      <x>0.7230946787377164</x>
      <y>8.929371298892853</y>
    </targetEyeWinCoords>
    <targetEyeWinSize>1.6843825417850897</targetEyeWinSize>
    <duration>1305.2349146319893</duration>
    <data>random</data>
  </VisualTrial>
  <VisualTrial>
    <gaussSpec>
      <xCenter>-18.02911687198369</xCenter>
      <yCenter>4.91546493363367</yCenter>
      <size>0.7116975742483747</size>
      <brightness>0.6551059667922878</brightness>
    </gaussSpec>
    <targetEyeWinCoords>
      <x>-18.02911687198369</x>
      <y>4.91546493363367</y>
    </targetEyeWinCoords>
    <targetEyeWinSize>1.4233951484967493</targetEyeWinSize>
    <duration>1938.73122872226</duration>
    <data>random</data>
  </VisualTrial>
  <VisualTrial>
    <gaussSpec>
      <xCenter>-18.737355918193927</xCenter>
      <yCenter>4.612315201007224</yCenter>
      <size>0.8362134035731409</size>
      <brightness>0.5196288911430219</brightness>
    </gaussSpec>
    <targetEyeWinCoords>
      <x>-18.737355918193927</x>
      <y>4.612315201007224</y>
    </targetEyeWinCoords>
    <targetEyeWinSize>1.6724268071462818</targetEyeWinSize>
    <duration>1270.4686823126438</duration>
    <data>random</data>
  </VisualTrial>
  <VisualTrial>
    <gaussSpec>
      <xCenter>9.487755896443169</xCenter>
      <yCenter>-0.981464579975917</yCenter>
      <size>0.5322814620823656</size>
      <brightness>0.13049040847745053</brightness>
    </gaussSpec>
    <targetEyeWinCoords>
      <x>9.487755896443169</x>
      <y>-0.981464579975917</y>
    </targetEyeWinCoords>
    <targetEyeWinSize>1.0645629241647312</targetEyeWinSize>
    <duration>1858.8780236093455</duration>
    <data>random</data>
  </VisualTrial>
  <VisualTrial>
    <gaussSpec>
      <xCenter>6.606299623275401</xCenter>
      <yCenter>-14.016578168157661</yCenter>
      <size>0.5886833685732337</size>
      <brightness>0.6846250122449322</brightness>
    </gaussSpec>
    <targetEyeWinCoords>
      <x>6.606299623275401</x>
      <y>-14.016578168157661</y>
    </targetEyeWinCoords>
    <targetEyeWinSize>1.1773667371464673</targetEyeWinSize>
    <duration>1370.556236873857</duration>
    <data>random</data>
  </VisualTrial>
  <VisualTrial>
    <gaussSpec>
      <xCenter>-7.898365515661929</xCenter>
      <yCenter>-14.172259031703177</yCenter>
      <size>0.8092397572999808</size>
      <brightness>0.7462046301169016</brightness>
    </gaussSpec>
    <targetEyeWinCoords>
      <x>-7.898365515661929</x>
      <y>-14.172259031703177</y>
    </targetEyeWinCoords>
    <targetEyeWinSize>1.6184795145999615</targetEyeWinSize>
    <duration>1267.0781218572417</duration>
    <data>random</data>
  </VisualTrial>
  <VisualTrial>
    <gaussSpec>
      <xCenter>-13.989417569796407</xCenter>
      <yCenter>-13.128053256600996</yCenter>
      <size>0.9783505774423662</size>
      <brightness>0.7635761062696398</brightness>
    </gaussSpec>
    <targetEyeWinCoords>
      <x>-13.989417569796407</x>
      <y>-13.128053256600996</y>
    </targetEyeWinCoords>
    <targetEyeWinSize>1.9567011548847324</targetEyeWinSize>
    <duration>1824.3982737371607</duration>
    <data>random</data>
  </VisualTrial>
  <VisualTrial>
    <gaussSpec>
      <xCenter>10.431670125816535</xCenter>
      <yCenter>-1.5332459961785787</yCenter>
      <size>0.9647694312082602</size>
      <brightness>0.8390992156942091</brightness>
    </gaussSpec>
    <targetEyeWinCoords>
      <x>10.431670125816535</x>
      <y>-1.5332459961785787</y>
    </targetEyeWinCoords>
    <targetEyeWinSize>1.9295388624165204</targetEyeWinSize>
    <duration>1405.265955861984</duration>
    <data>random</data>
  </VisualTrial>
  <VisualTrial>
    <gaussSpec>
      <xCenter>-10.505668847356501</xCenter>
      <yCenter>-11.830930871489171</yCenter>
      <size>0.9512851786596837</size>
      <brightness>0.7019774536422821</brightness>
    </gaussSpec>
    <targetEyeWinCoords>
      <x>-10.505668847356501</x>
      <y>-11.830930871489171</y>
    </targetEyeWinCoords>
    <targetEyeWinSize>1.9025703573193673</targetEyeWinSize>
    <duration>1328.7026525270044</duration>
    <data>random</data>
  </VisualTrial>
  <VisualTrial>
    <gaussSpec>
      <xCenter>19.301698483443715</xCenter>
      <yCenter>-3.525083787731223</yCenter>
      <size>0.9589272679961793</size>
      <brightness>0.9090625317783017</brightness>
    </gaussSpec>
    <targetEyeWinCoords>
      <x>19.301698483443715</x>
      <y>-3.525083787731223</y>
    </targetEyeWinCoords>
    <targetEyeWinSize>1.9178545359923587</targetEyeWinSize>
    <duration>1677.3948016262325</duration>
    <data>random</data>
  </VisualTrial>
  <VisualTrial>
    <gaussSpec>
      <xCenter>-7.485844084160288</xCenter>
      <yCenter>-13.83252190017899</yCenter>
      <size>0.8920118162103732</size>
      <brightness>0.22176332209634597</brightness>
    </gaussSpec>
    <targetEyeWinCoords>
      <x>-7.485844084160288</x>
      <y>-13.83252190017899</y>
    </targetEyeWinCoords>
    <targetEyeWinSize>1.7840236324207464</targetEyeWinSize>
    <duration>1818.8361175802875</duration>
    <data>random</data>
  </VisualTrial>
  <VisualTrial>
    <gaussSpec>
      <xCenter>14.48526881737293</xCenter>
      <yCenter>-5.954627034816159</yCenter>
      <size>0.9297315178919907</size>
      <brightness>0.8879872710504421</brightness>
    </gaussSpec>
    <targetEyeWinCoords>
      <x>14.48526881737293</x>
      <y>-5.954627034816159</y>
    </targetEyeWinCoords>
    <targetEyeWinSize>1.8594630357839814</targetEyeWinSize>
    <duration>1004.13338560356</duration>
    <data>random</data>
  </VisualTrial>
  <VisualTrial>
    <gaussSpec>
      <xCenter>4.526577287943958</xCenter>
      <yCenter>9.659219492741906</yCenter>
      <size>0.9773958451361131</size>
      <brightness>0.3199898031310505</brightness>
    </gaussSpec>
    <targetEyeWinCoords>
      <x>4.526577287943958</x>
      <y>9.659219492741906</y>
    </targetEyeWinCoords>
    <targetEyeWinSize>1.9547916902722262</targetEyeWinSize>
    <duration>1393.491961713636</duration>
    <data>random</data>
  </VisualTrial>
  <VisualTrial>
    <gaussSpec>
      <xCenter>-4.2267428385251975</xCenter>
      <yCenter>4.881725551135496</yCenter>
      <size>0.7273686610278385</size>
      <brightness>0.687136586761521</brightness>
    </gaussSpec>
    <targetEyeWinCoords>
      <x>-4.2267428385251975</x>
      <y>4.881725551135496</y>
    </targetEyeWinCoords>
    <targetEyeWinSize>1.454737322055677</targetEyeWinSize>
    <duration>1795.1704360013277</duration>
    <data>random</data>
  </VisualTrial>
  <VisualTrial>
    <gaussSpec>
      <xCenter>17.764694321646328</xCenter>
      <yCenter>-5.397418862371724</yCenter>
      <size>0.9543816552688217</size>
      <brightness>0.1975200935258571</brightness>
    </gaussSpec>
    <targetEyeWinCoords>
      <x>17.764694321646328</x>
      <y>-5.397418862371724</y>
    </targetEyeWinCoords>
    <targetEyeWinSize>1.9087633105376434</targetEyeWinSize>
    <duration>1962.994056691472</duration>
    <data>random</data>
  </VisualTrial>
  <VisualTrial>
    <gaussSpec>
      <xCenter>20.147298971459374</xCenter>
      <yCenter>-12.69951239790246</yCenter>
      <size>0.6384775081725815</size>
      <brightness>0.5089519006085824</brightness>
    </gaussSpec>
    <targetEyeWinCoords>
      <x>20.147298971459374</x>
      <y>-12.69951239790246</y>
    </targetEyeWinCoords>
    <targetEyeWinSize>1.276955016345163</targetEyeWinSize>
    <duration>1578.3008994024665</duration>
    <data>random</data>
  </VisualTrial>
  <VisualTrial>
    <gaussSpec>
      <xCenter>0.059637764995940756</xCenter>
      <yCenter>-0.891745810590999</yCenter>
      <size>0.8570430783262188</size>
      <brightness>0.6635279456108938</brightness>
    </gaussSpec>
    <targetEyeWinCoords>
      <x>0.059637764995940756</x>
      <y>-0.891745810590999</y>
    </targetEyeWinCoords>
    <targetEyeWinSize>1.7140861566524377</targetEyeWinSize>
    <duration>1469.8804058580129</duration>
    <data>random</data>
  </VisualTrial>
  <VisualTrial>
    <gaussSpec>
      <xCenter>-16.616241818978864</xCenter>
      <yCenter>-14.592136559825711</yCenter>
      <size>0.5714686602884564</size>
      <brightness>0.14150163276375938</brightness>
    </gaussSpec>
    <targetEyeWinCoords>
      <x>-16.616241818978864</x>
      <y>-14.592136559825711</y>
    </targetEyeWinCoords>
    <targetEyeWinSize>1.1429373205769129</targetEyeWinSize>
    <duration>1354.6995633049532</duration>
    <data>random</data>
  </VisualTrial>
  <VisualTrial>
    <gaussSpec>
      <xCenter>20.043051831008814</xCenter>
      <yCenter>3.438146671702251</yCenter>
      <size>0.6176611947201585</size>
      <brightness>0.03356965734331463</brightness>
    </gaussSpec>
    <targetEyeWinCoords>
      <x>20.043051831008814</x>
      <y>3.438146671702251</y>
    </targetEyeWinCoords>
    <targetEyeWinSize>1.235322389440317</targetEyeWinSize>
    <duration>1430.4898474269291</duration>
    <data>random</data>
  </VisualTrial>
  <VisualTrial>
    <gaussSpec>
      <xCenter>12.048405342887396</xCenter>
      <yCenter>9.333599327787622</yCenter>
      <size>0.5932656653009993</size>
      <brightness>0.1837924191540803</brightness>
    </gaussSpec>
    <targetEyeWinCoords>
      <x>12.048405342887396</x>
      <y>9.333599327787622</y>
    </targetEyeWinCoords>
    <targetEyeWinSize>1.1865313306019987</targetEyeWinSize>
    <duration>1609.076536888739</duration>
    <data>random</data>
  </VisualTrial>
  <VisualTrial>
    <gaussSpec>
      <xCenter>-13.926030430355919</xCenter>
      <yCenter>-4.233071170000828</yCenter>
      <size>0.9450371439923455</size>
      <brightness>0.2822420576311402</brightness>
    </gaussSpec>
    <targetEyeWinCoords>
      <x>-13.926030430355919</x>
      <y>-4.233071170000828</y>
    </targetEyeWinCoords>
    <targetEyeWinSize>1.890074287984691</targetEyeWinSize>
    <duration>1410.1197802100241</duration>
    <data>random</data>
  </VisualTrial>
  <VisualTrial>
    <gaussSpec>
      <xCenter>7.957640221175232</xCenter>
      <yCenter>8.169298061911125</yCenter>
      <size>0.617628153181687</size>
      <brightness>0.12743921469685515</brightness>
    </gaussSpec>
    <targetEyeWinCoords>
      <x>7.957640221175232</x>
      <y>8.169298061911125</y>
    </targetEyeWinCoords>
    <targetEyeWinSize>1.235256306363374</targetEyeWinSize>
    <duration>1685.0137256578632</duration>
    <data>random</data>
  </VisualTrial>
  <VisualTrial>
    <gaussSpec>
      <xCenter>-8.65929588319462</xCenter>
      <yCenter>12.826771623460134</yCenter>
      <size>0.5510409927802846</size>
      <brightness>0.14957070055562482</brightness>
    </gaussSpec>
    <targetEyeWinCoords>
      <x>-8.65929588319462</x>
      <y>12.826771623460134</y>
    </targetEyeWinCoords>
    <targetEyeWinSize>1.1020819855605692</targetEyeWinSize>
    <duration>1069.275378628201</duration>
    <data>random</data>
  </VisualTrial>
  <VisualTrial>
    <gaussSpec>
      <xCenter>-3.6854211098723404</xCenter>
      <yCenter>11.145062401418231</yCenter>
      <size>0.8493806639560345</size>
      <brightness>0.7955244237347051</brightness>
    </gaussSpec>
    <targetEyeWinCoords>
      <x>-3.6854211098723404</x>
      <y>11.145062401418231</y>
    </targetEyeWinCoords>
    <targetEyeWinSize>1.698761327912069</targetEyeWinSize>
    <duration>1559.4215075133968</duration>
    <data>random</data>
  </VisualTrial>
  <VisualTrial>
    <gaussSpec>
      <xCenter>-15.23739147491876</xCenter>
      <yCenter>1.2927222475512306</yCenter>
      <size>0.7165374847520892</size>
      <brightness>0.26116825349481687</brightness>
    </gaussSpec>
    <targetEyeWinCoords>
      <x>-15.23739147491876</x>
      <y>1.2927222475512306</y>
    </targetEyeWinCoords>
    <targetEyeWinSize>1.4330749695041785</targetEyeWinSize>
    <duration>1718.0314921438555</duration>
    <data>random</data>
  </VisualTrial>
  <VisualTrial>
    <gaussSpec>
      <xCenter>-16.21674870816797</xCenter>
      <yCenter>9.460405692979458</yCenter>
      <size>0.8700893509670291</size>
      <brightness>0.9913007471079917</brightness>
    </gaussSpec>
    <targetEyeWinCoords>
      <x>-16.21674870816797</x>
      <y>9.460405692979458</y>
    </targetEyeWinCoords>
    <targetEyeWinSize>1.7401787019340582</targetEyeWinSize>
    <duration>1807.846397184027</duration>
    <data>random</data>
  </VisualTrial>
  <VisualTrial>
    <gaussSpec>
      <xCenter>-18.5528540800682</xCenter>
      <yCenter>0.21012691350484225</yCenter>
      <size>0.9823064934727566</size>
      <brightness>0.09171129130535971</brightness>
    </gaussSpec>
    <targetEyeWinCoords>
      <x>-18.5528540800682</x>
      <y>0.21012691350484225</y>
    </targetEyeWinCoords>
    <targetEyeWinSize>1.9646129869455131</targetEyeWinSize>
    <duration>1806.2596477526367</duration>
    <data>random</data>
  </VisualTrial>
  <VisualTrial>
    <gaussSpec>
      <xCenter>5.1540962013523455</xCenter>
      <yCenter>-2.281397878984958</yCenter>
      <size>0.773678393069499</size>
      <brightness>0.20819201667982912</brightness>
    </gaussSpec>
    <targetEyeWinCoords>
      <x>5.1540962013523455</x>
      <y>-2.281397878984958</y>
    </targetEyeWinCoords>
    <targetEyeWinSize>1.547356786138998</targetEyeWinSize>
    <duration>1736.995434532625</duration>
    <data>random</data>
  </VisualTrial>
  <VisualTrial>
    <gaussSpec>
      <xCenter>-9.211918617890852</xCenter>
      <yCenter>-15.106036115145544</yCenter>
      <size>0.5551395802174418</size>
      <brightness>0.20385772793823143</brightness>
    </gaussSpec>
    <targetEyeWinCoords>
      <x>-9.211918617890852</x>
      <y>-15.106036115145544</y>
    </targetEyeWinCoords>
    <targetEyeWinSize>1.1102791604348836</targetEyeWinSize>
    <duration>1747.4327925901534</duration>
    <data>random</data>
  </VisualTrial>
  <VisualTrial>
    <gaussSpec>
      <xCenter>10.315443993660075</xCenter>
      <yCenter>-10.186897031043621</yCenter>
      <size>0.6130173170143063</size>
      <brightness>0.10866471385117571</brightness>
    </gaussSpec>
    <targetEyeWinCoords>
      <x>10.315443993660075</x>
      <y>-10.186897031043621</y>
    </targetEyeWinCoords>
    <targetEyeWinSize>1.2260346340286126</targetEyeWinSize>
    <duration>1274.1974886529135</duration>
    <data>random</data>
  </VisualTrial>
  <VisualTrial>
    <gaussSpec>
      <xCenter>10.16066133845964</xCenter>
      <yCenter>13.400748218564742</yCenter>
      <size>0.8043774303863618</size>
      <brightness>0.6037356002416178</brightness>
    </gaussSpec>
    <targetEyeWinCoords>
      <x>10.16066133845964</x>
      <y>13.400748218564742</y>
    </targetEyeWinCoords>
    <targetEyeWinSize>1.6087548607727236</targetEyeWinSize>
    <duration>1603.72202676518</duration>
    <data>random</data>
  </VisualTrial>
  <VisualTrial>
    <gaussSpec>
      <xCenter>-2.9468402752682437</xCenter>
      <yCenter>13.86116990586135</yCenter>
      <size>0.970217699074789</size>
      <brightness>0.11369617954703526</brightness>
    </gaussSpec>
    <targetEyeWinCoords>
      <x>-2.9468402752682437</x>
      <y>13.86116990586135</y>
    </targetEyeWinCoords>
    <targetEyeWinSize>1.940435398149578</targetEyeWinSize>
    <duration>1601.2251675460745</duration>
    <data>random</data>
  </VisualTrial>
  <VisualTrial>
    <gaussSpec>
      <xCenter>-17.234216361409928</xCenter>
      <yCenter>-1.3728649568798268</yCenter>
      <size>0.843586426927025</size>
      <brightness>0.040693676541655566</brightness>
    </gaussSpec>
    <targetEyeWinCoords>
      <x>-17.234216361409928</x>
      <y>-1.3728649568798268</y>
    </targetEyeWinCoords>
    <targetEyeWinSize>1.68717285385405</targetEyeWinSize>
    <duration>1919.663562123568</duration>
    <data>random</data>
  </VisualTrial>
  <VisualTrial>
    <gaussSpec>
      <xCenter>-4.343393245750832</xCenter>
      <yCenter>-13.810077798581345</yCenter>
      <size>0.707454206693562</size>
      <brightness>0.8439533456354268</brightness>
    </gaussSpec>
    <targetEyeWinCoords>
      <x>-4.343393245750832</x>
      <y>-13.810077798581345</y>
    </targetEyeWinCoords>
    <targetEyeWinSize>1.414908413387124</targetEyeWinSize>
    <duration>1581.5681543607527</duration>
    <data>random</data>
  </VisualTrial>
  <VisualTrial>
    <gaussSpec>
      <xCenter>-4.216101540934618</xCenter>
      <yCenter>-2.4911405192695426</yCenter>
      <size>0.9399264567461154</size>
      <brightness>0.3019647596627544</brightness>
    </gaussSpec>
    <targetEyeWinCoords>
      <x>-4.216101540934618</x>
      <y>-2.4911405192695426</y>
    </targetEyeWinCoords>
    <targetEyeWinSize>1.8798529134922308</targetEyeWinSize>
    <duration>1972.176068971999</duration>
    <data>random</data>
  </VisualTrial>
  <VisualTrial>
    <gaussSpec>
      <xCenter>2.465651251084715</xCenter>
      <yCenter>10.750610708824018</yCenter>
      <size>0.9937977901314011</size>
      <brightness>0.24004036692552733</brightness>
    </gaussSpec>
    <targetEyeWinCoords>
      <x>2.465651251084715</x>
      <y>10.750610708824018</y>
    </targetEyeWinCoords>
    <targetEyeWinSize>1.9875955802628023</targetEyeWinSize>
    <duration>1599.9924700155764</duration>
    <data>random</data>
  </VisualTrial>
  <VisualTrial>
    <gaussSpec>
      <xCenter>-6.613143832677146</xCenter>
      <yCenter>3.0145580498004776</yCenter>
      <size>0.9445391702220864</size>
      <brightness>0.6578896150291762</brightness>
    </gaussSpec>
    <targetEyeWinCoords>
      <x>-6.613143832677146</x>
      <y>3.0145580498004776</y>
    </targetEyeWinCoords>
    <targetEyeWinSize>1.8890783404441729</targetEyeWinSize>
    <duration>1635.7441881170284</duration>
    <data>random</data>
  </VisualTrial>
  <VisualTrial>
    <gaussSpec>
      <xCenter>-16.17800314962304</xCenter>
      <yCenter>-2.4482569314728817</yCenter>
      <size>0.9108158576841512</size>
      <brightness>0.16469246451293695</brightness>
    </gaussSpec>
    <targetEyeWinCoords>
      <x>-16.17800314962304</x>
      <y>-2.4482569314728817</y>
    </targetEyeWinCoords>
    <targetEyeWinSize>1.8216317153683024</targetEyeWinSize>
    <duration>1529.2002100226666</duration>
    <data>random</data>
  </VisualTrial>
  <VisualTrial>
    <gaussSpec>
      <xCenter>-16.830353161604272</xCenter>
      <yCenter>-5.950846126938686</yCenter>
      <size>0.9718689434261764</size>
      <brightness>0.09404298999518701</brightness>
    </gaussSpec>
    <targetEyeWinCoords>
      <x>-16.830353161604272</x>
      <y>-5.950846126938686</y>
    </targetEyeWinCoords>
    <targetEyeWinSize>1.9437378868523527</targetEyeWinSize>
    <duration>1357.6962169224576</duration>
    <data>random</data>
  </VisualTrial>
  <VisualTrial>
    <gaussSpec>
      <xCenter>1.9570125888801755</xCenter>
      <yCenter>9.221859908529998</yCenter>
      <size>0.9049864571682587</size>
      <brightness>0.9800625909899175</brightness>
    </gaussSpec>
    <targetEyeWinCoords>
      <x>1.9570125888801755</x>
      <y>9.221859908529998</y>
    </targetEyeWinCoords>
    <targetEyeWinSize>1.8099729143365173</targetEyeWinSize>
    <duration>1708.3040703595486</duration>
    <data>random</data>
  </VisualTrial>
  <VisualTrial>
    <gaussSpec>
      <xCenter>16.69085675967516</xCenter>
      <yCenter>-5.2823396379875085</yCenter>
      <size>0.869253927106814</size>
      <brightness>0.13073344075813453</brightness>
    </gaussSpec>
    <targetEyeWinCoords>
      <x>16.69085675967516</x>
      <y>-5.2823396379875085</y>
    </targetEyeWinCoords>
    <targetEyeWinSize>1.738507854213628</targetEyeWinSize>
    <duration>1840.096510431369</duration>
    <data>random</data>
  </VisualTrial>
  <VisualTrial>
    <gaussSpec>
      <xCenter>-12.2066653690167</xCenter>
      <yCenter>7.706788487757821</yCenter>
      <size>0.8269472400826267</size>
      <brightness>0.4811265168304312</brightness>
    </gaussSpec>
    <targetEyeWinCoords>
      <x>-12.2066653690167</x>
      <y>7.706788487757821</y>
    </targetEyeWinCoords>
    <targetEyeWinSize>1.6538944801652533</targetEyeWinSize>
    <duration>1944.626230219332</duration>
    <data>random</data>
  </VisualTrial>
  <VisualTrial>
    <gaussSpec>
      <xCenter>-7.526735000981295</xCenter>
      <yCenter>-15.039920719978172</yCenter>
      <size>0.5355383115248706</size>
      <brightness>0.09164651974600801</brightness>
    </gaussSpec>
    <targetEyeWinCoords>
      <x>-7.526735000981295</x>
      <y>-15.039920719978172</y>
    </targetEyeWinCoords>
    <targetEyeWinSize>1.0710766230497413</targetEyeWinSize>
    <duration>1598.8099934819475</duration>
    <data>random</data>
  </VisualTrial>
  <VisualTrial>
    <gaussSpec>
      <xCenter>13.265624993037985</xCenter>
      <yCenter>-3.0499741849157704</yCenter>
      <size>0.6846663037909531</size>
      <brightness>0.7516096115023309</brightness>
    </gaussSpec>
    <targetEyeWinCoords>
      <x>13.265624993037985</x>
      <y>-3.0499741849157704</y>
    </targetEyeWinCoords>
    <targetEyeWinSize>1.3693326075819061</targetEyeWinSize>
    <duration>1762.3596109652444</duration>
    <data>random</data>
  </VisualTrial>
  <VisualTrial>
    <gaussSpec>
      <xCenter>19.848753746114202</xCenter>
      <yCenter>-10.012820629906017</yCenter>
      <size>0.66929872035922</size>
      <brightness>0.20316177293415105</brightness>
    </gaussSpec>
    <targetEyeWinCoords>
      <x>19.848753746114202</x>
      <y>-10.012820629906017</y>
    </targetEyeWinCoords>
    <targetEyeWinSize>1.33859744071844</targetEyeWinSize>
    <duration>1666.0751232440116</duration>
    <data>random</data>
  </VisualTrial>
  <VisualTrial>
    <gaussSpec>
      <xCenter>-8.61346510918681</xCenter>
      <yCenter>9.347556743094314</yCenter>
      <size>0.6827911444468829</size>
      <brightness>0.8353635020450937</brightness>
    </gaussSpec>
    <targetEyeWinCoords>
      <x>-8.61346510918681</x>
      <y>9.347556743094314</y>
    </targetEyeWinCoords>
    <targetEyeWinSize>1.3655822888937659</targetEyeWinSize>
    <duration>1461.1480165406483</duration>
    <data>random</data>
  </VisualTrial>
  <VisualTrial>
    <gaussSpec>
      <xCenter>6.118050752772632</xCenter>
      <yCenter>1.054081769583366</yCenter>
      <size>0.5357645805990001</size>
      <brightness>0.42875554840623864</brightness>
    </gaussSpec>
    <targetEyeWinCoords>
      <x>6.118050752772632</x>
      <y>1.054081769583366</y>
    </targetEyeWinCoords>
    <targetEyeWinSize>1.0715291611980002</targetEyeWinSize>
    <duration>1278.3616736148692</duration>
    <data>random</data>
  </VisualTrial>
  <VisualTrial>
    <gaussSpec>
      <xCenter>18.157176488081074</xCenter>
      <yCenter>1.2778281964309546</yCenter>
      <size>0.5014441723033138</size>
      <brightness>0.7459201607843103</brightness>
    </gaussSpec>
    <targetEyeWinCoords>
      <x>18.157176488081074</x>
      <y>1.2778281964309546</y>
    </targetEyeWinCoords>
    <targetEyeWinSize>1.0028883446066277</targetEyeWinSize>
    <duration>1477.7435847638014</duration>
    <data>random</data>
  </VisualTrial>
  <VisualTrial>
    <gaussSpec>
      <xCenter>-7.2565919092446975</xCenter>
      <yCenter>6.5479094511394145</yCenter>
      <size>0.7586441351498826</size>
      <brightness>0.1920470232119783</brightness>
    </gaussSpec>
    <targetEyeWinCoords>
      <x>-7.2565919092446975</x>
      <y>6.5479094511394145</y>
    </targetEyeWinCoords>
    <targetEyeWinSize>1.5172882702997652</targetEyeWinSize>
    <duration>1330.608264610436</duration>
    <data>random</data>
  </VisualTrial>
  <VisualTrial>
    <gaussSpec>
      <xCenter>-7.372755341379637</xCenter>
      <yCenter>-0.8416396898467422</yCenter>
      <size>0.7135855454909462</size>
      <brightness>0.6384217993076281</brightness>
    </gaussSpec>
    <targetEyeWinCoords>
      <x>-7.372755341379637</x>
      <y>-0.8416396898467422</y>
    </targetEyeWinCoords>
    <targetEyeWinSize>1.4271710909818924</targetEyeWinSize>
    <duration>1865.02911368795</duration>
    <data>random</data>
  </VisualTrial>
  <VisualTrial>
    <gaussSpec>
      <xCenter>10.136295541105781</xCenter>
      <yCenter>-1.3672825836786444</yCenter>
      <size>0.5756241351351006</size>
      <brightness>0.3101869608688398</brightness>
    </gaussSpec>
    <targetEyeWinCoords>
      <x>10.136295541105781</x>
      <y>-1.3672825836786444</y>
    </targetEyeWinCoords>
    <targetEyeWinSize>1.1512482702702012</targetEyeWinSize>
    <duration>1742.7387964896234</duration>
    <data>random</data>
  </VisualTrial>
  <VisualTrial>
    <gaussSpec>
      <xCenter>-16.039964520857264</xCenter>
      <yCenter>-5.9004983137453575</yCenter>
      <size>0.5680648759515956</size>
      <brightness>0.4673972843196107</brightness>
    </gaussSpec>
    <targetEyeWinCoords>
      <x>-16.039964520857264</x>
      <y>-5.9004983137453575</y>
    </targetEyeWinCoords>
    <targetEyeWinSize>1.1361297519031912</targetEyeWinSize>
    <duration>1572.2834059503384</duration>
    <data>random</data>
  </VisualTrial>
  <VisualTrial>
    <gaussSpec>
      <xCenter>15.567785369233942</xCenter>
      <yCenter>13.55744424798417</yCenter>
      <size>0.5966434049503442</size>
      <brightness>0.38808525823789963</brightness>
    </gaussSpec>
    <targetEyeWinCoords>
      <x>15.567785369233942</x>
      <y>13.55744424798417</y>
    </targetEyeWinCoords>
    <targetEyeWinSize>1.1932868099006884</targetEyeWinSize>
    <duration>1004.6497320997034</duration>
    <data>random</data>
  </VisualTrial>
  <VisualTrial>
    <gaussSpec>
      <xCenter>3.128054780990226</xCenter>
      <yCenter>4.465512809754124</yCenter>
      <size>0.7923764318204851</size>
      <brightness>0.8839021020653745</brightness>
    </gaussSpec>
    <targetEyeWinCoords>
      <x>3.128054780990226</x>
      <y>4.465512809754124</y>
    </targetEyeWinCoords>
    <targetEyeWinSize>1.5847528636409702</targetEyeWinSize>
    <duration>1195.452068979665</duration>
    <data>random</data>
  </VisualTrial>
  <VisualTrial>
    <gaussSpec>
      <xCenter>-8.411157990710016</xCenter>
      <yCenter>-9.510259160431719</yCenter>
      <size>0.5813999223762463</size>
      <brightness>0.49891430513620927</brightness>
    </gaussSpec>
    <targetEyeWinCoords>
      <x>-8.411157990710016</x>
      <y>-9.510259160431719</y>
    </targetEyeWinCoords>
    <targetEyeWinSize>1.1627998447524925</targetEyeWinSize>
    <duration>1172.5397866642386</duration>
    <data>random</data>
  </VisualTrial>
  <VisualTrial>
    <gaussSpec>
      <xCenter>-10.367699180640633</xCenter>
      <yCenter>15.094520182304745</yCenter>
      <size>0.513823713763631</size>
      <brightness>0.9191454282740497</brightness>
    </gaussSpec>
    <targetEyeWinCoords>
      <x>-10.367699180640633</x>
      <y>15.094520182304745</y>
    </targetEyeWinCoords>
    <targetEyeWinSize>1.027647427527262</targetEyeWinSize>
    <duration>1355.2788112410128</duration>
    <data>random</data>
  </VisualTrial>
  <VisualTrial>
    <gaussSpec>
      <xCenter>-10.573578667610006</xCenter>
      <yCenter>2.8433054676839618</yCenter>
      <size>0.6855847753360529</size>
      <brightness>0.8909005100283135</brightness>
    </gaussSpec>
    <targetEyeWinCoords>
      <x>-10.573578667610006</x>
      <y>2.8433054676839618</y>
    </targetEyeWinCoords>
    <targetEyeWinSize>1.3711695506721058</targetEyeWinSize>
    <duration>1340.7831874166648</duration>
    <data>random</data>
  </VisualTrial>
  <VisualTrial>
    <gaussSpec>
      <xCenter>-7.438925848794819</xCenter>
      <yCenter>5.271124550364611</yCenter>
      <size>0.894554721582641</size>
      <brightness>0.5013050560225435</brightness>
    </gaussSpec>
    <targetEyeWinCoords>
      <x>-7.438925848794819</x>
      <y>5.271124550364611</y>
    </targetEyeWinCoords>
    <targetEyeWinSize>1.789109443165282</targetEyeWinSize>
    <duration>1381.872320949459</duration>
    <data>random</data>
  </VisualTrial>
  <VisualTrial>
    <gaussSpec>
      <xCenter>13.693353727478705</xCenter>
      <yCenter>11.939457144707458</yCenter>
      <size>0.5855145679892244</size>
      <brightness>0.5994024604763847</brightness>
    </gaussSpec>
    <targetEyeWinCoords>
      <x>13.693353727478705</x>
      <y>11.939457144707458</y>
    </targetEyeWinCoords>
    <targetEyeWinSize>1.1710291359784488</targetEyeWinSize>
    <duration>1666.3416983864904</duration>
    <data>random</data>
  </VisualTrial>
  <VisualTrial>
    <gaussSpec>
      <xCenter>-12.871894479504444</xCenter>
      <yCenter>10.729296475331669</yCenter>
      <size>0.8721996842052497</size>
      <brightness>0.5232429078710851</brightness>
    </gaussSpec>
    <targetEyeWinCoords>
      <x>-12.871894479504444</x>
      <y>10.729296475331669</y>
    </targetEyeWinCoords>
    <targetEyeWinSize>1.7443993684104995</targetEyeWinSize>
    <duration>1702.9156562926796</duration>
    <data>random</data>
  </VisualTrial>
  <VisualTrial>
    <gaussSpec>
      <xCenter>-8.869375085754317</xCenter>
      <yCenter>4.351085077816235</yCenter>
      <size>0.7425278577688043</size>
      <brightness>0.573878195174433</brightness>
    </gaussSpec>
    <targetEyeWinCoords>
      <x>-8.869375085754317</x>
      <y>4.351085077816235</y>
    </targetEyeWinCoords>
    <targetEyeWinSize>1.4850557155376085</targetEyeWinSize>
    <duration>1153.4932198891656</duration>
    <data>random</data>
  </VisualTrial>
  <VisualTrial>
    <gaussSpec>
      <xCenter>-7.0077224660181265</xCenter>
      <yCenter>-1.4821843437988242</yCenter>
      <size>0.5491085140369132</size>
      <brightness>0.016426933624266837</brightness>
    </gaussSpec>
    <targetEyeWinCoords>
      <x>-7.0077224660181265</x>
      <y>-1.4821843437988242</y>
    </targetEyeWinCoords>
    <targetEyeWinSize>1.0982170280738264</targetEyeWinSize>
    <duration>1002.2051709811923</duration>
    <data>random</data>
  </VisualTrial>
  <VisualTrial>
    <gaussSpec>
      <xCenter>-16.128465324301295</xCenter>
      <yCenter>-9.15546538110488</yCenter>
      <size>0.7434085411951846</size>
      <brightness>0.5810984556641948</brightness>
    </gaussSpec>
    <targetEyeWinCoords>
      <x>-16.128465324301295</x>
      <y>-9.15546538110488</y>
    </targetEyeWinCoords>
    <targetEyeWinSize>1.4868170823903692</targetEyeWinSize>
    <duration>1654.7931184407084</duration>
    <data>random</data>
  </VisualTrial>
  <VisualTrial>
    <gaussSpec>
      <xCenter>-7.947987180026985</xCenter>
      <yCenter>-10.212276540933358</yCenter>
      <size>0.9141048508459986</size>
      <brightness>0.5898098691733359</brightness>
    </gaussSpec>
    <targetEyeWinCoords>
      <x>-7.947987180026985</x>
      <y>-10.212276540933358</y>
    </targetEyeWinCoords>
    <targetEyeWinSize>1.8282097016919971</targetEyeWinSize>
    <duration>1512.5824753806503</duration>
    <data>random</data>
  </VisualTrial>
  <VisualTrial>
    <gaussSpec>
      <xCenter>-6.409079222169469</xCenter>
      <yCenter>0.49504385343128376</yCenter>
      <size>0.7708977262661314</size>
      <brightness>0.4424433020790427</brightness>
    </gaussSpec>
    <targetEyeWinCoords>
      <x>-6.409079222169469</x>
      <y>0.49504385343128376</y>
    </targetEyeWinCoords>
    <targetEyeWinSize>1.5417954525322628</targetEyeWinSize>
    <duration>1479.5635113892035</duration>
    <data>random</data>
  </VisualTrial>
  <VisualTrial>
    <gaussSpec>
      <xCenter>-5.047945041426274</xCenter>
      <yCenter>-13.8568906343131</yCenter>
      <size>0.6958665353745874</size>
      <brightness>0.8619263602791987</brightness>
    </gaussSpec>
    <targetEyeWinCoords>
      <x>-5.047945041426274</x>
      <y>-13.8568906343131</y>
    </targetEyeWinCoords>
    <targetEyeWinSize>1.3917330707491748</targetEyeWinSize>
    <duration>1123.0058176884313</duration>
    <data>random</data>
  </VisualTrial>
  <VisualTrial>
    <gaussSpec>
      <xCenter>18.159303897016716</xCenter>
      <yCenter>9.114555948122145</yCenter>
      <size>0.8780855910448688</size>
      <brightness>0.7080353976906651</brightness>
    </gaussSpec>
    <targetEyeWinCoords>
      <x>18.159303897016716</x>
      <y>9.114555948122145</y>
    </targetEyeWinCoords>
    <targetEyeWinSize>1.7561711820897377</targetEyeWinSize>
    <duration>1836.0524788836142</duration>
    <data>random</data>
  </VisualTrial>
  <VisualTrial>
    <gaussSpec>
      <xCenter>-14.288210341363433</xCenter>
      <yCenter>-6.835696603106525</yCenter>
      <size>0.9486164732654583</size>
      <brightness>0.3839891707655727</brightness>
    </gaussSpec>
    <targetEyeWinCoords>
      <x>-14.288210341363433</x>
      <y>-6.835696603106525</y>
    </targetEyeWinCoords>
    <targetEyeWinSize>1.8972329465309166</targetEyeWinSize>
    <duration>1967.5013572208893</duration>
    <data>random</data>
  </VisualTrial>
  <VisualTrial>
    <gaussSpec>
      <xCenter>8.380812212429237</xCenter>
      <yCenter>-12.62646918688446</yCenter>
      <size>0.6139087678356439</size>
      <brightness>0.32270777244425686</brightness>
    </gaussSpec>
    <targetEyeWinCoords>
      <x>8.380812212429237</x>
      <y>-12.62646918688446</y>
    </targetEyeWinCoords>
    <targetEyeWinSize>1.2278175356712877</targetEyeWinSize>
    <duration>1040.7880034191764</duration>
    <data>random</data>
  </VisualTrial>
  <VisualTrial>
    <gaussSpec>
      <xCenter>-4.600110628339973</xCenter>
      <yCenter>7.039487237228679</yCenter>
      <size>0.5389302649603547</size>
      <brightness>0.5264206891650923</brightness>
    </gaussSpec>
    <targetEyeWinCoords>
      <x>-4.600110628339973</x>
      <y>7.039487237228679</y>
    </targetEyeWinCoords>
    <targetEyeWinSize>1.0778605299207094</targetEyeWinSize>
    <duration>1952.3849619330738</duration>
    <data>random</data>
  </VisualTrial>
  <VisualTrial>
    <gaussSpec>
      <xCenter>7.734643681059968</xCenter>
      <yCenter>2.024734174354135</yCenter>
      <size>0.6936430983617597</size>
      <brightness>0.4401888891236655</brightness>
    </gaussSpec>
    <targetEyeWinCoords>
      <x>7.734643681059968</x>
      <y>2.024734174354135</y>
    </targetEyeWinCoords>
    <targetEyeWinSize>1.3872861967235195</targetEyeWinSize>
    <duration>1461.6131135430514</duration>
    <data>random</data>
  </VisualTrial>
  <VisualTrial>
    <gaussSpec>
      <xCenter>-14.852384925943092</xCenter>
      <yCenter>-14.608330462312825</yCenter>
      <size>0.6235184387635246</size>
      <brightness>0.9565458475563351</brightness>
    </gaussSpec>
    <targetEyeWinCoords>
      <x>-14.852384925943092</x>
      <y>-14.608330462312825</y>
    </targetEyeWinCoords>
    <targetEyeWinSize>1.2470368775270493</targetEyeWinSize>
    <duration>1074.015358065217</duration>
    <data>random</data>
  </VisualTrial>
  <VisualTrial>
    <gaussSpec>
      <xCenter>8.31957400063403</xCenter>
      <yCenter>-9.05863817597454</yCenter>
      <size>0.620820543663798</size>
      <brightness>0.10325540114866716</brightness>
    </gaussSpec>
    <targetEyeWinCoords>
      <x>8.31957400063403</x>
      <y>-9.05863817597454</y>
    </targetEyeWinCoords>
    <targetEyeWinSize>1.241641087327596</targetEyeWinSize>
    <duration>1352.5905300081827</duration>
    <data>random</data>
  </VisualTrial>
  <VisualTrial>
    <gaussSpec>
      <xCenter>5.55128523979937</xCenter>
      <yCenter>-2.185793210232122</yCenter>
      <size>0.7328142933733353</size>
      <brightness>0.47738832355862737</brightness>
    </gaussSpec>
    <targetEyeWinCoords>
      <x>5.55128523979937</x>
      <y>-2.185793210232122</y>
    </targetEyeWinCoords>
    <targetEyeWinSize>1.4656285867466705</targetEyeWinSize>
    <duration>1310.5041746985498</duration>
    <data>random</data>
  </VisualTrial>
  <VisualTrial>
    <gaussSpec>
      <xCenter>-0.8031430786577864</xCenter>
      <yCenter>11.718933483156032</yCenter>
      <size>0.9906718453419108</size>
      <brightness>0.9552679461225171</brightness>
    </gaussSpec>
    <targetEyeWinCoords>
      <x>-0.8031430786577864</x>
      <y>11.718933483156032</y>
    </targetEyeWinCoords>
    <targetEyeWinSize>1.9813436906838215</targetEyeWinSize>
    <duration>1670.7512460808289</duration>
    <data>random</data>
  </VisualTrial>
  <VisualTrial>
    <gaussSpec>
      <xCenter>7.293512014464955</xCenter>
      <yCenter>-9.37673017767572</yCenter>
      <size>0.8314886883760589</size>
      <brightness>0.9343873303244841</brightness>
    </gaussSpec>
    <targetEyeWinCoords>
      <x>7.293512014464955</x>
      <y>-9.37673017767572</y>
    </targetEyeWinCoords>
    <targetEyeWinSize>1.6629773767521179</targetEyeWinSize>
    <duration>1382.3758824862894</duration>
    <data>random</data>
  </VisualTrial>
  <VisualTrial>
    <gaussSpec>
      <xCenter>-14.99919141087153</xCenter>
      <yCenter>-0.4368126775509431</yCenter>
      <size>0.9670761797459417</size>
      <brightness>0.25504918532074294</brightness>
    </gaussSpec>
    <targetEyeWinCoords>
      <x>-14.99919141087153</x>
      <y>-0.4368126775509431</y>
    </targetEyeWinCoords>
    <targetEyeWinSize>1.9341523594918835</targetEyeWinSize>
    <duration>1464.817602295401</duration>
    <data>random</data>
  </VisualTrial>
  <VisualTrial>
    <gaussSpec>
      <xCenter>-1.5810803888181013</xCenter>
      <yCenter>0.10083664734159292</yCenter>
      <size>0.8258407320174765</size>
      <brightness>0.4652670785834634</brightness>
    </gaussSpec>
    <targetEyeWinCoords>
      <x>-1.5810803888181013</x>
      <y>0.10083664734159292</y>
    </targetEyeWinCoords>
    <targetEyeWinSize>1.651681464034953</targetEyeWinSize>
    <duration>1214.5451409223797</duration>
    <data>random</data>
  </VisualTrial>
  <VisualTrial>
    <gaussSpec>
      <xCenter>0.5359980992907261</xCenter>
      <yCenter>13.323860889496004</yCenter>
      <size>0.7480044537529046</size>
      <brightness>0.6583751147843238</brightness>
    </gaussSpec>
    <targetEyeWinCoords>
      <x>0.5359980992907261</x>
      <y>13.323860889496004</y>
    </targetEyeWinCoords>
    <targetEyeWinSize>1.4960089075058092</targetEyeWinSize>
    <duration>1522.2927978900284</duration>
    <data>random</data>
  </VisualTrial>
  <VisualTrial>
    <gaussSpec>
      <xCenter>3.171358502229033</xCenter>
      <yCenter>3.434263155135614</yCenter>
      <size>0.6749349577253159</size>
      <brightness>0.9079525750627976</brightness>
    </gaussSpec>
    <targetEyeWinCoords>
      <x>3.171358502229033</x>
      <y>3.434263155135614</y>
    </targetEyeWinCoords>
    <targetEyeWinSize>1.3498699154506317</targetEyeWinSize>
    <duration>1823.9596507263013</duration>
    <data>random</data>
  </VisualTrial>
  <VisualTrial>
    <gaussSpec>
      <xCenter>16.744740312428068</xCenter>
      <yCenter>5.793059363119314</yCenter>
      <size>0.5184964798116858</size>
      <brightness>0.7723608708108358</brightness>
    </gaussSpec>
    <targetEyeWinCoords>
      <x>16.744740312428068</x>
      <y>5.793059363119314</y>
    </targetEyeWinCoords>
    <targetEyeWinSize>1.0369929596233716</targetEyeWinSize>
    <duration>1780.6246569143432</duration>
    <data>random</data>
  </VisualTrial>
</list>