<?xml version="1.0" encoding="UTF-8" standalone="no"?><list>
  <GaussSpec>
    <xCenter>153.87066459179204</xCenter>
    <yCenter>-132.117811644475</yCenter>
    <size>11.405571243517489</size>
    <brightness>0.029511670581907068</brightness>
  </GaussSpec>
  <GaussSpec>
    <xCenter>170.97277578186254</xCenter>
    <yCenter>-28.733715969031792</yCenter>
    <size>6.5651113508297705</size>
    <brightness>0.5982609987770905</brightness>
  </GaussSpec>
  <GaussSpec>
    <xCenter>-138.01223894173063</xCenter>
    <yCenter>-79.21554272970239</yCenter>
    <size>10.089064273872705</size>
    <brightness>0.6859250418049614</brightness>
  </GaussSpec>
  <GaussSpec>
    <xCenter>-121.5883846222921</xCenter>
    <yCenter>33.616346910334556</yCenter>
    <size>15.827177641937071</size>
    <brightness>0.7141356010462406</brightness>
  </GaussSpec>
  <GaussSpec>
    <xCenter>39.874117448106574</xCenter>
    <yCenter>-143.501028833202</yCenter>
    <size>7.270030672862594</size>
    <brightness>0.21543222672982243</brightness>
  </GaussSpec>
  <GaussSpec>
    <xCenter>96.2360716539203</xCenter>
    <yCenter>-118.70393655340388</yCenter>
    <size>19.737334814860397</size>
    <brightness>0.9293279930445489</brightness>
  </GaussSpec>
  <GaussSpec>
    <xCenter>16.432257312999468</xCenter>
    <yCenter>17.42386331561505</yCenter>
    <size>6.864826787206946</size>
    <brightness>0.750547632193235</brightness>
  </GaussSpec>
  <GaussSpec>
    <xCenter>-82.30527272340997</xCenter>
    <yCenter>-4.421652720454574</yCenter>
    <size>16.30253718216874</size>
    <brightness>0.9649673721856648</brightness>
  </GaussSpec>
  <GaussSpec>
    <xCenter>169.02373683080987</xCenter>
    <yCenter>-81.32923042907417</yCenter>
    <size>8.531957824410899</size>
    <brightness>0.587753513013677</brightness>
  </GaussSpec>
  <GaussSpec>
    <xCenter>147.29187291090415</xCenter>
    <yCenter>-22.623006781576578</yCenter>
    <size>12.21531457152054</size>
    <brightness>0.23933281061101908</brightness>
  </GaussSpec>
  <GaussSpec>
    <xCenter>191.10230444331046</xCenter>
    <yCenter>-55.11761449583166</yCenter>
    <size>12.754099732743079</size>
    <brightness>0.4879970974875717</brightness>
  </GaussSpec>
  <GaussSpec>
    <xCenter>-188.58066940824833</xCenter>
    <yCenter>-61.35910021920046</yCenter>
    <size>7.4713040374339545</size>
    <brightness>0.83802282218813</brightness>
  </GaussSpec>
  <GaussSpec>
    <xCenter>32.91434897093313</xCenter>
    <yCenter>116.2800059955178</yCenter>
    <size>15.237470962426922</size>
    <brightness>0.9467167960684835</brightness>
  </GaussSpec>
  <GaussSpec>
    <xCenter>-54.605161753450005</xCenter>
    <yCenter>-71.39238831418294</yCenter>
    <size>16.642666872428823</size>
    <brightness>0.6634172586275165</brightness>
  </GaussSpec>
  <GaussSpec>
    <xCenter>103.78034392685527</xCenter>
    <yCenter>-39.166303224169994</yCenter>
    <size>18.083257503445083</size>
    <brightness>0.555784178956852</brightness>
  </GaussSpec>
  <GaussSpec>
    <xCenter>121.00459533420445</xCenter>
    <yCenter>23.749780257563344</yCenter>
    <size>14.90553329587774</size>
    <brightness>0.8295831265113864</brightness>
  </GaussSpec>
  <GaussSpec>
    <xCenter>-68.99802442838612</xCenter>
    <yCenter>-134.4135181381125</yCenter>
    <size>7.0813001393616</size>
    <brightness>0.49167328034918656</brightness>
  </GaussSpec>
  <GaussSpec>
    <xCenter>-142.3275299440068</xCenter>
    <yCenter>148.5379526063209</yCenter>
    <size>19.166457206984994</size>
    <brightness>0.9347935583764493</brightness>
  </GaussSpec>
  <GaussSpec>
    <xCenter>-79.18870806140406</xCenter>
    <yCenter>-132.42833573434376</yCenter>
    <size>14.462572804766</size>
    <brightness>0.32760942924518033</brightness>
  </GaussSpec>
  <GaussSpec>
    <xCenter>-120.89102889628612</xCenter>
    <yCenter>133.31270424567055</yCenter>
    <size>8.542990584415485</size>
    <brightness>0.2531209819091379</brightness>
  </GaussSpec>
  <GaussSpec>
    <xCenter>-102.61203801810017</xCenter>
    <yCenter>-147.1818190174822</yCenter>
    <size>14.39820241002331</size>
    <brightness>0.722097155303833</brightness>
  </GaussSpec>
  <GaussSpec>
    <xCenter>9.703068408390465</xCenter>
    <yCenter>-23.32483488407533</yCenter>
    <size>14.143601984323888</size>
    <brightness>0.4093337492647563</brightness>
  </GaussSpec>
  <GaussSpec>
    <xCenter>140.16577339785584</xCenter>
    <yCenter>-51.14092031025912</yCenter>
    <size>8.961613680887302</size>
    <brightness>0.45360729394277177</brightness>
  </GaussSpec>
  <GaussSpec>
    <xCenter>-102.83113157987775</xCenter>
    <yCenter>56.712540425638394</yCenter>
    <size>6.929174818454137</size>
    <brightness>0.5407814138515408</brightness>
  </GaussSpec>
  <GaussSpec>
    <xCenter>61.20137857008672</xCenter>
    <yCenter>96.51573026714226</yCenter>
    <size>6.660144139085268</size>
    <brightness>0.12686192813718866</brightness>
  </GaussSpec>
  <GaussSpec>
    <xCenter>-134.5543789518959</xCenter>
    <yCenter>-44.89590321227331</yCenter>
    <size>11.850665415422181</size>
    <brightness>0.04958829000372689</brightness>
  </GaussSpec>
  <GaussSpec>
    <xCenter>119.5809300892247</xCenter>
    <yCenter>-48.34121538653315</yCenter>
    <size>13.890141227122223</size>
    <brightness>0.02378076758969594</brightness>
  </GaussSpec>
  <GaussSpec>
    <xCenter>-18.68655954647204</xCenter>
    <yCenter>50.20973472663047</yCenter>
    <size>9.235513166270756</size>
    <brightness>0.40620151419788375</brightness>
  </GaussSpec>
  <GaussSpec>
    <xCenter>-14.045570271035558</xCenter>
    <yCenter>25.55462737527725</yCenter>
    <size>5.608415275036052</size>
    <brightness>0.24025656639194748</brightness>
  </GaussSpec>
  <GaussSpec>
    <xCenter>-3.3998535850727762</xCenter>
    <yCenter>-37.28530901987216</yCenter>
    <size>15.596141751516322</size>
    <brightness>0.7008831324662212</brightness>
  </GaussSpec>
  <GaussSpec>
    <xCenter>-7.379225821215641</xCenter>
    <yCenter>-42.077346870597566</yCenter>
    <size>7.435516037494002</size>
    <brightness>0.5128528621566496</brightness>
  </GaussSpec>
  <GaussSpec>
    <xCenter>173.71204615437262</xCenter>
    <yCenter>83.66811420086862</yCenter>
    <size>7.889684924229116</size>
    <brightness>0.62045850599418</brightness>
  </GaussSpec>
  <GaussSpec>
    <xCenter>-10.902089113879128</xCenter>
    <yCenter>36.61260733396523</yCenter>
    <size>18.920747305071302</size>
    <brightness>0.3520396623706361</brightness>
  </GaussSpec>
  <GaussSpec>
    <xCenter>-69.36986209434326</xCenter>
    <yCenter>-106.79773712195498</yCenter>
    <size>14.113107113571896</size>
    <brightness>0.25128241029394116</brightness>
  </GaussSpec>
  <GaussSpec>
    <xCenter>-90.24955596585683</xCenter>
    <yCenter>-30.153624887358944</yCenter>
    <size>18.164126273880484</size>
    <brightness>0.8853368445905668</brightness>
  </GaussSpec>
  <GaussSpec>
    <xCenter>-58.378398533562745</xCenter>
    <yCenter>-79.9273882978594</yCenter>
    <size>14.9647542565692</size>
    <brightness>0.266760448555582</brightness>
  </GaussSpec>
  <GaussSpec>
    <xCenter>192.66698412549545</xCenter>
    <yCenter>-100.52594935184024</yCenter>
    <size>18.35151641704811</size>
    <brightness>0.31098557666637205</brightness>
  </GaussSpec>
  <GaussSpec>
    <xCenter>164.6422293530473</xCenter>
    <yCenter>-143.2045620164327</yCenter>
    <size>13.518511833053823</size>
    <brightness>0.49585158695764087</brightness>
  </GaussSpec>
  <GaussSpec>
    <xCenter>-45.09956269822456</xCenter>
    <yCenter>83.00410570361097</yCenter>
    <size>7.669787555671443</size>
    <brightness>0.20632724833973104</brightness>
  </GaussSpec>
  <GaussSpec>
    <xCenter>153.6073428048225</xCenter>
    <yCenter>145.8263889312562</yCenter>
    <size>6.484165405962875</size>
    <brightness>0.1025098805634519</brightness>
  </GaussSpec>
  <GaussSpec>
    <xCenter>-107.48518444040498</xCenter>
    <yCenter>-103.56042375020036</yCenter>
    <size>8.977602397104574</size>
    <brightness>0.7010597370697412</brightness>
  </GaussSpec>
  <GaussSpec>
    <xCenter>-104.8215832934943</xCenter>
    <yCenter>-34.22953672669419</yCenter>
    <size>7.6684954795335525</size>
    <brightness>0.8617104883112394</brightness>
  </GaussSpec>
  <GaussSpec>
    <xCenter>-54.58845695024337</xCenter>
    <yCenter>-77.06065274210155</yCenter>
    <size>11.136065416595324</size>
    <brightness>0.1670800846266246</brightness>
  </GaussSpec>
  <GaussSpec>
    <xCenter>45.72534076156154</xCenter>
    <yCenter>6.570603094284223</yCenter>
    <size>14.234822453410771</size>
    <brightness>0.1107809405417921</brightness>
  </GaussSpec>
  <GaussSpec>
    <xCenter>-101.00345025659094</xCenter>
    <yCenter>75.30721243408593</yCenter>
    <size>10.728536926728378</size>
    <brightness>0.029322583386632295</brightness>
  </GaussSpec>
  <GaussSpec>
    <xCenter>130.4199683683454</xCenter>
    <yCenter>121.90551494939672</yCenter>
    <size>8.750499428811395</size>
    <brightness>0.7483996635764549</brightness>
  </GaussSpec>
  <GaussSpec>
    <xCenter>-27.76564320836397</xCenter>
    <yCenter>53.42558359736836</yCenter>
    <size>8.132423259936939</size>
    <brightness>0.7998639234400532</brightness>
  </GaussSpec>
  <GaussSpec>
    <xCenter>-12.933093413391475</xCenter>
    <yCenter>-87.79165132103184</yCenter>
    <size>7.472422729500865</size>
    <brightness>0.44490715649584756</brightness>
  </GaussSpec>
  <GaussSpec>
    <xCenter>97.62024897853848</xCenter>
    <yCenter>23.581471171982002</yCenter>
    <size>5.3264607445605785</size>
    <brightness>0.10897624146710705</brightness>
  </GaussSpec>
  <GaussSpec>
    <xCenter>-178.26945222826637</xCenter>
    <yCenter>-25.902952210578647</yCenter>
    <size>16.37873956926562</size>
    <brightness>0.7848923873265137</brightness>
  </GaussSpec>
  <GaussSpec>
    <xCenter>-196.0609616021084</xCenter>
    <yCenter>127.40040245857494</yCenter>
    <size>12.505230913204455</size>
    <brightness>0.0943949319801548</brightness>
  </GaussSpec>
  <GaussSpec>
    <xCenter>-31.490998927095518</xCenter>
    <yCenter>104.72188327709739</yCenter>
    <size>9.534967489536712</size>
    <brightness>0.6868780750179124</brightness>
  </GaussSpec>
  <GaussSpec>
    <xCenter>-76.46797821217216</xCenter>
    <yCenter>78.61163020559508</yCenter>
    <size>14.233816025991704</size>
    <brightness>0.4740693463081729</brightness>
  </GaussSpec>
  <GaussSpec>
    <xCenter>115.18310369142591</xCenter>
    <yCenter>-4.294104346176425</yCenter>
    <size>17.062047969941265</size>
    <brightness>0.011223859711431916</brightness>
  </GaussSpec>
  <GaussSpec>
    <xCenter>133.33945729036054</xCenter>
    <yCenter>-57.30519422955682</yCenter>
    <size>8.87518768309308</size>
    <brightness>0.7236993942213058</brightness>
  </GaussSpec>
  <GaussSpec>
    <xCenter>-140.7903444724153</xCenter>
    <yCenter>1.3740723052692658</yCenter>
    <size>12.323723636974625</size>
    <brightness>0.054419437682706184</brightness>
  </GaussSpec>
  <GaussSpec>
    <xCenter>13.407552586826398</xCenter>
    <yCenter>41.6442382551262</yCenter>
    <size>15.37112256060514</size>
    <brightness>7.556341403586186E-4</brightness>
  </GaussSpec>
  <GaussSpec>
    <xCenter>125.24155535922603</xCenter>
    <yCenter>-67.0289296069764</yCenter>
    <size>8.701646039216063</size>
    <brightness>0.8935357285353644</brightness>
  </GaussSpec>
  <GaussSpec>
    <xCenter>-184.80417967628412</xCenter>
    <yCenter>-64.28621253178096</yCenter>
    <size>14.824001525241892</size>
    <brightness>0.6875521139003471</brightness>
  </GaussSpec>
  <GaussSpec>
    <xCenter>188.92621744449616</xCenter>
    <yCenter>-68.1090705244076</yCenter>
    <size>5.8135466993655065</size>
    <brightness>0.8311592495990089</brightness>
  </GaussSpec>
  <GaussSpec>
    <xCenter>65.147909274065</xCenter>
    <yCenter>-88.34775787979349</yCenter>
    <size>16.585894945085563</size>
    <brightness>0.8831570039206521</brightness>
  </GaussSpec>
  <GaussSpec>
    <xCenter>-127.71452925661166</xCenter>
    <yCenter>-11.543220189868464</yCenter>
    <size>18.722449995509336</size>
    <brightness>0.31629172884901846</brightness>
  </GaussSpec>
  <GaussSpec>
    <xCenter>85.20774093509289</xCenter>
    <yCenter>-28.534949515229414</yCenter>
    <size>7.552320787657301</size>
    <brightness>0.11503698902799553</brightness>
  </GaussSpec>
  <GaussSpec>
    <xCenter>16.155692621967518</xCenter>
    <yCenter>-148.15208704414175</yCenter>
    <size>19.542317635601364</size>
    <brightness>0.04549637323546396</brightness>
  </GaussSpec>
  <GaussSpec>
    <xCenter>140.92565821355964</xCenter>
    <yCenter>-102.39580484345021</yCenter>
    <size>19.306265360360854</size>
    <brightness>0.005020705061197561</brightness>
  </GaussSpec>
  <GaussSpec>
    <xCenter>28.080407032493326</xCenter>
    <yCenter>-5.925631611528672</yCenter>
    <size>6.931528573787368</size>
    <brightness>0.1320764708068457</brightness>
  </GaussSpec>
  <GaussSpec>
    <xCenter>-159.15623322567524</xCenter>
    <yCenter>-17.708534825285113</yCenter>
    <size>17.272484074490112</size>
    <brightness>0.8572751784433376</brightness>
  </GaussSpec>
  <GaussSpec>
    <xCenter>-110.16022270820608</xCenter>
    <yCenter>-112.59508161519325</yCenter>
    <size>6.487084848148461</size>
    <brightness>0.68113529841811</brightness>
  </GaussSpec>
  <GaussSpec>
    <xCenter>-137.56839101994404</xCenter>
    <yCenter>-141.70786132900494</yCenter>
    <size>19.508926168164223</size>
    <brightness>0.7312888448725626</brightness>
  </GaussSpec>
  <GaussSpec>
    <xCenter>96.49655051298583</xCenter>
    <yCenter>97.77668047522312</yCenter>
    <size>11.700890806283908</size>
    <brightness>0.15079679867889972</brightness>
  </GaussSpec>
  <GaussSpec>
    <xCenter>-90.1338667840144</xCenter>
    <yCenter>-35.256359979734455</yCenter>
    <size>15.908265233198673</size>
    <brightness>0.7798747020908</brightness>
  </GaussSpec>
  <GaussSpec>
    <xCenter>99.51924039989433</xCenter>
    <yCenter>107.3544472942192</yCenter>
    <size>16.20739335431445</size>
    <brightness>0.9641842343036566</brightness>
  </GaussSpec>
  <GaussSpec>
    <xCenter>13.057062698902598</xCenter>
    <yCenter>3.021249452182559</yCenter>
    <size>13.59176079642814</size>
    <brightness>0.93925285983802</brightness>
  </GaussSpec>
  <GaussSpec>
    <xCenter>127.63049474954744</xCenter>
    <yCenter>68.109372542475</yCenter>
    <size>12.509248604024023</size>
    <brightness>0.12318545753534915</brightness>
  </GaussSpec>
  <GaussSpec>
    <xCenter>37.544444756606936</xCenter>
    <yCenter>95.2903123657278</yCenter>
    <size>9.829027199873149</size>
    <brightness>0.2192885931555909</brightness>
  </GaussSpec>
  <GaussSpec>
    <xCenter>158.599259686185</xCenter>
    <yCenter>29.96803169307043</yCenter>
    <size>16.597327392617828</size>
    <brightness>0.21397510914022344</brightness>
  </GaussSpec>
  <GaussSpec>
    <xCenter>49.596758988009725</xCenter>
    <yCenter>-90.66406462861666</yCenter>
    <size>19.728775385188523</size>
    <brightness>0.49010397781067594</brightness>
  </GaussSpec>
  <GaussSpec>
    <xCenter>87.12475691448537</xCenter>
    <yCenter>48.41841875587767</yCenter>
    <size>19.95700376490402</size>
    <brightness>0.5073996385191347</brightness>
  </GaussSpec>
  <GaussSpec>
    <xCenter>-46.70976152259371</xCenter>
    <yCenter>49.8412686410573</yCenter>
    <size>14.451470451263871</size>
    <brightness>0.5745903203987226</brightness>
  </GaussSpec>
  <GaussSpec>
    <xCenter>-146.0295066250016</xCenter>
    <yCenter>54.26628819454652</yCenter>
    <size>16.800843301085667</size>
    <brightness>0.7619145964666196</brightness>
  </GaussSpec>
  <GaussSpec>
    <xCenter>83.96786833717869</xCenter>
    <yCenter>-108.6478114472454</yCenter>
    <size>19.734418129508587</size>
    <brightness>0.47256409618993966</brightness>
  </GaussSpec>
  <GaussSpec>
    <xCenter>161.60366500354866</xCenter>
    <yCenter>92.22366107025519</yCenter>
    <size>17.771690892914652</size>
    <brightness>0.548687983758957</brightness>
  </GaussSpec>
  <GaussSpec>
    <xCenter>124.81158410204989</xCenter>
    <yCenter>-150.45138280402838</yCenter>
    <size>10.864372624200502</size>
    <brightness>0.0024161903881536606</brightness>
  </GaussSpec>
  <GaussSpec>
    <xCenter>32.80340013210525</xCenter>
    <yCenter>-71.51878655813739</yCenter>
    <size>11.42358604453796</size>
    <brightness>0.6329408060618471</brightness>
  </GaussSpec>
  <GaussSpec>
    <xCenter>69.8415025165549</xCenter>
    <yCenter>51.68051222391762</yCenter>
    <size>13.499100899986072</size>
    <brightness>0.05064669019031964</brightness>
  </GaussSpec>
  <GaussSpec>
    <xCenter>-191.33851939214173</xCenter>
    <yCenter>74.5220872635926</yCenter>
    <size>5.4235219607912875</size>
    <brightness>0.14207600710589785</brightness>
  </GaussSpec>
  <GaussSpec>
    <xCenter>-163.5852389242222</xCenter>
    <yCenter>-5.271085989602938</yCenter>
    <size>12.047796622087972</size>
    <brightness>0.8903807634448785</brightness>
  </GaussSpec>
  <GaussSpec>
    <xCenter>-11.238590941192314</xCenter>
    <yCenter>-86.98967575043109</yCenter>
    <size>11.215006872658911</size>
    <brightness>0.7763838826386841</brightness>
  </GaussSpec>
  <GaussSpec>
    <xCenter>193.28206640282235</xCenter>
    <yCenter>-133.54265880846378</yCenter>
    <size>14.635193234972647</size>
    <brightness>0.47298330363552965</brightness>
  </GaussSpec>
  <GaussSpec>
    <xCenter>-194.9146807075664</xCenter>
    <yCenter>-87.69966572098578</yCenter>
    <size>9.952708027701327</size>
    <brightness>0.34896055692097605</brightness>
  </GaussSpec>
  <GaussSpec>
    <xCenter>-50.731163888842275</xCenter>
    <yCenter>65.55720695761948</yCenter>
    <size>18.360301705967068</size>
    <brightness>0.5352684332825931</brightness>
  </GaussSpec>
  <GaussSpec>
    <xCenter>-152.8515687787212</xCenter>
    <yCenter>34.59662107773653</yCenter>
    <size>9.521581186787197</size>
    <brightness>0.2594067634851468</brightness>
  </GaussSpec>
  <GaussSpec>
    <xCenter>-177.78837696528043</xCenter>
    <yCenter>-8.812032023062415</yCenter>
    <size>15.017230465629934</size>
    <brightness>0.6976099316700652</brightness>
  </GaussSpec>
  <GaussSpec>
    <xCenter>43.150363545089704</xCenter>
    <yCenter>132.41014252645328</yCenter>
    <size>16.895054548351546</size>
    <brightness>0.4986682255482481</brightness>
  </GaussSpec>
  <GaussSpec>
    <xCenter>137.67825611885553</xCenter>
    <yCenter>106.83264636925196</yCenter>
    <size>14.606389887425474</size>
    <brightness>0.37166894884205903</brightness>
  </GaussSpec>
  <GaussSpec>
    <xCenter>101.24932708704404</xCenter>
    <yCenter>-124.57224763425131</yCenter>
    <size>5.292080467590462</size>
    <brightness>0.17082229660579773</brightness>
  </GaussSpec>
  <GaussSpec>
    <xCenter>-74.67025220012559</xCenter>
    <yCenter>1.2296278828092397</yCenter>
    <size>7.092804528329301</size>
    <brightness>0.48013305311651655</brightness>
  </GaussSpec>
  <GaussSpec>
    <xCenter>-43.644244540993924</xCenter>
    <yCenter>149.88920834844197</yCenter>
    <size>15.502170374420269</size>
    <brightness>0.983679095644953</brightness>
  </GaussSpec>
  <GaussSpec>
    <xCenter>-184.37197798222044</xCenter>
    <yCenter>31.08218832129856</yCenter>
    <size>10.135929368085346</size>
    <brightness>0.3871255122668831</brightness>
  </GaussSpec>
  <GaussSpec>
    <xCenter>-129.57197267204475</xCenter>
    <yCenter>-44.75605599489241</yCenter>
    <size>18.317540102507785</size>
    <brightness>0.21679349920863378</brightness>
  </GaussSpec>
</list>