<?xml version="1.0" encoding="UTF-8" standalone="no"?><list>
  <VisualTrial>
    <GaussSpec>
      <xCenter>114.42240339902486</xCenter>
      <yCenter>-88.19291455638869</yCenter>
      <size>5.0</size>
      <brightness>0.4608672237537148</brightness>
    </GaussSpec>
    <targetEyeWinCoords>
      <x>114.42240339902486</x>
      <y>-88.19291455638869</y>
    </targetEyeWinCoords>
    <targetEyeWinSize>5.0</targetEyeWinSize>
    <duration>1391.9387569419114</duration>
    <data>random</data>
  </VisualTrial>
  <VisualTrial>
    <GaussSpec>
      <xCenter>117.74566040761903</xCenter>
      <yCenter>112.4905510963535</yCenter>
      <size>5.0</size>
      <brightness>0.7226911606531675</brightness>
    </GaussSpec>
    <targetEyeWinCoords>
      <x>117.74566040761903</x>
      <y>112.4905510963535</y>
    </targetEyeWinCoords>
    <targetEyeWinSize>5.0</targetEyeWinSize>
    <duration>1717.395194989967</duration>
    <data>random</data>
  </VisualTrial>
  <VisualTrial>
    <GaussSpec>
      <xCenter>42.49635340284783</xCenter>
      <yCenter>14.253478342057349</yCenter>
      <size>5.0</size>
      <brightness>0.8423483896968741</brightness>
    </GaussSpec>
    <targetEyeWinCoords>
      <x>42.49635340284783</x>
      <y>14.253478342057349</y>
    </targetEyeWinCoords>
    <targetEyeWinSize>5.0</targetEyeWinSize>
    <duration>1954.5700178076281</duration>
    <data>random</data>
  </VisualTrial>
  <VisualTrial>
    <GaussSpec>
      <xCenter>-62.39547323224346</xCenter>
      <yCenter>-6.005801447843368</yCenter>
      <size>5.0</size>
      <brightness>0.8720799659377237</brightness>
    </GaussSpec>
    <targetEyeWinCoords>
      <x>-62.39547323224346</x>
      <y>-6.005801447843368</y>
    </targetEyeWinCoords>
    <targetEyeWinSize>5.0</targetEyeWinSize>
    <duration>1303.7803921884965</duration>
    <data>random</data>
  </VisualTrial>
  <VisualTrial>
    <GaussSpec>
      <xCenter>-186.328894787232</xCenter>
      <yCenter>35.25636217850629</yCenter>
      <size>5.0</size>
      <brightness>0.5029540902528599</brightness>
    </GaussSpec>
    <targetEyeWinCoords>
      <x>-186.328894787232</x>
      <y>35.25636217850629</y>
    </targetEyeWinCoords>
    <targetEyeWinSize>5.0</targetEyeWinSize>
    <duration>1667.229417116474</duration>
    <data>random</data>
  </VisualTrial>
  <VisualTrial>
    <GaussSpec>
      <xCenter>-92.90060091993394</xCenter>
      <yCenter>-111.55916486644497</yCenter>
      <size>5.0</size>
      <brightness>0.27601449833971237</brightness>
    </GaussSpec>
    <targetEyeWinCoords>
      <x>-92.90060091993394</x>
      <y>-111.55916486644497</y>
    </targetEyeWinCoords>
    <targetEyeWinSize>5.0</targetEyeWinSize>
    <duration>1976.4984810662318</duration>
    <data>random</data>
  </VisualTrial>
  <VisualTrial>
    <GaussSpec>
      <xCenter>-103.43855096819217</xCenter>
      <yCenter>32.612171624056685</yCenter>
      <size>5.0</size>
      <brightness>0.9299111164590469</brightness>
    </GaussSpec>
    <targetEyeWinCoords>
      <x>-103.43855096819217</x>
      <y>32.612171624056685</y>
    </targetEyeWinCoords>
    <targetEyeWinSize>5.0</targetEyeWinSize>
    <duration>1883.6639240353602</duration>
    <data>random</data>
  </VisualTrial>
  <VisualTrial>
    <GaussSpec>
      <xCenter>-120.79404605932932</xCenter>
      <yCenter>-21.738601170988815</yCenter>
      <size>5.0</size>
      <brightness>0.7227065234270064</brightness>
    </GaussSpec>
    <targetEyeWinCoords>
      <x>-120.79404605932932</x>
      <y>-21.738601170988815</y>
    </targetEyeWinCoords>
    <targetEyeWinSize>5.0</targetEyeWinSize>
    <duration>1310.3167208251143</duration>
    <data>random</data>
  </VisualTrial>
  <VisualTrial>
    <GaussSpec>
      <xCenter>-79.2627480049118</xCenter>
      <yCenter>132.85462680315362</yCenter>
      <size>5.0</size>
      <brightness>0.29009069940789545</brightness>
    </GaussSpec>
    <targetEyeWinCoords>
      <x>-79.2627480049118</x>
      <y>132.85462680315362</y>
    </targetEyeWinCoords>
    <targetEyeWinSize>5.0</targetEyeWinSize>
    <duration>1539.5162720320054</duration>
    <data>random</data>
  </VisualTrial>
  <VisualTrial>
    <GaussSpec>
      <xCenter>187.88828089510844</xCenter>
      <yCenter>10.313556052732196</yCenter>
      <size>5.0</size>
      <brightness>0.13286350305665529</brightness>
    </GaussSpec>
    <targetEyeWinCoords>
      <x>187.88828089510844</x>
      <y>10.313556052732196</y>
    </targetEyeWinCoords>
    <targetEyeWinSize>5.0</targetEyeWinSize>
    <duration>1328.4851533228316</duration>
    <data>random</data>
  </VisualTrial>
  <VisualTrial>
    <GaussSpec>
      <xCenter>120.40982283529718</xCenter>
      <yCenter>-134.65957903492972</yCenter>
      <size>5.0</size>
      <brightness>0.16636043552424462</brightness>
    </GaussSpec>
    <targetEyeWinCoords>
      <x>120.40982283529718</x>
      <y>-134.65957903492972</y>
    </targetEyeWinCoords>
    <targetEyeWinSize>5.0</targetEyeWinSize>
    <duration>1023.117397365036</duration>
    <data>random</data>
  </VisualTrial>
  <VisualTrial>
    <GaussSpec>
      <xCenter>-80.73239493524547</xCenter>
      <yCenter>111.61584252712765</yCenter>
      <size>5.0</size>
      <brightness>0.9685405147527102</brightness>
    </GaussSpec>
    <targetEyeWinCoords>
      <x>-80.73239493524547</x>
      <y>111.61584252712765</y>
    </targetEyeWinCoords>
    <targetEyeWinSize>5.0</targetEyeWinSize>
    <duration>1844.3668804883325</duration>
    <data>random</data>
  </VisualTrial>
  <VisualTrial>
    <GaussSpec>
      <xCenter>-118.06987492094302</xCenter>
      <yCenter>-126.203238863018</yCenter>
      <size>5.0</size>
      <brightness>0.9562132111944716</brightness>
    </GaussSpec>
    <targetEyeWinCoords>
      <x>-118.06987492094302</x>
      <y>-126.203238863018</y>
    </targetEyeWinCoords>
    <targetEyeWinSize>5.0</targetEyeWinSize>
    <duration>1182.2489425451297</duration>
    <data>random</data>
  </VisualTrial>
  <VisualTrial>
    <GaussSpec>
      <xCenter>15.240368982961172</xCenter>
      <yCenter>108.1299011958979</yCenter>
      <size>5.0</size>
      <brightness>0.25971391685219203</brightness>
    </GaussSpec>
    <targetEyeWinCoords>
      <x>15.240368982961172</x>
      <y>108.1299011958979</y>
    </targetEyeWinCoords>
    <targetEyeWinSize>5.0</targetEyeWinSize>
    <duration>1455.078748062661</duration>
    <data>random</data>
  </VisualTrial>
  <VisualTrial>
    <GaussSpec>
      <xCenter>133.73905729788726</xCenter>
      <yCenter>-70.55648328580185</yCenter>
      <size>5.0</size>
      <brightness>0.7981423724660354</brightness>
    </GaussSpec>
    <targetEyeWinCoords>
      <x>133.73905729788726</x>
      <y>-70.55648328580185</y>
    </targetEyeWinCoords>
    <targetEyeWinSize>5.0</targetEyeWinSize>
    <duration>1723.7257807895398</duration>
    <data>random</data>
  </VisualTrial>
  <VisualTrial>
    <GaussSpec>
      <xCenter>-10.338421502593036</xCenter>
      <yCenter>1.2569405734632255</yCenter>
      <size>5.0</size>
      <brightness>0.13292202991274282</brightness>
    </GaussSpec>
    <targetEyeWinCoords>
      <x>-10.338421502593036</x>
      <y>1.2569405734632255</y>
    </targetEyeWinCoords>
    <targetEyeWinSize>5.0</targetEyeWinSize>
    <duration>1566.1118481677686</duration>
    <data>random</data>
  </VisualTrial>
  <VisualTrial>
    <GaussSpec>
      <xCenter>-195.51458059243555</xCenter>
      <yCenter>118.65190883796487</yCenter>
      <size>5.0</size>
      <brightness>0.1847964325638889</brightness>
    </GaussSpec>
    <targetEyeWinCoords>
      <x>-195.51458059243555</x>
      <y>118.65190883796487</y>
    </targetEyeWinCoords>
    <targetEyeWinSize>5.0</targetEyeWinSize>
    <duration>1096.616172582095</duration>
    <data>random</data>
  </VisualTrial>
  <VisualTrial>
    <GaussSpec>
      <xCenter>-157.3512319877502</xCenter>
      <yCenter>111.44837921334533</yCenter>
      <size>5.0</size>
      <brightness>0.23677847954496767</brightness>
    </GaussSpec>
    <targetEyeWinCoords>
      <x>-157.3512319877502</x>
      <y>111.44837921334533</y>
    </targetEyeWinCoords>
    <targetEyeWinSize>5.0</targetEyeWinSize>
    <duration>1086.4851008122312</duration>
    <data>random</data>
  </VisualTrial>
  <VisualTrial>
    <GaussSpec>
      <xCenter>101.98955661809885</xCenter>
      <yCenter>-46.515057345625706</yCenter>
      <size>5.0</size>
      <brightness>0.26915913616314213</brightness>
    </GaussSpec>
    <targetEyeWinCoords>
      <x>101.98955661809885</x>
      <y>-46.515057345625706</y>
    </targetEyeWinCoords>
    <targetEyeWinSize>5.0</targetEyeWinSize>
    <duration>1562.8387914891</duration>
    <data>random</data>
  </VisualTrial>
  <VisualTrial>
    <GaussSpec>
      <xCenter>-85.67436258415454</xCenter>
      <yCenter>-0.7819285391522897</yCenter>
      <size>5.0</size>
      <brightness>0.35039102164392766</brightness>
    </GaussSpec>
    <targetEyeWinCoords>
      <x>-85.67436258415454</x>
      <y>-0.7819285391522897</y>
    </targetEyeWinCoords>
    <targetEyeWinSize>5.0</targetEyeWinSize>
    <duration>1446.6213545783528</duration>
    <data>random</data>
  </VisualTrial>
  <VisualTrial>
    <GaussSpec>
      <xCenter>-78.88393517442866</xCenter>
      <yCenter>26.760220450917842</yCenter>
      <size>5.0</size>
      <brightness>0.2625546614413703</brightness>
    </GaussSpec>
    <targetEyeWinCoords>
      <x>-78.88393517442866</x>
      <y>26.760220450917842</y>
    </targetEyeWinCoords>
    <targetEyeWinSize>5.0</targetEyeWinSize>
    <duration>1686.1058920848618</duration>
    <data>random</data>
  </VisualTrial>
  <VisualTrial>
    <GaussSpec>
      <xCenter>-15.201182514424659</xCenter>
      <yCenter>103.4515098188883</yCenter>
      <size>5.0</size>
      <brightness>0.2991969994542555</brightness>
    </GaussSpec>
    <targetEyeWinCoords>
      <x>-15.201182514424659</x>
      <y>103.4515098188883</y>
    </targetEyeWinCoords>
    <targetEyeWinSize>5.0</targetEyeWinSize>
    <duration>1979.6758904189937</duration>
    <data>random</data>
  </VisualTrial>
  <VisualTrial>
    <GaussSpec>
      <xCenter>-170.07882702293668</xCenter>
      <yCenter>10.662790664569712</yCenter>
      <size>5.0</size>
      <brightness>0.23768167013481933</brightness>
    </GaussSpec>
    <targetEyeWinCoords>
      <x>-170.07882702293668</x>
      <y>10.662790664569712</y>
    </targetEyeWinCoords>
    <targetEyeWinSize>5.0</targetEyeWinSize>
    <duration>1816.8226085449169</duration>
    <data>random</data>
  </VisualTrial>
  <VisualTrial>
    <GaussSpec>
      <xCenter>193.63359192912844</xCenter>
      <yCenter>141.2376117936576</yCenter>
      <size>5.0</size>
      <brightness>0.5953236089222734</brightness>
    </GaussSpec>
    <targetEyeWinCoords>
      <x>193.63359192912844</x>
      <y>141.2376117936576</y>
    </targetEyeWinCoords>
    <targetEyeWinSize>5.0</targetEyeWinSize>
    <duration>1122.9119479780898</duration>
    <data>random</data>
  </VisualTrial>
  <VisualTrial>
    <GaussSpec>
      <xCenter>-20.62770075773929</xCenter>
      <yCenter>47.96521405253421</yCenter>
      <size>5.0</size>
      <brightness>0.005938179501602248</brightness>
    </GaussSpec>
    <targetEyeWinCoords>
      <x>-20.62770075773929</x>
      <y>47.96521405253421</y>
    </targetEyeWinCoords>
    <targetEyeWinSize>5.0</targetEyeWinSize>
    <duration>1242.7260545462832</duration>
    <data>random</data>
  </VisualTrial>
  <VisualTrial>
    <GaussSpec>
      <xCenter>14.455554678157654</xCenter>
      <yCenter>126.86821707364169</yCenter>
      <size>5.0</size>
      <brightness>0.5260478946811927</brightness>
    </GaussSpec>
    <targetEyeWinCoords>
      <x>14.455554678157654</x>
      <y>126.86821707364169</y>
    </targetEyeWinCoords>
    <targetEyeWinSize>5.0</targetEyeWinSize>
    <duration>1827.4881138899118</duration>
    <data>random</data>
  </VisualTrial>
  <VisualTrial>
    <GaussSpec>
      <xCenter>-112.82925828795317</xCenter>
      <yCenter>113.68661663119138</yCenter>
      <size>5.0</size>
      <brightness>0.7385604238134347</brightness>
    </GaussSpec>
    <targetEyeWinCoords>
      <x>-112.82925828795317</x>
      <y>113.68661663119138</y>
    </targetEyeWinCoords>
    <targetEyeWinSize>5.0</targetEyeWinSize>
    <duration>1630.349922109826</duration>
    <data>random</data>
  </VisualTrial>
  <VisualTrial>
    <GaussSpec>
      <xCenter>64.88673401696406</xCenter>
      <yCenter>-133.97742045811918</yCenter>
      <size>5.0</size>
      <brightness>0.3000858454682265</brightness>
    </GaussSpec>
    <targetEyeWinCoords>
      <x>64.88673401696406</x>
      <y>-133.97742045811918</y>
    </targetEyeWinCoords>
    <targetEyeWinSize>5.0</targetEyeWinSize>
    <duration>1965.9164983749656</duration>
    <data>random</data>
  </VisualTrial>
  <VisualTrial>
    <GaussSpec>
      <xCenter>152.4560966395719</xCenter>
      <yCenter>-51.10356679016175</yCenter>
      <size>5.0</size>
      <brightness>0.45465693724046874</brightness>
    </GaussSpec>
    <targetEyeWinCoords>
      <x>152.4560966395719</x>
      <y>-51.10356679016175</y>
    </targetEyeWinCoords>
    <targetEyeWinSize>5.0</targetEyeWinSize>
    <duration>1767.5628330086167</duration>
    <data>random</data>
  </VisualTrial>
  <VisualTrial>
    <GaussSpec>
      <xCenter>-187.99903029414747</xCenter>
      <yCenter>103.88501592297598</yCenter>
      <size>5.0</size>
      <brightness>0.5806273524420122</brightness>
    </GaussSpec>
    <targetEyeWinCoords>
      <x>-187.99903029414747</x>
      <y>103.88501592297598</y>
    </targetEyeWinCoords>
    <targetEyeWinSize>5.0</targetEyeWinSize>
    <duration>1538.061757492293</duration>
    <data>random</data>
  </VisualTrial>
  <VisualTrial>
    <GaussSpec>
      <xCenter>-17.858252685517897</xCenter>
      <yCenter>-133.0686485862155</yCenter>
      <size>5.0</size>
      <brightness>0.08648352318539132</brightness>
    </GaussSpec>
    <targetEyeWinCoords>
      <x>-17.858252685517897</x>
      <y>-133.0686485862155</y>
    </targetEyeWinCoords>
    <targetEyeWinSize>5.0</targetEyeWinSize>
    <duration>1629.2491544199966</duration>
    <data>random</data>
  </VisualTrial>
  <VisualTrial>
    <GaussSpec>
      <xCenter>154.56920544998013</xCenter>
      <yCenter>-111.46792040631861</yCenter>
      <size>5.0</size>
      <brightness>0.2916931420452814</brightness>
    </GaussSpec>
    <targetEyeWinCoords>
      <x>154.56920544998013</x>
      <y>-111.46792040631861</y>
    </targetEyeWinCoords>
    <targetEyeWinSize>5.0</targetEyeWinSize>
    <duration>1465.7915629946406</duration>
    <data>random</data>
  </VisualTrial>
  <VisualTrial>
    <GaussSpec>
      <xCenter>107.4177225201284</xCenter>
      <yCenter>-90.2793038492579</yCenter>
      <size>5.0</size>
      <brightness>0.9868941061139888</brightness>
    </GaussSpec>
    <targetEyeWinCoords>
      <x>107.4177225201284</x>
      <y>-90.2793038492579</y>
    </targetEyeWinCoords>
    <targetEyeWinSize>5.0</targetEyeWinSize>
    <duration>1295.4877886032878</duration>
    <data>random</data>
  </VisualTrial>
  <VisualTrial>
    <GaussSpec>
      <xCenter>-163.81136721183722</xCenter>
      <yCenter>-108.66534519544493</yCenter>
      <size>5.0</size>
      <brightness>0.41744749204257414</brightness>
    </GaussSpec>
    <targetEyeWinCoords>
      <x>-163.81136721183722</x>
      <y>-108.66534519544493</y>
    </targetEyeWinCoords>
    <targetEyeWinSize>5.0</targetEyeWinSize>
    <duration>1269.3717894626895</duration>
    <data>random</data>
  </VisualTrial>
  <VisualTrial>
    <GaussSpec>
      <xCenter>-160.16336221059768</xCenter>
      <yCenter>-71.7691527587151</yCenter>
      <size>5.0</size>
      <brightness>0.9250272388488746</brightness>
    </GaussSpec>
    <targetEyeWinCoords>
      <x>-160.16336221059768</x>
      <y>-71.7691527587151</y>
    </targetEyeWinCoords>
    <targetEyeWinSize>5.0</targetEyeWinSize>
    <duration>1286.6424980217412</duration>
    <data>random</data>
  </VisualTrial>
  <VisualTrial>
    <GaussSpec>
      <xCenter>84.86527887156734</xCenter>
      <yCenter>127.4812999418578</yCenter>
      <size>5.0</size>
      <brightness>0.8049131323653567</brightness>
    </GaussSpec>
    <targetEyeWinCoords>
      <x>84.86527887156734</x>
      <y>127.4812999418578</y>
    </targetEyeWinCoords>
    <targetEyeWinSize>5.0</targetEyeWinSize>
    <duration>1737.5974608527195</duration>
    <data>random</data>
  </VisualTrial>
  <VisualTrial>
    <GaussSpec>
      <xCenter>-72.74225028668047</xCenter>
      <yCenter>-75.89197693869005</yCenter>
      <size>5.0</size>
      <brightness>0.4252968264894248</brightness>
    </GaussSpec>
    <targetEyeWinCoords>
      <x>-72.74225028668047</x>
      <y>-75.89197693869005</y>
    </targetEyeWinCoords>
    <targetEyeWinSize>5.0</targetEyeWinSize>
    <duration>1676.3734865666656</duration>
    <data>random</data>
  </VisualTrial>
  <VisualTrial>
    <GaussSpec>
      <xCenter>-17.791492223779983</xCenter>
      <yCenter>126.42176214984522</yCenter>
      <size>5.0</size>
      <brightness>0.143250411084485</brightness>
    </GaussSpec>
    <targetEyeWinCoords>
      <x>-17.791492223779983</x>
      <y>126.42176214984522</y>
    </targetEyeWinCoords>
    <targetEyeWinSize>5.0</targetEyeWinSize>
    <duration>1860.2420930669678</duration>
    <data>random</data>
  </VisualTrial>
  <VisualTrial>
    <GaussSpec>
      <xCenter>77.98413981552255</xCenter>
      <yCenter>82.31954505200721</yCenter>
      <size>5.0</size>
      <brightness>0.016426765130322374</brightness>
    </GaussSpec>
    <targetEyeWinCoords>
      <x>77.98413981552255</x>
      <y>82.31954505200721</y>
    </targetEyeWinCoords>
    <targetEyeWinSize>5.0</targetEyeWinSize>
    <duration>1114.6795202372246</duration>
    <data>random</data>
  </VisualTrial>
  <VisualTrial>
    <GaussSpec>
      <xCenter>66.49989482838322</xCenter>
      <yCenter>110.2363947414675</yCenter>
      <size>5.0</size>
      <brightness>0.8756464255009382</brightness>
    </GaussSpec>
    <targetEyeWinCoords>
      <x>66.49989482838322</x>
      <y>110.2363947414675</y>
    </targetEyeWinCoords>
    <targetEyeWinSize>5.0</targetEyeWinSize>
    <duration>1632.3369487296118</duration>
    <data>random</data>
  </VisualTrial>
  <VisualTrial>
    <GaussSpec>
      <xCenter>-157.3887384165426</xCenter>
      <yCenter>-129.59283266137865</yCenter>
      <size>5.0</size>
      <brightness>0.5226479244336534</brightness>
    </GaussSpec>
    <targetEyeWinCoords>
      <x>-157.3887384165426</x>
      <y>-129.59283266137865</y>
    </targetEyeWinCoords>
    <targetEyeWinSize>5.0</targetEyeWinSize>
    <duration>1435.451564974849</duration>
    <data>random</data>
  </VisualTrial>
  <VisualTrial>
    <GaussSpec>
      <xCenter>-34.25780234532658</xCenter>
      <yCenter>67.04206072016893</yCenter>
      <size>5.0</size>
      <brightness>0.6127204136009189</brightness>
    </GaussSpec>
    <targetEyeWinCoords>
      <x>-34.25780234532658</x>
      <y>67.04206072016893</y>
    </targetEyeWinCoords>
    <targetEyeWinSize>5.0</targetEyeWinSize>
    <duration>1778.3432865328111</duration>
    <data>random</data>
  </VisualTrial>
  <VisualTrial>
    <GaussSpec>
      <xCenter>-183.13870935124424</xCenter>
      <yCenter>-62.62785866258986</yCenter>
      <size>5.0</size>
      <brightness>0.5145875964058241</brightness>
    </GaussSpec>
    <targetEyeWinCoords>
      <x>-183.13870935124424</x>
      <y>-62.62785866258986</y>
    </targetEyeWinCoords>
    <targetEyeWinSize>5.0</targetEyeWinSize>
    <duration>1378.3870596540216</duration>
    <data>random</data>
  </VisualTrial>
  <VisualTrial>
    <GaussSpec>
      <xCenter>171.16391409509316</xCenter>
      <yCenter>49.90663831742103</yCenter>
      <size>5.0</size>
      <brightness>0.08263965206447699</brightness>
    </GaussSpec>
    <targetEyeWinCoords>
      <x>171.16391409509316</x>
      <y>49.90663831742103</y>
    </targetEyeWinCoords>
    <targetEyeWinSize>5.0</targetEyeWinSize>
    <duration>1471.8067965371736</duration>
    <data>random</data>
  </VisualTrial>
  <VisualTrial>
    <GaussSpec>
      <xCenter>-50.92147386935315</xCenter>
      <yCenter>-114.89918408781912</yCenter>
      <size>5.0</size>
      <brightness>0.6377326070186005</brightness>
    </GaussSpec>
    <targetEyeWinCoords>
      <x>-50.92147386935315</x>
      <y>-114.89918408781912</y>
    </targetEyeWinCoords>
    <targetEyeWinSize>5.0</targetEyeWinSize>
    <duration>1953.9899002801449</duration>
    <data>random</data>
  </VisualTrial>
  <VisualTrial>
    <GaussSpec>
      <xCenter>75.19847004857724</xCenter>
      <yCenter>82.00255503991502</yCenter>
      <size>5.0</size>
      <brightness>0.48773507603298505</brightness>
    </GaussSpec>
    <targetEyeWinCoords>
      <x>75.19847004857724</x>
      <y>82.00255503991502</y>
    </targetEyeWinCoords>
    <targetEyeWinSize>5.0</targetEyeWinSize>
    <duration>1382.4886954422977</duration>
    <data>random</data>
  </VisualTrial>
  <VisualTrial>
    <GaussSpec>
      <xCenter>-168.018119274161</xCenter>
      <yCenter>92.444352097593</yCenter>
      <size>5.0</size>
      <brightness>0.8141447896447038</brightness>
    </GaussSpec>
    <targetEyeWinCoords>
      <x>-168.018119274161</x>
      <y>92.444352097593</y>
    </targetEyeWinCoords>
    <targetEyeWinSize>5.0</targetEyeWinSize>
    <duration>1408.279291054952</duration>
    <data>random</data>
  </VisualTrial>
  <VisualTrial>
    <GaussSpec>
      <xCenter>171.32282715561928</xCenter>
      <yCenter>118.12896407848183</yCenter>
      <size>5.0</size>
      <brightness>0.7466025205617046</brightness>
    </GaussSpec>
    <targetEyeWinCoords>
      <x>171.32282715561928</x>
      <y>118.12896407848183</y>
    </targetEyeWinCoords>
    <targetEyeWinSize>5.0</targetEyeWinSize>
    <duration>1674.293071396275</duration>
    <data>random</data>
  </VisualTrial>
  <VisualTrial>
    <GaussSpec>
      <xCenter>-187.30092128034647</xCenter>
      <yCenter>-102.24447859845219</yCenter>
      <size>5.0</size>
      <brightness>0.26220980628202395</brightness>
    </GaussSpec>
    <targetEyeWinCoords>
      <x>-187.30092128034647</x>
      <y>-102.24447859845219</y>
    </targetEyeWinCoords>
    <targetEyeWinSize>5.0</targetEyeWinSize>
    <duration>1697.749395948314</duration>
    <data>random</data>
  </VisualTrial>
  <VisualTrial>
    <GaussSpec>
      <xCenter>79.42606114084356</xCenter>
      <yCenter>-143.70122468583045</yCenter>
      <size>5.0</size>
      <brightness>0.5014698445467</brightness>
    </GaussSpec>
    <targetEyeWinCoords>
      <x>79.42606114084356</x>
      <y>-143.70122468583045</y>
    </targetEyeWinCoords>
    <targetEyeWinSize>5.0</targetEyeWinSize>
    <duration>1464.6647217114005</duration>
    <data>random</data>
  </VisualTrial>
  <VisualTrial>
    <GaussSpec>
      <xCenter>190.43100898210827</xCenter>
      <yCenter>110.16166667355566</yCenter>
      <size>5.0</size>
      <brightness>0.9776136677481255</brightness>
    </GaussSpec>
    <targetEyeWinCoords>
      <x>190.43100898210827</x>
      <y>110.16166667355566</y>
    </targetEyeWinCoords>
    <targetEyeWinSize>5.0</targetEyeWinSize>
    <duration>1716.7213042827925</duration>
    <data>random</data>
  </VisualTrial>
  <VisualTrial>
    <GaussSpec>
      <xCenter>-13.024069023524476</xCenter>
      <yCenter>-115.35328327761029</yCenter>
      <size>5.0</size>
      <brightness>0.25940157071225334</brightness>
    </GaussSpec>
    <targetEyeWinCoords>
      <x>-13.024069023524476</x>
      <y>-115.35328327761029</y>
    </targetEyeWinCoords>
    <targetEyeWinSize>5.0</targetEyeWinSize>
    <duration>1394.6681007479015</duration>
    <data>random</data>
  </VisualTrial>
  <VisualTrial>
    <GaussSpec>
      <xCenter>17.829624309730377</xCenter>
      <yCenter>-26.229578663659083</yCenter>
      <size>5.0</size>
      <brightness>0.14938457939731065</brightness>
    </GaussSpec>
    <targetEyeWinCoords>
      <x>17.829624309730377</x>
      <y>-26.229578663659083</y>
    </targetEyeWinCoords>
    <targetEyeWinSize>5.0</targetEyeWinSize>
    <duration>1028.104973021224</duration>
    <data>random</data>
  </VisualTrial>
  <VisualTrial>
    <GaussSpec>
      <xCenter>-6.012325977972381</xCenter>
      <yCenter>36.72804798838672</yCenter>
      <size>5.0</size>
      <brightness>0.9987828824819179</brightness>
    </GaussSpec>
    <targetEyeWinCoords>
      <x>-6.012325977972381</x>
      <y>36.72804798838672</y>
    </targetEyeWinCoords>
    <targetEyeWinSize>5.0</targetEyeWinSize>
    <duration>1519.9310265356976</duration>
    <data>random</data>
  </VisualTrial>
  <VisualTrial>
    <GaussSpec>
      <xCenter>-34.9593500430079</xCenter>
      <yCenter>-40.205473231588186</yCenter>
      <size>5.0</size>
      <brightness>0.22932529729741635</brightness>
    </GaussSpec>
    <targetEyeWinCoords>
      <x>-34.9593500430079</x>
      <y>-40.205473231588186</y>
    </targetEyeWinCoords>
    <targetEyeWinSize>5.0</targetEyeWinSize>
    <duration>1813.9780528104689</duration>
    <data>random</data>
  </VisualTrial>
  <VisualTrial>
    <GaussSpec>
      <xCenter>101.13574785550003</xCenter>
      <yCenter>127.58865961738746</yCenter>
      <size>5.0</size>
      <brightness>0.2543055261339139</brightness>
    </GaussSpec>
    <targetEyeWinCoords>
      <x>101.13574785550003</x>
      <y>127.58865961738746</y>
    </targetEyeWinCoords>
    <targetEyeWinSize>5.0</targetEyeWinSize>
    <duration>1133.488341635143</duration>
    <data>random</data>
  </VisualTrial>
  <VisualTrial>
    <GaussSpec>
      <xCenter>29.208191714354513</xCenter>
      <yCenter>109.59425478837426</yCenter>
      <size>5.0</size>
      <brightness>0.4742511722905257</brightness>
    </GaussSpec>
    <targetEyeWinCoords>
      <x>29.208191714354513</x>
      <y>109.59425478837426</y>
    </targetEyeWinCoords>
    <targetEyeWinSize>5.0</targetEyeWinSize>
    <duration>1510.9070948239084</duration>
    <data>random</data>
  </VisualTrial>
  <VisualTrial>
    <GaussSpec>
      <xCenter>-6.092465549974207</xCenter>
      <yCenter>-82.32474270019496</yCenter>
      <size>5.0</size>
      <brightness>0.4545485149228906</brightness>
    </GaussSpec>
    <targetEyeWinCoords>
      <x>-6.092465549974207</x>
      <y>-82.32474270019496</y>
    </targetEyeWinCoords>
    <targetEyeWinSize>5.0</targetEyeWinSize>
    <duration>1845.4289748040226</duration>
    <data>random</data>
  </VisualTrial>
  <VisualTrial>
    <GaussSpec>
      <xCenter>-48.12614993483547</xCenter>
      <yCenter>23.008850060975078</yCenter>
      <size>5.0</size>
      <brightness>0.15811568171806922</brightness>
    </GaussSpec>
    <targetEyeWinCoords>
      <x>-48.12614993483547</x>
      <y>23.008850060975078</y>
    </targetEyeWinCoords>
    <targetEyeWinSize>5.0</targetEyeWinSize>
    <duration>1236.0328324708594</duration>
    <data>random</data>
  </VisualTrial>
  <VisualTrial>
    <GaussSpec>
      <xCenter>-187.81052804433787</xCenter>
      <yCenter>43.27056196722134</yCenter>
      <size>5.0</size>
      <brightness>0.2963978288161143</brightness>
    </GaussSpec>
    <targetEyeWinCoords>
      <x>-187.81052804433787</x>
      <y>43.27056196722134</y>
    </targetEyeWinCoords>
    <targetEyeWinSize>5.0</targetEyeWinSize>
    <duration>1334.2944677834937</duration>
    <data>random</data>
  </VisualTrial>
  <VisualTrial>
    <GaussSpec>
      <xCenter>-80.58826305837881</xCenter>
      <yCenter>-66.17107950211214</yCenter>
      <size>5.0</size>
      <brightness>0.6610513614240237</brightness>
    </GaussSpec>
    <targetEyeWinCoords>
      <x>-80.58826305837881</x>
      <y>-66.17107950211214</y>
    </targetEyeWinCoords>
    <targetEyeWinSize>5.0</targetEyeWinSize>
    <duration>1477.933110802719</duration>
    <data>random</data>
  </VisualTrial>
  <VisualTrial>
    <GaussSpec>
      <xCenter>132.47449732164705</xCenter>
      <yCenter>-40.08255046712803</yCenter>
      <size>5.0</size>
      <brightness>0.4811795571172637</brightness>
    </GaussSpec>
    <targetEyeWinCoords>
      <x>132.47449732164705</x>
      <y>-40.08255046712803</y>
    </targetEyeWinCoords>
    <targetEyeWinSize>5.0</targetEyeWinSize>
    <duration>1974.625086033895</duration>
    <data>random</data>
  </VisualTrial>
  <VisualTrial>
    <GaussSpec>
      <xCenter>150.02464865640786</xCenter>
      <yCenter>-68.17788587182478</yCenter>
      <size>5.0</size>
      <brightness>0.3593863326678215</brightness>
    </GaussSpec>
    <targetEyeWinCoords>
      <x>150.02464865640786</x>
      <y>-68.17788587182478</y>
    </targetEyeWinCoords>
    <targetEyeWinSize>5.0</targetEyeWinSize>
    <duration>1699.0308049982505</duration>
    <data>random</data>
  </VisualTrial>
  <VisualTrial>
    <GaussSpec>
      <xCenter>-75.60377805249077</xCenter>
      <yCenter>-141.00104811221237</yCenter>
      <size>5.0</size>
      <brightness>0.08178610132533215</brightness>
    </GaussSpec>
    <targetEyeWinCoords>
      <x>-75.60377805249077</x>
      <y>-141.00104811221237</y>
    </targetEyeWinCoords>
    <targetEyeWinSize>5.0</targetEyeWinSize>
    <duration>1823.2168298891206</duration>
    <data>random</data>
  </VisualTrial>
  <VisualTrial>
    <GaussSpec>
      <xCenter>-166.1121313181985</xCenter>
      <yCenter>66.24323404863503</yCenter>
      <size>5.0</size>
      <brightness>0.9677685459392019</brightness>
    </GaussSpec>
    <targetEyeWinCoords>
      <x>-166.1121313181985</x>
      <y>66.24323404863503</y>
    </targetEyeWinCoords>
    <targetEyeWinSize>5.0</targetEyeWinSize>
    <duration>1203.4636633026266</duration>
    <data>random</data>
  </VisualTrial>
  <VisualTrial>
    <GaussSpec>
      <xCenter>40.484882279048634</xCenter>
      <yCenter>93.74768993254321</yCenter>
      <size>5.0</size>
      <brightness>0.5673865409197483</brightness>
    </GaussSpec>
    <targetEyeWinCoords>
      <x>40.484882279048634</x>
      <y>93.74768993254321</y>
    </targetEyeWinCoords>
    <targetEyeWinSize>5.0</targetEyeWinSize>
    <duration>1517.1694984033893</duration>
    <data>random</data>
  </VisualTrial>
  <VisualTrial>
    <GaussSpec>
      <xCenter>176.08960441212542</xCenter>
      <yCenter>-83.76530364942005</yCenter>
      <size>5.0</size>
      <brightness>0.6018884054931091</brightness>
    </GaussSpec>
    <targetEyeWinCoords>
      <x>176.08960441212542</x>
      <y>-83.76530364942005</y>
    </targetEyeWinCoords>
    <targetEyeWinSize>5.0</targetEyeWinSize>
    <duration>1904.0992314704895</duration>
    <data>random</data>
  </VisualTrial>
  <VisualTrial>
    <GaussSpec>
      <xCenter>164.80597566730114</xCenter>
      <yCenter>-87.36176213818376</yCenter>
      <size>5.0</size>
      <brightness>0.5118383120133954</brightness>
    </GaussSpec>
    <targetEyeWinCoords>
      <x>164.80597566730114</x>
      <y>-87.36176213818376</y>
    </targetEyeWinCoords>
    <targetEyeWinSize>5.0</targetEyeWinSize>
    <duration>1856.4696875271638</duration>
    <data>random</data>
  </VisualTrial>
  <VisualTrial>
    <GaussSpec>
      <xCenter>-131.6852111053952</xCenter>
      <yCenter>9.729773823463944</yCenter>
      <size>5.0</size>
      <brightness>0.7917450795266722</brightness>
    </GaussSpec>
    <targetEyeWinCoords>
      <x>-131.6852111053952</x>
      <y>9.729773823463944</y>
    </targetEyeWinCoords>
    <targetEyeWinSize>5.0</targetEyeWinSize>
    <duration>1380.6168918637788</duration>
    <data>random</data>
  </VisualTrial>
  <VisualTrial>
    <GaussSpec>
      <xCenter>166.58074468092428</xCenter>
      <yCenter>-140.82939269953664</yCenter>
      <size>5.0</size>
      <brightness>0.8341387761511504</brightness>
    </GaussSpec>
    <targetEyeWinCoords>
      <x>166.58074468092428</x>
      <y>-140.82939269953664</y>
    </targetEyeWinCoords>
    <targetEyeWinSize>5.0</targetEyeWinSize>
    <duration>1102.9964252838517</duration>
    <data>random</data>
  </VisualTrial>
  <VisualTrial>
    <GaussSpec>
      <xCenter>-136.77406792718946</xCenter>
      <yCenter>-67.31662851253279</yCenter>
      <size>5.0</size>
      <brightness>0.8300836239015568</brightness>
    </GaussSpec>
    <targetEyeWinCoords>
      <x>-136.77406792718946</x>
      <y>-67.31662851253279</y>
    </targetEyeWinCoords>
    <targetEyeWinSize>5.0</targetEyeWinSize>
    <duration>1250.2484685064533</duration>
    <data>random</data>
  </VisualTrial>
  <VisualTrial>
    <GaussSpec>
      <xCenter>-102.93153568457922</xCenter>
      <yCenter>12.080984500306784</yCenter>
      <size>5.0</size>
      <brightness>0.9579367661115711</brightness>
    </GaussSpec>
    <targetEyeWinCoords>
      <x>-102.93153568457922</x>
      <y>12.080984500306784</y>
    </targetEyeWinCoords>
    <targetEyeWinSize>5.0</targetEyeWinSize>
    <duration>1324.4826916912673</duration>
    <data>random</data>
  </VisualTrial>
  <VisualTrial>
    <GaussSpec>
      <xCenter>47.66778487481989</xCenter>
      <yCenter>-1.2957235140419243</yCenter>
      <size>5.0</size>
      <brightness>0.42824268387308184</brightness>
    </GaussSpec>
    <targetEyeWinCoords>
      <x>47.66778487481989</x>
      <y>-1.2957235140419243</y>
    </targetEyeWinCoords>
    <targetEyeWinSize>5.0</targetEyeWinSize>
    <duration>1693.0976686946196</duration>
    <data>random</data>
  </VisualTrial>
  <VisualTrial>
    <GaussSpec>
      <xCenter>-45.66050252402624</xCenter>
      <yCenter>55.08827824345005</yCenter>
      <size>5.0</size>
      <brightness>0.17373550116502545</brightness>
    </GaussSpec>
    <targetEyeWinCoords>
      <x>-45.66050252402624</x>
      <y>55.08827824345005</y>
    </targetEyeWinCoords>
    <targetEyeWinSize>5.0</targetEyeWinSize>
    <duration>1616.150902317249</duration>
    <data>random</data>
  </VisualTrial>
  <VisualTrial>
    <GaussSpec>
      <xCenter>1.3633786787363817</xCenter>
      <yCenter>51.54964558932343</yCenter>
      <size>5.0</size>
      <brightness>0.30171626179677014</brightness>
    </GaussSpec>
    <targetEyeWinCoords>
      <x>1.3633786787363817</x>
      <y>51.54964558932343</y>
    </targetEyeWinCoords>
    <targetEyeWinSize>5.0</targetEyeWinSize>
    <duration>1499.315508115682</duration>
    <data>random</data>
  </VisualTrial>
  <VisualTrial>
    <GaussSpec>
      <xCenter>-17.22463998026157</xCenter>
      <yCenter>92.85071396073562</yCenter>
      <size>5.0</size>
      <brightness>0.8804788863640716</brightness>
    </GaussSpec>
    <targetEyeWinCoords>
      <x>-17.22463998026157</x>
      <y>92.85071396073562</y>
    </targetEyeWinCoords>
    <targetEyeWinSize>5.0</targetEyeWinSize>
    <duration>1446.145196434416</duration>
    <data>random</data>
  </VisualTrial>
  <VisualTrial>
    <GaussSpec>
      <xCenter>18.013047352031066</xCenter>
      <yCenter>-93.77191646373922</yCenter>
      <size>5.0</size>
      <brightness>0.26914885306857006</brightness>
    </GaussSpec>
    <targetEyeWinCoords>
      <x>18.013047352031066</x>
      <y>-93.77191646373922</y>
    </targetEyeWinCoords>
    <targetEyeWinSize>5.0</targetEyeWinSize>
    <duration>1329.9543462898782</duration>
    <data>random</data>
  </VisualTrial>
  <VisualTrial>
    <GaussSpec>
      <xCenter>190.2042174124478</xCenter>
      <yCenter>-66.03641176686908</yCenter>
      <size>5.0</size>
      <brightness>0.49840934380415314</brightness>
    </GaussSpec>
    <targetEyeWinCoords>
      <x>190.2042174124478</x>
      <y>-66.03641176686908</y>
    </targetEyeWinCoords>
    <targetEyeWinSize>5.0</targetEyeWinSize>
    <duration>1452.7981572688018</duration>
    <data>random</data>
  </VisualTrial>
  <VisualTrial>
    <GaussSpec>
      <xCenter>-50.763523852693766</xCenter>
      <yCenter>143.7181317177566</yCenter>
      <size>5.0</size>
      <brightness>0.3544077834650138</brightness>
    </GaussSpec>
    <targetEyeWinCoords>
      <x>-50.763523852693766</x>
      <y>143.7181317177566</y>
    </targetEyeWinCoords>
    <targetEyeWinSize>5.0</targetEyeWinSize>
    <duration>1823.966503843003</duration>
    <data>random</data>
  </VisualTrial>
  <VisualTrial>
    <GaussSpec>
      <xCenter>-81.94617844976793</xCenter>
      <yCenter>-61.63091299988281</yCenter>
      <size>5.0</size>
      <brightness>0.8146604028577058</brightness>
    </GaussSpec>
    <targetEyeWinCoords>
      <x>-81.94617844976793</x>
      <y>-61.63091299988281</y>
    </targetEyeWinCoords>
    <targetEyeWinSize>5.0</targetEyeWinSize>
    <duration>1551.8002142830946</duration>
    <data>random</data>
  </VisualTrial>
  <VisualTrial>
    <GaussSpec>
      <xCenter>-9.425767254151538</xCenter>
      <yCenter>-60.65335745526055</yCenter>
      <size>5.0</size>
      <brightness>0.5946782314666926</brightness>
    </GaussSpec>
    <targetEyeWinCoords>
      <x>-9.425767254151538</x>
      <y>-60.65335745526055</y>
    </targetEyeWinCoords>
    <targetEyeWinSize>5.0</targetEyeWinSize>
    <duration>1658.5232360420218</duration>
    <data>random</data>
  </VisualTrial>
  <VisualTrial>
    <GaussSpec>
      <xCenter>25.03932930442903</xCenter>
      <yCenter>3.954931003025223</yCenter>
      <size>5.0</size>
      <brightness>0.2167087240736143</brightness>
    </GaussSpec>
    <targetEyeWinCoords>
      <x>25.03932930442903</x>
      <y>3.954931003025223</y>
    </targetEyeWinCoords>
    <targetEyeWinSize>5.0</targetEyeWinSize>
    <duration>1576.3779003533475</duration>
    <data>random</data>
  </VisualTrial>
  <VisualTrial>
    <GaussSpec>
      <xCenter>22.857575354776714</xCenter>
      <yCenter>9.057596301173874</yCenter>
      <size>5.0</size>
      <brightness>0.7263692064117273</brightness>
    </GaussSpec>
    <targetEyeWinCoords>
      <x>22.857575354776714</x>
      <y>9.057596301173874</y>
    </targetEyeWinCoords>
    <targetEyeWinSize>5.0</targetEyeWinSize>
    <duration>1998.288423883883</duration>
    <data>random</data>
  </VisualTrial>
  <VisualTrial>
    <GaussSpec>
      <xCenter>6.986274678235986</xCenter>
      <yCenter>143.53354902112795</yCenter>
      <size>5.0</size>
      <brightness>0.776754939393272</brightness>
    </GaussSpec>
    <targetEyeWinCoords>
      <x>6.986274678235986</x>
      <y>143.53354902112795</y>
    </targetEyeWinCoords>
    <targetEyeWinSize>5.0</targetEyeWinSize>
    <duration>1038.948517113962</duration>
    <data>random</data>
  </VisualTrial>
  <VisualTrial>
    <GaussSpec>
      <xCenter>168.63396168750603</xCenter>
      <yCenter>48.958760784124394</yCenter>
      <size>5.0</size>
      <brightness>0.05749137450748332</brightness>
    </GaussSpec>
    <targetEyeWinCoords>
      <x>168.63396168750603</x>
      <y>48.958760784124394</y>
    </targetEyeWinCoords>
    <targetEyeWinSize>5.0</targetEyeWinSize>
    <duration>1445.0933475444263</duration>
    <data>random</data>
  </VisualTrial>
  <VisualTrial>
    <GaussSpec>
      <xCenter>-45.50882188995993</xCenter>
      <yCenter>-5.087523217054496</yCenter>
      <size>5.0</size>
      <brightness>0.2451361561684101</brightness>
    </GaussSpec>
    <targetEyeWinCoords>
      <x>-45.50882188995993</x>
      <y>-5.087523217054496</y>
    </targetEyeWinCoords>
    <targetEyeWinSize>5.0</targetEyeWinSize>
    <duration>1392.8095699838047</duration>
    <data>random</data>
  </VisualTrial>
  <VisualTrial>
    <GaussSpec>
      <xCenter>-168.33914946773663</xCenter>
      <yCenter>75.3930259390645</yCenter>
      <size>5.0</size>
      <brightness>0.762874175904153</brightness>
    </GaussSpec>
    <targetEyeWinCoords>
      <x>-168.33914946773663</x>
      <y>75.3930259390645</y>
    </targetEyeWinCoords>
    <targetEyeWinSize>5.0</targetEyeWinSize>
    <duration>1307.895452453568</duration>
    <data>random</data>
  </VisualTrial>
  <VisualTrial>
    <GaussSpec>
      <xCenter>153.7896804495894</xCenter>
      <yCenter>117.9733191656461</yCenter>
      <size>5.0</size>
      <brightness>0.1973980976579437</brightness>
    </GaussSpec>
    <targetEyeWinCoords>
      <x>153.7896804495894</x>
      <y>117.9733191656461</y>
    </targetEyeWinCoords>
    <targetEyeWinSize>5.0</targetEyeWinSize>
    <duration>1179.8210014762444</duration>
    <data>random</data>
  </VisualTrial>
  <VisualTrial>
    <GaussSpec>
      <xCenter>79.44765609228745</xCenter>
      <yCenter>67.84394339755687</yCenter>
      <size>5.0</size>
      <brightness>0.4769684706003944</brightness>
    </GaussSpec>
    <targetEyeWinCoords>
      <x>79.44765609228745</x>
      <y>67.84394339755687</y>
    </targetEyeWinCoords>
    <targetEyeWinSize>5.0</targetEyeWinSize>
    <duration>1831.1599863895465</duration>
    <data>random</data>
  </VisualTrial>
  <VisualTrial>
    <GaussSpec>
      <xCenter>-38.60742025722928</xCenter>
      <yCenter>88.40626512834217</yCenter>
      <size>5.0</size>
      <brightness>0.6531964627377794</brightness>
    </GaussSpec>
    <targetEyeWinCoords>
      <x>-38.60742025722928</x>
      <y>88.40626512834217</y>
    </targetEyeWinCoords>
    <targetEyeWinSize>5.0</targetEyeWinSize>
    <duration>1658.1290335538624</duration>
    <data>random</data>
  </VisualTrial>
  <VisualTrial>
    <GaussSpec>
      <xCenter>109.8451540283557</xCenter>
      <yCenter>108.20297866170989</yCenter>
      <size>5.0</size>
      <brightness>0.4877550729543556</brightness>
    </GaussSpec>
    <targetEyeWinCoords>
      <x>109.8451540283557</x>
      <y>108.20297866170989</y>
    </targetEyeWinCoords>
    <targetEyeWinSize>5.0</targetEyeWinSize>
    <duration>1037.8747691638212</duration>
    <data>random</data>
  </VisualTrial>
  <VisualTrial>
    <GaussSpec>
      <xCenter>-137.82051720726486</xCenter>
      <yCenter>14.702869935230495</yCenter>
      <size>5.0</size>
      <brightness>0.6585247039031661</brightness>
    </GaussSpec>
    <targetEyeWinCoords>
      <x>-137.82051720726486</x>
      <y>14.702869935230495</y>
    </targetEyeWinCoords>
    <targetEyeWinSize>5.0</targetEyeWinSize>
    <duration>1925.5410654646798</duration>
    <data>random</data>
  </VisualTrial>
  <VisualTrial>
    <GaussSpec>
      <xCenter>-141.4157617243074</xCenter>
      <yCenter>-100.89719137443063</yCenter>
      <size>5.0</size>
      <brightness>0.7832361762245549</brightness>
    </GaussSpec>
    <targetEyeWinCoords>
      <x>-141.4157617243074</x>
      <y>-100.89719137443063</y>
    </targetEyeWinCoords>
    <targetEyeWinSize>5.0</targetEyeWinSize>
    <duration>1753.4582763381168</duration>
    <data>random</data>
  </VisualTrial>
  <VisualTrial>
    <GaussSpec>
      <xCenter>-192.67386959210216</xCenter>
      <yCenter>-67.64457408224077</yCenter>
      <size>5.0</size>
      <brightness>0.6151725404315913</brightness>
    </GaussSpec>
    <targetEyeWinCoords>
      <x>-192.67386959210216</x>
      <y>-67.64457408224077</y>
    </targetEyeWinCoords>
    <targetEyeWinSize>5.0</targetEyeWinSize>
    <duration>1888.6681082622063</duration>
    <data>random</data>
  </VisualTrial>
  <VisualTrial>
    <GaussSpec>
      <xCenter>124.28480592190925</xCenter>
      <yCenter>-11.285607503590427</yCenter>
      <size>5.0</size>
      <brightness>0.5654805309665311</brightness>
    </GaussSpec>
    <targetEyeWinCoords>
      <x>124.28480592190925</x>
      <y>-11.285607503590427</y>
    </targetEyeWinCoords>
    <targetEyeWinSize>5.0</targetEyeWinSize>
    <duration>1155.3075642673111</duration>
    <data>random</data>
  </VisualTrial>
  <VisualTrial>
    <GaussSpec>
      <xCenter>90.8777349305376</xCenter>
      <yCenter>7.417066087037085</yCenter>
      <size>5.0</size>
      <brightness>0.8742170234213085</brightness>
    </GaussSpec>
    <targetEyeWinCoords>
      <x>90.8777349305376</x>
      <y>7.417066087037085</y>
    </targetEyeWinCoords>
    <targetEyeWinSize>5.0</targetEyeWinSize>
    <duration>1358.7927963583468</duration>
    <data>random</data>
  </VisualTrial>
  <VisualTrial>
    <GaussSpec>
      <xCenter>-0.18624489370986907</xCenter>
      <yCenter>-25.134398673172072</yCenter>
      <size>5.0</size>
      <brightness>0.24836007350682032</brightness>
    </GaussSpec>
    <targetEyeWinCoords>
      <x>-0.18624489370986907</x>
      <y>-25.134398673172072</y>
    </targetEyeWinCoords>
    <targetEyeWinSize>5.0</targetEyeWinSize>
    <duration>1951.3260279637625</duration>
    <data>random</data>
  </VisualTrial>
  <VisualTrial>
    <GaussSpec>
      <xCenter>140.12237703475563</xCenter>
      <yCenter>-110.00688600297408</yCenter>
      <size>5.0</size>
      <brightness>0.6095885597115649</brightness>
    </GaussSpec>
    <targetEyeWinCoords>
      <x>140.12237703475563</x>
      <y>-110.00688600297408</y>
    </targetEyeWinCoords>
    <targetEyeWinSize>5.0</targetEyeWinSize>
    <duration>1888.2309320680847</duration>
    <data>random</data>
  </VisualTrial>
  <VisualTrial>
    <GaussSpec>
      <xCenter>-158.30818959784563</xCenter>
      <yCenter>-83.49509904858601</yCenter>
      <size>5.0</size>
      <brightness>0.6203212951050054</brightness>
    </GaussSpec>
    <targetEyeWinCoords>
      <x>-158.30818959784563</x>
      <y>-83.49509904858601</y>
    </targetEyeWinCoords>
    <targetEyeWinSize>5.0</targetEyeWinSize>
    <duration>1353.424428933889</duration>
    <data>random</data>
  </VisualTrial>
  <VisualTrial>
    <GaussSpec>
      <xCenter>-170.25676718113968</xCenter>
      <yCenter>10.510484623928846</yCenter>
      <size>5.0</size>
      <brightness>0.12835681017602496</brightness>
    </GaussSpec>
    <targetEyeWinCoords>
      <x>-170.25676718113968</x>
      <y>10.510484623928846</y>
    </targetEyeWinCoords>
    <targetEyeWinSize>5.0</targetEyeWinSize>
    <duration>1399.353201371322</duration>
    <data>random</data>
  </VisualTrial>
</list>