<?xml version="1.0" encoding="UTF-8" standalone="no"?><list>
  <org.xper.allen.app.blockGenerators.VisualTrial>
    <gaussSpec>
      <xCenter>125.19210097672402</xCenter>
      <yCenter>-37.518302754634405</yCenter>
      <size>5.0</size>
      <brightness>0.26996177342638106</brightness>
    </gaussSpec>
    <targetEyeWinCoords>
      <x>125.19210097672402</x>
      <y>-37.518302754634405</y>
    </targetEyeWinCoords>
    <targetEyeWinSize>5.0</targetEyeWinSize>
    <duration>1161.237125158421</duration>
    <data/>
  </org.xper.allen.app.blockGenerators.VisualTrial>
  <org.xper.allen.app.blockGenerators.VisualTrial>
    <gaussSpec>
      <xCenter>193.147044327252</xCenter>
      <yCenter>-31.932842522094532</yCenter>
      <size>5.0</size>
      <brightness>0.5558183166128998</brightness>
    </gaussSpec>
    <targetEyeWinCoords>
      <x>193.147044327252</x>
      <y>-31.932842522094532</y>
    </targetEyeWinCoords>
    <targetEyeWinSize>5.0</targetEyeWinSize>
    <duration>1865.1599358839867</duration>
    <data/>
  </org.xper.allen.app.blockGenerators.VisualTrial>
  <org.xper.allen.app.blockGenerators.VisualTrial>
    <gaussSpec>
      <xCenter>-168.07646948193894</xCenter>
      <yCenter>-85.02869408831108</yCenter>
      <size>5.0</size>
      <brightness>0.20509090606022873</brightness>
    </gaussSpec>
    <targetEyeWinCoords>
      <x>-168.07646948193894</x>
      <y>-85.02869408831108</y>
    </targetEyeWinCoords>
    <targetEyeWinSize>5.0</targetEyeWinSize>
    <duration>1051.0892098625607</duration>
    <data/>
  </org.xper.allen.app.blockGenerators.VisualTrial>
  <org.xper.allen.app.blockGenerators.VisualTrial>
    <gaussSpec>
      <xCenter>49.10982413652661</xCenter>
      <yCenter>109.47818788563302</yCenter>
      <size>5.0</size>
      <brightness>0.9346405138244981</brightness>
    </gaussSpec>
    <targetEyeWinCoords>
      <x>49.10982413652661</x>
      <y>109.47818788563302</y>
    </targetEyeWinCoords>
    <targetEyeWinSize>5.0</targetEyeWinSize>
    <duration>1094.6606367393945</duration>
    <data/>
  </org.xper.allen.app.blockGenerators.VisualTrial>
  <org.xper.allen.app.blockGenerators.VisualTrial>
    <gaussSpec>
      <xCenter>-55.52744174256861</xCenter>
      <yCenter>-142.27220704401833</yCenter>
      <size>5.0</size>
      <brightness>0.7609757638184792</brightness>
    </gaussSpec>
    <targetEyeWinCoords>
      <x>-55.52744174256861</x>
      <y>-142.27220704401833</y>
    </targetEyeWinCoords>
    <targetEyeWinSize>5.0</targetEyeWinSize>
    <duration>1310.0347193700763</duration>
    <data/>
  </org.xper.allen.app.blockGenerators.VisualTrial>
  <org.xper.allen.app.blockGenerators.VisualTrial>
    <gaussSpec>
      <xCenter>180.85345295238562</xCenter>
      <yCenter>48.86637942195398</yCenter>
      <size>5.0</size>
      <brightness>0.3884770186173816</brightness>
    </gaussSpec>
    <targetEyeWinCoords>
      <x>180.85345295238562</x>
      <y>48.86637942195398</y>
    </targetEyeWinCoords>
    <targetEyeWinSize>5.0</targetEyeWinSize>
    <duration>1672.8397487801635</duration>
    <data/>
  </org.xper.allen.app.blockGenerators.VisualTrial>
  <org.xper.allen.app.blockGenerators.VisualTrial>
    <gaussSpec>
      <xCenter>-106.02545025632736</xCenter>
      <yCenter>-146.12405448347664</yCenter>
      <size>5.0</size>
      <brightness>0.6474840522047642</brightness>
    </gaussSpec>
    <targetEyeWinCoords>
      <x>-106.02545025632736</x>
      <y>-146.12405448347664</y>
    </targetEyeWinCoords>
    <targetEyeWinSize>5.0</targetEyeWinSize>
    <duration>1229.9691409113714</duration>
    <data/>
  </org.xper.allen.app.blockGenerators.VisualTrial>
  <org.xper.allen.app.blockGenerators.VisualTrial>
    <gaussSpec>
      <xCenter>-85.19502697946939</xCenter>
      <yCenter>16.14253598553387</yCenter>
      <size>5.0</size>
      <brightness>0.6055581264212347</brightness>
    </gaussSpec>
    <targetEyeWinCoords>
      <x>-85.19502697946939</x>
      <y>16.14253598553387</y>
    </targetEyeWinCoords>
    <targetEyeWinSize>5.0</targetEyeWinSize>
    <duration>1759.1607206697656</duration>
    <data/>
  </org.xper.allen.app.blockGenerators.VisualTrial>
  <org.xper.allen.app.blockGenerators.VisualTrial>
    <gaussSpec>
      <xCenter>-185.95139181164313</xCenter>
      <yCenter>-47.644466734908164</yCenter>
      <size>5.0</size>
      <brightness>0.4990734475602949</brightness>
    </gaussSpec>
    <targetEyeWinCoords>
      <x>-185.95139181164313</x>
      <y>-47.644466734908164</y>
    </targetEyeWinCoords>
    <targetEyeWinSize>5.0</targetEyeWinSize>
    <duration>1003.3082229721784</duration>
    <data/>
  </org.xper.allen.app.blockGenerators.VisualTrial>
  <org.xper.allen.app.blockGenerators.VisualTrial>
    <gaussSpec>
      <xCenter>-32.989531362717145</xCenter>
      <yCenter>144.94278438347573</yCenter>
      <size>5.0</size>
      <brightness>0.2813211790120459</brightness>
    </gaussSpec>
    <targetEyeWinCoords>
      <x>-32.989531362717145</x>
      <y>144.94278438347573</y>
    </targetEyeWinCoords>
    <targetEyeWinSize>5.0</targetEyeWinSize>
    <duration>1896.633499355179</duration>
    <data/>
  </org.xper.allen.app.blockGenerators.VisualTrial>
  <org.xper.allen.app.blockGenerators.VisualTrial>
    <gaussSpec>
      <xCenter>85.60119434454981</xCenter>
      <yCenter>-70.61707688196107</yCenter>
      <size>5.0</size>
      <brightness>0.7889137588059065</brightness>
    </gaussSpec>
    <targetEyeWinCoords>
      <x>85.60119434454981</x>
      <y>-70.61707688196107</y>
    </targetEyeWinCoords>
    <targetEyeWinSize>5.0</targetEyeWinSize>
    <duration>1472.559423485161</duration>
    <data/>
  </org.xper.allen.app.blockGenerators.VisualTrial>
  <org.xper.allen.app.blockGenerators.VisualTrial>
    <gaussSpec>
      <xCenter>-36.102094324473995</xCenter>
      <yCenter>-1.155542291346876</yCenter>
      <size>5.0</size>
      <brightness>0.01623759515101353</brightness>
    </gaussSpec>
    <targetEyeWinCoords>
      <x>-36.102094324473995</x>
      <y>-1.155542291346876</y>
    </targetEyeWinCoords>
    <targetEyeWinSize>5.0</targetEyeWinSize>
    <duration>1027.7170450816363</duration>
    <data/>
  </org.xper.allen.app.blockGenerators.VisualTrial>
  <org.xper.allen.app.blockGenerators.VisualTrial>
    <gaussSpec>
      <xCenter>-177.38144858592167</xCenter>
      <yCenter>-108.31894076039858</yCenter>
      <size>5.0</size>
      <brightness>0.013947793895622729</brightness>
    </gaussSpec>
    <targetEyeWinCoords>
      <x>-177.38144858592167</x>
      <y>-108.31894076039858</y>
    </targetEyeWinCoords>
    <targetEyeWinSize>5.0</targetEyeWinSize>
    <duration>1746.848706776057</duration>
    <data/>
  </org.xper.allen.app.blockGenerators.VisualTrial>
  <org.xper.allen.app.blockGenerators.VisualTrial>
    <gaussSpec>
      <xCenter>48.750824081362055</xCenter>
      <yCenter>59.809672696462684</yCenter>
      <size>5.0</size>
      <brightness>0.054246750466777516</brightness>
    </gaussSpec>
    <targetEyeWinCoords>
      <x>48.750824081362055</x>
      <y>59.809672696462684</y>
    </targetEyeWinCoords>
    <targetEyeWinSize>5.0</targetEyeWinSize>
    <duration>1559.0647189823042</duration>
    <data/>
  </org.xper.allen.app.blockGenerators.VisualTrial>
  <org.xper.allen.app.blockGenerators.VisualTrial>
    <gaussSpec>
      <xCenter>-94.77341959153068</xCenter>
      <yCenter>-22.773848731792356</yCenter>
      <size>5.0</size>
      <brightness>0.4303433643856147</brightness>
    </gaussSpec>
    <targetEyeWinCoords>
      <x>-94.77341959153068</x>
      <y>-22.773848731792356</y>
    </targetEyeWinCoords>
    <targetEyeWinSize>5.0</targetEyeWinSize>
    <duration>1334.722067954851</duration>
    <data/>
  </org.xper.allen.app.blockGenerators.VisualTrial>
  <org.xper.allen.app.blockGenerators.VisualTrial>
    <gaussSpec>
      <xCenter>-146.23289803704128</xCenter>
      <yCenter>82.12047177083664</yCenter>
      <size>5.0</size>
      <brightness>0.08708912392453305</brightness>
    </gaussSpec>
    <targetEyeWinCoords>
      <x>-146.23289803704128</x>
      <y>82.12047177083664</y>
    </targetEyeWinCoords>
    <targetEyeWinSize>5.0</targetEyeWinSize>
    <duration>1703.9666151872284</duration>
    <data/>
  </org.xper.allen.app.blockGenerators.VisualTrial>
  <org.xper.allen.app.blockGenerators.VisualTrial>
    <gaussSpec>
      <xCenter>-172.54066179996292</xCenter>
      <yCenter>-102.32318689331163</yCenter>
      <size>5.0</size>
      <brightness>0.12479143207642573</brightness>
    </gaussSpec>
    <targetEyeWinCoords>
      <x>-172.54066179996292</x>
      <y>-102.32318689331163</y>
    </targetEyeWinCoords>
    <targetEyeWinSize>5.0</targetEyeWinSize>
    <duration>1897.3613905917055</duration>
    <data/>
  </org.xper.allen.app.blockGenerators.VisualTrial>
  <org.xper.allen.app.blockGenerators.VisualTrial>
    <gaussSpec>
      <xCenter>-13.062974536519107</xCenter>
      <yCenter>124.17048534877387</yCenter>
      <size>5.0</size>
      <brightness>0.9470857606698488</brightness>
    </gaussSpec>
    <targetEyeWinCoords>
      <x>-13.062974536519107</x>
      <y>124.17048534877387</y>
    </targetEyeWinCoords>
    <targetEyeWinSize>5.0</targetEyeWinSize>
    <duration>1907.3335891577149</duration>
    <data/>
  </org.xper.allen.app.blockGenerators.VisualTrial>
  <org.xper.allen.app.blockGenerators.VisualTrial>
    <gaussSpec>
      <xCenter>-165.51399836862922</xCenter>
      <yCenter>-56.801029256358106</yCenter>
      <size>5.0</size>
      <brightness>0.2308711204107201</brightness>
    </gaussSpec>
    <targetEyeWinCoords>
      <x>-165.51399836862922</x>
      <y>-56.801029256358106</y>
    </targetEyeWinCoords>
    <targetEyeWinSize>5.0</targetEyeWinSize>
    <duration>1969.1504784484487</duration>
    <data/>
  </org.xper.allen.app.blockGenerators.VisualTrial>
  <org.xper.allen.app.blockGenerators.VisualTrial>
    <gaussSpec>
      <xCenter>194.97136176168988</xCenter>
      <yCenter>-66.75089616331697</yCenter>
      <size>5.0</size>
      <brightness>0.5329817802948438</brightness>
    </gaussSpec>
    <targetEyeWinCoords>
      <x>194.97136176168988</x>
      <y>-66.75089616331697</y>
    </targetEyeWinCoords>
    <targetEyeWinSize>5.0</targetEyeWinSize>
    <duration>1157.4568787212656</duration>
    <data/>
  </org.xper.allen.app.blockGenerators.VisualTrial>
  <org.xper.allen.app.blockGenerators.VisualTrial>
    <gaussSpec>
      <xCenter>37.79513255135225</xCenter>
      <yCenter>95.23494248488805</yCenter>
      <size>5.0</size>
      <brightness>0.8851902891035842</brightness>
    </gaussSpec>
    <targetEyeWinCoords>
      <x>37.79513255135225</x>
      <y>95.23494248488805</y>
    </targetEyeWinCoords>
    <targetEyeWinSize>5.0</targetEyeWinSize>
    <duration>1214.2170538473288</duration>
    <data/>
  </org.xper.allen.app.blockGenerators.VisualTrial>
  <org.xper.allen.app.blockGenerators.VisualTrial>
    <gaussSpec>
      <xCenter>89.19086437706562</xCenter>
      <yCenter>-95.4891848446888</yCenter>
      <size>5.0</size>
      <brightness>0.8394681583327006</brightness>
    </gaussSpec>
    <targetEyeWinCoords>
      <x>89.19086437706562</x>
      <y>-95.4891848446888</y>
    </targetEyeWinCoords>
    <targetEyeWinSize>5.0</targetEyeWinSize>
    <duration>1195.647799555662</duration>
    <data/>
  </org.xper.allen.app.blockGenerators.VisualTrial>
  <org.xper.allen.app.blockGenerators.VisualTrial>
    <gaussSpec>
      <xCenter>122.84944488508313</xCenter>
      <yCenter>-135.70509378018104</yCenter>
      <size>5.0</size>
      <brightness>0.8989000296982268</brightness>
    </gaussSpec>
    <targetEyeWinCoords>
      <x>122.84944488508313</x>
      <y>-135.70509378018104</y>
    </targetEyeWinCoords>
    <targetEyeWinSize>5.0</targetEyeWinSize>
    <duration>1822.4881048489492</duration>
    <data/>
  </org.xper.allen.app.blockGenerators.VisualTrial>
  <org.xper.allen.app.blockGenerators.VisualTrial>
    <gaussSpec>
      <xCenter>117.78592567726736</xCenter>
      <yCenter>-109.15458472629119</yCenter>
      <size>5.0</size>
      <brightness>0.7078227710170693</brightness>
    </gaussSpec>
    <targetEyeWinCoords>
      <x>117.78592567726736</x>
      <y>-109.15458472629119</y>
    </targetEyeWinCoords>
    <targetEyeWinSize>5.0</targetEyeWinSize>
    <duration>1172.3108250252114</duration>
    <data/>
  </org.xper.allen.app.blockGenerators.VisualTrial>
  <org.xper.allen.app.blockGenerators.VisualTrial>
    <gaussSpec>
      <xCenter>49.6373752099465</xCenter>
      <yCenter>-42.50244016890042</yCenter>
      <size>5.0</size>
      <brightness>0.2923166866226886</brightness>
    </gaussSpec>
    <targetEyeWinCoords>
      <x>49.6373752099465</x>
      <y>-42.50244016890042</y>
    </targetEyeWinCoords>
    <targetEyeWinSize>5.0</targetEyeWinSize>
    <duration>1022.0260518518068</duration>
    <data/>
  </org.xper.allen.app.blockGenerators.VisualTrial>
  <org.xper.allen.app.blockGenerators.VisualTrial>
    <gaussSpec>
      <xCenter>76.21803639361639</xCenter>
      <yCenter>-113.1698646906151</yCenter>
      <size>5.0</size>
      <brightness>0.41125996104882123</brightness>
    </gaussSpec>
    <targetEyeWinCoords>
      <x>76.21803639361639</x>
      <y>-113.1698646906151</y>
    </targetEyeWinCoords>
    <targetEyeWinSize>5.0</targetEyeWinSize>
    <duration>1746.4095642000216</duration>
    <data/>
  </org.xper.allen.app.blockGenerators.VisualTrial>
  <org.xper.allen.app.blockGenerators.VisualTrial>
    <gaussSpec>
      <xCenter>-61.56030008607081</xCenter>
      <yCenter>41.12723046164507</yCenter>
      <size>5.0</size>
      <brightness>0.6403667485517669</brightness>
    </gaussSpec>
    <targetEyeWinCoords>
      <x>-61.56030008607081</x>
      <y>41.12723046164507</y>
    </targetEyeWinCoords>
    <targetEyeWinSize>5.0</targetEyeWinSize>
    <duration>1006.51204947012</duration>
    <data/>
  </org.xper.allen.app.blockGenerators.VisualTrial>
  <org.xper.allen.app.blockGenerators.VisualTrial>
    <gaussSpec>
      <xCenter>161.33908436933888</xCenter>
      <yCenter>113.12768089584108</yCenter>
      <size>5.0</size>
      <brightness>0.3123829656948044</brightness>
    </gaussSpec>
    <targetEyeWinCoords>
      <x>161.33908436933888</x>
      <y>113.12768089584108</y>
    </targetEyeWinCoords>
    <targetEyeWinSize>5.0</targetEyeWinSize>
    <duration>1012.3679801336684</duration>
    <data/>
  </org.xper.allen.app.blockGenerators.VisualTrial>
  <org.xper.allen.app.blockGenerators.VisualTrial>
    <gaussSpec>
      <xCenter>-97.51629273855794</xCenter>
      <yCenter>-8.317854387496766</yCenter>
      <size>5.0</size>
      <brightness>0.14042811990309212</brightness>
    </gaussSpec>
    <targetEyeWinCoords>
      <x>-97.51629273855794</x>
      <y>-8.317854387496766</y>
    </targetEyeWinCoords>
    <targetEyeWinSize>5.0</targetEyeWinSize>
    <duration>1945.4093294390527</duration>
    <data/>
  </org.xper.allen.app.blockGenerators.VisualTrial>
  <org.xper.allen.app.blockGenerators.VisualTrial>
    <gaussSpec>
      <xCenter>146.87800700949703</xCenter>
      <yCenter>79.09383148781347</yCenter>
      <size>5.0</size>
      <brightness>0.0010840980893291885</brightness>
    </gaussSpec>
    <targetEyeWinCoords>
      <x>146.87800700949703</x>
      <y>79.09383148781347</y>
    </targetEyeWinCoords>
    <targetEyeWinSize>5.0</targetEyeWinSize>
    <duration>1747.303716123401</duration>
    <data/>
  </org.xper.allen.app.blockGenerators.VisualTrial>
  <org.xper.allen.app.blockGenerators.VisualTrial>
    <gaussSpec>
      <xCenter>43.955120432110704</xCenter>
      <yCenter>24.644670296587606</yCenter>
      <size>5.0</size>
      <brightness>0.10023729076193211</brightness>
    </gaussSpec>
    <targetEyeWinCoords>
      <x>43.955120432110704</x>
      <y>24.644670296587606</y>
    </targetEyeWinCoords>
    <targetEyeWinSize>5.0</targetEyeWinSize>
    <duration>1044.6122968295972</duration>
    <data/>
  </org.xper.allen.app.blockGenerators.VisualTrial>
  <org.xper.allen.app.blockGenerators.VisualTrial>
    <gaussSpec>
      <xCenter>33.26203915400333</xCenter>
      <yCenter>27.705781622690267</yCenter>
      <size>5.0</size>
      <brightness>0.9161261406789215</brightness>
    </gaussSpec>
    <targetEyeWinCoords>
      <x>33.26203915400333</x>
      <y>27.705781622690267</y>
    </targetEyeWinCoords>
    <targetEyeWinSize>5.0</targetEyeWinSize>
    <duration>1653.8117626211938</duration>
    <data/>
  </org.xper.allen.app.blockGenerators.VisualTrial>
  <org.xper.allen.app.blockGenerators.VisualTrial>
    <gaussSpec>
      <xCenter>-23.238170163223344</xCenter>
      <yCenter>83.78513130533653</yCenter>
      <size>5.0</size>
      <brightness>0.8915299804560395</brightness>
    </gaussSpec>
    <targetEyeWinCoords>
      <x>-23.238170163223344</x>
      <y>83.78513130533653</y>
    </targetEyeWinCoords>
    <targetEyeWinSize>5.0</targetEyeWinSize>
    <duration>1480.8585183937548</duration>
    <data/>
  </org.xper.allen.app.blockGenerators.VisualTrial>
  <org.xper.allen.app.blockGenerators.VisualTrial>
    <gaussSpec>
      <xCenter>97.5840958494307</xCenter>
      <yCenter>67.49624155151116</yCenter>
      <size>5.0</size>
      <brightness>0.8336527654892727</brightness>
    </gaussSpec>
    <targetEyeWinCoords>
      <x>97.5840958494307</x>
      <y>67.49624155151116</y>
    </targetEyeWinCoords>
    <targetEyeWinSize>5.0</targetEyeWinSize>
    <duration>1774.8632173794022</duration>
    <data/>
  </org.xper.allen.app.blockGenerators.VisualTrial>
  <org.xper.allen.app.blockGenerators.VisualTrial>
    <gaussSpec>
      <xCenter>189.4072445440944</xCenter>
      <yCenter>123.12199816850938</yCenter>
      <size>5.0</size>
      <brightness>0.32425209831677404</brightness>
    </gaussSpec>
    <targetEyeWinCoords>
      <x>189.4072445440944</x>
      <y>123.12199816850938</y>
    </targetEyeWinCoords>
    <targetEyeWinSize>5.0</targetEyeWinSize>
    <duration>1628.8485096400727</duration>
    <data/>
  </org.xper.allen.app.blockGenerators.VisualTrial>
  <org.xper.allen.app.blockGenerators.VisualTrial>
    <gaussSpec>
      <xCenter>-110.78183881268563</xCenter>
      <yCenter>-117.75092348904937</yCenter>
      <size>5.0</size>
      <brightness>0.5739150652099649</brightness>
    </gaussSpec>
    <targetEyeWinCoords>
      <x>-110.78183881268563</x>
      <y>-117.75092348904937</y>
    </targetEyeWinCoords>
    <targetEyeWinSize>5.0</targetEyeWinSize>
    <duration>1731.2841225451643</duration>
    <data/>
  </org.xper.allen.app.blockGenerators.VisualTrial>
  <org.xper.allen.app.blockGenerators.VisualTrial>
    <gaussSpec>
      <xCenter>-17.466240987527925</xCenter>
      <yCenter>-115.61546480147643</yCenter>
      <size>5.0</size>
      <brightness>0.17506177295786396</brightness>
    </gaussSpec>
    <targetEyeWinCoords>
      <x>-17.466240987527925</x>
      <y>-115.61546480147643</y>
    </targetEyeWinCoords>
    <targetEyeWinSize>5.0</targetEyeWinSize>
    <duration>1746.2836719724214</duration>
    <data/>
  </org.xper.allen.app.blockGenerators.VisualTrial>
  <org.xper.allen.app.blockGenerators.VisualTrial>
    <gaussSpec>
      <xCenter>-195.0721243152037</xCenter>
      <yCenter>108.7401291771036</yCenter>
      <size>5.0</size>
      <brightness>0.8702704987185343</brightness>
    </gaussSpec>
    <targetEyeWinCoords>
      <x>-195.0721243152037</x>
      <y>108.7401291771036</y>
    </targetEyeWinCoords>
    <targetEyeWinSize>5.0</targetEyeWinSize>
    <duration>1428.7424499143622</duration>
    <data/>
  </org.xper.allen.app.blockGenerators.VisualTrial>
  <org.xper.allen.app.blockGenerators.VisualTrial>
    <gaussSpec>
      <xCenter>83.93068889818255</xCenter>
      <yCenter>81.56158463278402</yCenter>
      <size>5.0</size>
      <brightness>0.1923067418920703</brightness>
    </gaussSpec>
    <targetEyeWinCoords>
      <x>83.93068889818255</x>
      <y>81.56158463278402</y>
    </targetEyeWinCoords>
    <targetEyeWinSize>5.0</targetEyeWinSize>
    <duration>1050.678166527013</duration>
    <data/>
  </org.xper.allen.app.blockGenerators.VisualTrial>
  <org.xper.allen.app.blockGenerators.VisualTrial>
    <gaussSpec>
      <xCenter>-109.49856543273731</xCenter>
      <yCenter>-2.638006363514478</yCenter>
      <size>5.0</size>
      <brightness>0.10049683620693062</brightness>
    </gaussSpec>
    <targetEyeWinCoords>
      <x>-109.49856543273731</x>
      <y>-2.638006363514478</y>
    </targetEyeWinCoords>
    <targetEyeWinSize>5.0</targetEyeWinSize>
    <duration>1306.5120512609192</duration>
    <data/>
  </org.xper.allen.app.blockGenerators.VisualTrial>
  <org.xper.allen.app.blockGenerators.VisualTrial>
    <gaussSpec>
      <xCenter>-123.14770501215408</xCenter>
      <yCenter>-141.19016516707276</yCenter>
      <size>5.0</size>
      <brightness>0.8781218934651438</brightness>
    </gaussSpec>
    <targetEyeWinCoords>
      <x>-123.14770501215408</x>
      <y>-141.19016516707276</y>
    </targetEyeWinCoords>
    <targetEyeWinSize>5.0</targetEyeWinSize>
    <duration>1746.2194117980944</duration>
    <data/>
  </org.xper.allen.app.blockGenerators.VisualTrial>
  <org.xper.allen.app.blockGenerators.VisualTrial>
    <gaussSpec>
      <xCenter>-25.898500347660473</xCenter>
      <yCenter>5.375433750162102</yCenter>
      <size>5.0</size>
      <brightness>0.839831195901271</brightness>
    </gaussSpec>
    <targetEyeWinCoords>
      <x>-25.898500347660473</x>
      <y>5.375433750162102</y>
    </targetEyeWinCoords>
    <targetEyeWinSize>5.0</targetEyeWinSize>
    <duration>1059.2506024628583</duration>
    <data/>
  </org.xper.allen.app.blockGenerators.VisualTrial>
  <org.xper.allen.app.blockGenerators.VisualTrial>
    <gaussSpec>
      <xCenter>172.29576537017653</xCenter>
      <yCenter>-104.09367497492084</yCenter>
      <size>5.0</size>
      <brightness>0.22712268167750138</brightness>
    </gaussSpec>
    <targetEyeWinCoords>
      <x>172.29576537017653</x>
      <y>-104.09367497492084</y>
    </targetEyeWinCoords>
    <targetEyeWinSize>5.0</targetEyeWinSize>
    <duration>1846.1923855346488</duration>
    <data/>
  </org.xper.allen.app.blockGenerators.VisualTrial>
  <org.xper.allen.app.blockGenerators.VisualTrial>
    <gaussSpec>
      <xCenter>94.35013812522095</xCenter>
      <yCenter>-41.178252320746395</yCenter>
      <size>5.0</size>
      <brightness>0.02885082003560857</brightness>
    </gaussSpec>
    <targetEyeWinCoords>
      <x>94.35013812522095</x>
      <y>-41.178252320746395</y>
    </targetEyeWinCoords>
    <targetEyeWinSize>5.0</targetEyeWinSize>
    <duration>1331.904792317915</duration>
    <data/>
  </org.xper.allen.app.blockGenerators.VisualTrial>
  <org.xper.allen.app.blockGenerators.VisualTrial>
    <gaussSpec>
      <xCenter>-79.26455929304083</xCenter>
      <yCenter>-24.8453321262959</yCenter>
      <size>5.0</size>
      <brightness>0.47278261954339984</brightness>
    </gaussSpec>
    <targetEyeWinCoords>
      <x>-79.26455929304083</x>
      <y>-24.8453321262959</y>
    </targetEyeWinCoords>
    <targetEyeWinSize>5.0</targetEyeWinSize>
    <duration>1610.3991221886754</duration>
    <data/>
  </org.xper.allen.app.blockGenerators.VisualTrial>
  <org.xper.allen.app.blockGenerators.VisualTrial>
    <gaussSpec>
      <xCenter>-123.5830222847985</xCenter>
      <yCenter>-18.046908284575892</yCenter>
      <size>5.0</size>
      <brightness>0.22039146210834037</brightness>
    </gaussSpec>
    <targetEyeWinCoords>
      <x>-123.5830222847985</x>
      <y>-18.046908284575892</y>
    </targetEyeWinCoords>
    <targetEyeWinSize>5.0</targetEyeWinSize>
    <duration>1781.434992505122</duration>
    <data/>
  </org.xper.allen.app.blockGenerators.VisualTrial>
  <org.xper.allen.app.blockGenerators.VisualTrial>
    <gaussSpec>
      <xCenter>-25.28479457040666</xCenter>
      <yCenter>23.60739470213062</yCenter>
      <size>5.0</size>
      <brightness>0.9104110875648763</brightness>
    </gaussSpec>
    <targetEyeWinCoords>
      <x>-25.28479457040666</x>
      <y>23.60739470213062</y>
    </targetEyeWinCoords>
    <targetEyeWinSize>5.0</targetEyeWinSize>
    <duration>1032.7851699385587</duration>
    <data/>
  </org.xper.allen.app.blockGenerators.VisualTrial>
  <org.xper.allen.app.blockGenerators.VisualTrial>
    <gaussSpec>
      <xCenter>196.69947922914594</xCenter>
      <yCenter>127.78250641238651</yCenter>
      <size>5.0</size>
      <brightness>0.5212992115608246</brightness>
    </gaussSpec>
    <targetEyeWinCoords>
      <x>196.69947922914594</x>
      <y>127.78250641238651</y>
    </targetEyeWinCoords>
    <targetEyeWinSize>5.0</targetEyeWinSize>
    <duration>1300.029691793392</duration>
    <data/>
  </org.xper.allen.app.blockGenerators.VisualTrial>
  <org.xper.allen.app.blockGenerators.VisualTrial>
    <gaussSpec>
      <xCenter>-132.49033046424512</xCenter>
      <yCenter>65.37040794282524</yCenter>
      <size>5.0</size>
      <brightness>0.6698136262964645</brightness>
    </gaussSpec>
    <targetEyeWinCoords>
      <x>-132.49033046424512</x>
      <y>65.37040794282524</y>
    </targetEyeWinCoords>
    <targetEyeWinSize>5.0</targetEyeWinSize>
    <duration>1218.2208805881805</duration>
    <data/>
  </org.xper.allen.app.blockGenerators.VisualTrial>
  <org.xper.allen.app.blockGenerators.VisualTrial>
    <gaussSpec>
      <xCenter>32.902742051298645</xCenter>
      <yCenter>44.76675600672124</yCenter>
      <size>5.0</size>
      <brightness>0.8537504019111822</brightness>
    </gaussSpec>
    <targetEyeWinCoords>
      <x>32.902742051298645</x>
      <y>44.76675600672124</y>
    </targetEyeWinCoords>
    <targetEyeWinSize>5.0</targetEyeWinSize>
    <duration>1942.8606151483245</duration>
    <data/>
  </org.xper.allen.app.blockGenerators.VisualTrial>
  <org.xper.allen.app.blockGenerators.VisualTrial>
    <gaussSpec>
      <xCenter>137.78088731370104</xCenter>
      <yCenter>-58.616440212415625</yCenter>
      <size>5.0</size>
      <brightness>0.936175077536826</brightness>
    </gaussSpec>
    <targetEyeWinCoords>
      <x>137.78088731370104</x>
      <y>-58.616440212415625</y>
    </targetEyeWinCoords>
    <targetEyeWinSize>5.0</targetEyeWinSize>
    <duration>1467.2940754794297</duration>
    <data/>
  </org.xper.allen.app.blockGenerators.VisualTrial>
  <org.xper.allen.app.blockGenerators.VisualTrial>
    <gaussSpec>
      <xCenter>93.2216996617052</xCenter>
      <yCenter>-4.720828127425136</yCenter>
      <size>5.0</size>
      <brightness>0.6159862285777393</brightness>
    </gaussSpec>
    <targetEyeWinCoords>
      <x>93.2216996617052</x>
      <y>-4.720828127425136</y>
    </targetEyeWinCoords>
    <targetEyeWinSize>5.0</targetEyeWinSize>
    <duration>1141.721121100561</duration>
    <data/>
  </org.xper.allen.app.blockGenerators.VisualTrial>
  <org.xper.allen.app.blockGenerators.VisualTrial>
    <gaussSpec>
      <xCenter>-127.11220097804225</xCenter>
      <yCenter>71.99780343172571</yCenter>
      <size>5.0</size>
      <brightness>0.4157138988342488</brightness>
    </gaussSpec>
    <targetEyeWinCoords>
      <x>-127.11220097804225</x>
      <y>71.99780343172571</y>
    </targetEyeWinCoords>
    <targetEyeWinSize>5.0</targetEyeWinSize>
    <duration>1738.7796941868396</duration>
    <data/>
  </org.xper.allen.app.blockGenerators.VisualTrial>
  <org.xper.allen.app.blockGenerators.VisualTrial>
    <gaussSpec>
      <xCenter>-139.14683887618742</xCenter>
      <yCenter>-92.36403829271818</yCenter>
      <size>5.0</size>
      <brightness>0.23224432309419984</brightness>
    </gaussSpec>
    <targetEyeWinCoords>
      <x>-139.14683887618742</x>
      <y>-92.36403829271818</y>
    </targetEyeWinCoords>
    <targetEyeWinSize>5.0</targetEyeWinSize>
    <duration>1057.2740175066028</duration>
    <data/>
  </org.xper.allen.app.blockGenerators.VisualTrial>
  <org.xper.allen.app.blockGenerators.VisualTrial>
    <gaussSpec>
      <xCenter>-54.980659391657156</xCenter>
      <yCenter>-57.2522716292855</yCenter>
      <size>5.0</size>
      <brightness>0.3643474235918269</brightness>
    </gaussSpec>
    <targetEyeWinCoords>
      <x>-54.980659391657156</x>
      <y>-57.2522716292855</y>
    </targetEyeWinCoords>
    <targetEyeWinSize>5.0</targetEyeWinSize>
    <duration>1961.4522928892602</duration>
    <data/>
  </org.xper.allen.app.blockGenerators.VisualTrial>
  <org.xper.allen.app.blockGenerators.VisualTrial>
    <gaussSpec>
      <xCenter>-116.62797292463965</xCenter>
      <yCenter>116.1264068223071</yCenter>
      <size>5.0</size>
      <brightness>0.7461402958213126</brightness>
    </gaussSpec>
    <targetEyeWinCoords>
      <x>-116.62797292463965</x>
      <y>116.1264068223071</y>
    </targetEyeWinCoords>
    <targetEyeWinSize>5.0</targetEyeWinSize>
    <duration>1239.6715501364938</duration>
    <data/>
  </org.xper.allen.app.blockGenerators.VisualTrial>
  <org.xper.allen.app.blockGenerators.VisualTrial>
    <gaussSpec>
      <xCenter>134.19132337482932</xCenter>
      <yCenter>-113.55044131539259</yCenter>
      <size>5.0</size>
      <brightness>0.5339834407204777</brightness>
    </gaussSpec>
    <targetEyeWinCoords>
      <x>134.19132337482932</x>
      <y>-113.55044131539259</y>
    </targetEyeWinCoords>
    <targetEyeWinSize>5.0</targetEyeWinSize>
    <duration>1773.089365450896</duration>
    <data/>
  </org.xper.allen.app.blockGenerators.VisualTrial>
  <org.xper.allen.app.blockGenerators.VisualTrial>
    <gaussSpec>
      <xCenter>-182.14949705666749</xCenter>
      <yCenter>51.121041390353895</yCenter>
      <size>5.0</size>
      <brightness>0.44914981024274236</brightness>
    </gaussSpec>
    <targetEyeWinCoords>
      <x>-182.14949705666749</x>
      <y>51.121041390353895</y>
    </targetEyeWinCoords>
    <targetEyeWinSize>5.0</targetEyeWinSize>
    <duration>1676.6230235292905</duration>
    <data/>
  </org.xper.allen.app.blockGenerators.VisualTrial>
  <org.xper.allen.app.blockGenerators.VisualTrial>
    <gaussSpec>
      <xCenter>148.17098856115302</xCenter>
      <yCenter>38.12481028122167</yCenter>
      <size>5.0</size>
      <brightness>0.6433945036098412</brightness>
    </gaussSpec>
    <targetEyeWinCoords>
      <x>148.17098856115302</x>
      <y>38.12481028122167</y>
    </targetEyeWinCoords>
    <targetEyeWinSize>5.0</targetEyeWinSize>
    <duration>1739.4905891578878</duration>
    <data/>
  </org.xper.allen.app.blockGenerators.VisualTrial>
  <org.xper.allen.app.blockGenerators.VisualTrial>
    <gaussSpec>
      <xCenter>-195.11128052439577</xCenter>
      <yCenter>116.33759522022171</yCenter>
      <size>5.0</size>
      <brightness>0.11596867637981545</brightness>
    </gaussSpec>
    <targetEyeWinCoords>
      <x>-195.11128052439577</x>
      <y>116.33759522022171</y>
    </targetEyeWinCoords>
    <targetEyeWinSize>5.0</targetEyeWinSize>
    <duration>1027.2931942897198</duration>
    <data/>
  </org.xper.allen.app.blockGenerators.VisualTrial>
  <org.xper.allen.app.blockGenerators.VisualTrial>
    <gaussSpec>
      <xCenter>24.420892272982655</xCenter>
      <yCenter>-4.586841163242724</yCenter>
      <size>5.0</size>
      <brightness>0.7419991339203613</brightness>
    </gaussSpec>
    <targetEyeWinCoords>
      <x>24.420892272982655</x>
      <y>-4.586841163242724</y>
    </targetEyeWinCoords>
    <targetEyeWinSize>5.0</targetEyeWinSize>
    <duration>1009.2141311467955</duration>
    <data/>
  </org.xper.allen.app.blockGenerators.VisualTrial>
  <org.xper.allen.app.blockGenerators.VisualTrial>
    <gaussSpec>
      <xCenter>138.37218380234117</xCenter>
      <yCenter>53.00532982555265</yCenter>
      <size>5.0</size>
      <brightness>0.13852393779416117</brightness>
    </gaussSpec>
    <targetEyeWinCoords>
      <x>138.37218380234117</x>
      <y>53.00532982555265</y>
    </targetEyeWinCoords>
    <targetEyeWinSize>5.0</targetEyeWinSize>
    <duration>1107.2280287589754</duration>
    <data/>
  </org.xper.allen.app.blockGenerators.VisualTrial>
  <org.xper.allen.app.blockGenerators.VisualTrial>
    <gaussSpec>
      <xCenter>65.74109041909799</xCenter>
      <yCenter>-122.80852709941797</yCenter>
      <size>5.0</size>
      <brightness>0.4078477082474429</brightness>
    </gaussSpec>
    <targetEyeWinCoords>
      <x>65.74109041909799</x>
      <y>-122.80852709941797</y>
    </targetEyeWinCoords>
    <targetEyeWinSize>5.0</targetEyeWinSize>
    <duration>1514.6924685567296</duration>
    <data/>
  </org.xper.allen.app.blockGenerators.VisualTrial>
  <org.xper.allen.app.blockGenerators.VisualTrial>
    <gaussSpec>
      <xCenter>-101.9777599343099</xCenter>
      <yCenter>48.02681753149764</yCenter>
      <size>5.0</size>
      <brightness>0.06204175175530646</brightness>
    </gaussSpec>
    <targetEyeWinCoords>
      <x>-101.9777599343099</x>
      <y>48.02681753149764</y>
    </targetEyeWinCoords>
    <targetEyeWinSize>5.0</targetEyeWinSize>
    <duration>1861.99151614149</duration>
    <data/>
  </org.xper.allen.app.blockGenerators.VisualTrial>
  <org.xper.allen.app.blockGenerators.VisualTrial>
    <gaussSpec>
      <xCenter>-162.28035235622573</xCenter>
      <yCenter>-109.47790797158714</yCenter>
      <size>5.0</size>
      <brightness>0.7878297868276513</brightness>
    </gaussSpec>
    <targetEyeWinCoords>
      <x>-162.28035235622573</x>
      <y>-109.47790797158714</y>
    </targetEyeWinCoords>
    <targetEyeWinSize>5.0</targetEyeWinSize>
    <duration>1217.6093854042244</duration>
    <data/>
  </org.xper.allen.app.blockGenerators.VisualTrial>
  <org.xper.allen.app.blockGenerators.VisualTrial>
    <gaussSpec>
      <xCenter>-143.37265751615922</xCenter>
      <yCenter>43.87954013719241</yCenter>
      <size>5.0</size>
      <brightness>0.7071785422998662</brightness>
    </gaussSpec>
    <targetEyeWinCoords>
      <x>-143.37265751615922</x>
      <y>43.87954013719241</y>
    </targetEyeWinCoords>
    <targetEyeWinSize>5.0</targetEyeWinSize>
    <duration>1170.9141291301896</duration>
    <data/>
  </org.xper.allen.app.blockGenerators.VisualTrial>
  <org.xper.allen.app.blockGenerators.VisualTrial>
    <gaussSpec>
      <xCenter>63.12162544895625</xCenter>
      <yCenter>111.47539184525527</yCenter>
      <size>5.0</size>
      <brightness>0.05594400840681191</brightness>
    </gaussSpec>
    <targetEyeWinCoords>
      <x>63.12162544895625</x>
      <y>111.47539184525527</y>
    </targetEyeWinCoords>
    <targetEyeWinSize>5.0</targetEyeWinSize>
    <duration>1283.4810075860462</duration>
    <data/>
  </org.xper.allen.app.blockGenerators.VisualTrial>
  <org.xper.allen.app.blockGenerators.VisualTrial>
    <gaussSpec>
      <xCenter>-137.36227958989986</xCenter>
      <yCenter>44.03457086537665</yCenter>
      <size>5.0</size>
      <brightness>0.08189689161485303</brightness>
    </gaussSpec>
    <targetEyeWinCoords>
      <x>-137.36227958989986</x>
      <y>44.03457086537665</y>
    </targetEyeWinCoords>
    <targetEyeWinSize>5.0</targetEyeWinSize>
    <duration>1565.8026638273195</duration>
    <data/>
  </org.xper.allen.app.blockGenerators.VisualTrial>
  <org.xper.allen.app.blockGenerators.VisualTrial>
    <gaussSpec>
      <xCenter>193.61966925382268</xCenter>
      <yCenter>-106.86971796210942</yCenter>
      <size>5.0</size>
      <brightness>0.31646649323872167</brightness>
    </gaussSpec>
    <targetEyeWinCoords>
      <x>193.61966925382268</x>
      <y>-106.86971796210942</y>
    </targetEyeWinCoords>
    <targetEyeWinSize>5.0</targetEyeWinSize>
    <duration>1464.9398160947358</duration>
    <data/>
  </org.xper.allen.app.blockGenerators.VisualTrial>
  <org.xper.allen.app.blockGenerators.VisualTrial>
    <gaussSpec>
      <xCenter>-100.04710134743567</xCenter>
      <yCenter>74.0191809338603</yCenter>
      <size>5.0</size>
      <brightness>0.3101318149358684</brightness>
    </gaussSpec>
    <targetEyeWinCoords>
      <x>-100.04710134743567</x>
      <y>74.0191809338603</y>
    </targetEyeWinCoords>
    <targetEyeWinSize>5.0</targetEyeWinSize>
    <duration>1924.3275645694284</duration>
    <data/>
  </org.xper.allen.app.blockGenerators.VisualTrial>
  <org.xper.allen.app.blockGenerators.VisualTrial>
    <gaussSpec>
      <xCenter>-49.6265673598256</xCenter>
      <yCenter>61.6713304852224</yCenter>
      <size>5.0</size>
      <brightness>0.6609422170959226</brightness>
    </gaussSpec>
    <targetEyeWinCoords>
      <x>-49.6265673598256</x>
      <y>61.6713304852224</y>
    </targetEyeWinCoords>
    <targetEyeWinSize>5.0</targetEyeWinSize>
    <duration>1094.4062837174276</duration>
    <data/>
  </org.xper.allen.app.blockGenerators.VisualTrial>
  <org.xper.allen.app.blockGenerators.VisualTrial>
    <gaussSpec>
      <xCenter>99.68084464738013</xCenter>
      <yCenter>-2.2597861609007452</yCenter>
      <size>5.0</size>
      <brightness>0.6733356713494584</brightness>
    </gaussSpec>
    <targetEyeWinCoords>
      <x>99.68084464738013</x>
      <y>-2.2597861609007452</y>
    </targetEyeWinCoords>
    <targetEyeWinSize>5.0</targetEyeWinSize>
    <duration>1672.8637147787665</duration>
    <data/>
  </org.xper.allen.app.blockGenerators.VisualTrial>
  <org.xper.allen.app.blockGenerators.VisualTrial>
    <gaussSpec>
      <xCenter>-197.0076426933001</xCenter>
      <yCenter>-66.36395744031589</yCenter>
      <size>5.0</size>
      <brightness>0.9115308519577713</brightness>
    </gaussSpec>
    <targetEyeWinCoords>
      <x>-197.0076426933001</x>
      <y>-66.36395744031589</y>
    </targetEyeWinCoords>
    <targetEyeWinSize>5.0</targetEyeWinSize>
    <duration>1118.521365677305</duration>
    <data/>
  </org.xper.allen.app.blockGenerators.VisualTrial>
  <org.xper.allen.app.blockGenerators.VisualTrial>
    <gaussSpec>
      <xCenter>-139.70374805389187</xCenter>
      <yCenter>-33.07337277326192</yCenter>
      <size>5.0</size>
      <brightness>0.2728337372834022</brightness>
    </gaussSpec>
    <targetEyeWinCoords>
      <x>-139.70374805389187</x>
      <y>-33.07337277326192</y>
    </targetEyeWinCoords>
    <targetEyeWinSize>5.0</targetEyeWinSize>
    <duration>1525.1678660136645</duration>
    <data/>
  </org.xper.allen.app.blockGenerators.VisualTrial>
  <org.xper.allen.app.blockGenerators.VisualTrial>
    <gaussSpec>
      <xCenter>164.06105054203346</xCenter>
      <yCenter>42.79963980835606</yCenter>
      <size>5.0</size>
      <brightness>0.5802678944702734</brightness>
    </gaussSpec>
    <targetEyeWinCoords>
      <x>164.06105054203346</x>
      <y>42.79963980835606</y>
    </targetEyeWinCoords>
    <targetEyeWinSize>5.0</targetEyeWinSize>
    <duration>1084.4364472469335</duration>
    <data/>
  </org.xper.allen.app.blockGenerators.VisualTrial>
  <org.xper.allen.app.blockGenerators.VisualTrial>
    <gaussSpec>
      <xCenter>123.17287207981042</xCenter>
      <yCenter>-38.270129383688726</yCenter>
      <size>5.0</size>
      <brightness>0.7596580208607202</brightness>
    </gaussSpec>
    <targetEyeWinCoords>
      <x>123.17287207981042</x>
      <y>-38.270129383688726</y>
    </targetEyeWinCoords>
    <targetEyeWinSize>5.0</targetEyeWinSize>
    <duration>1140.719927454073</duration>
    <data/>
  </org.xper.allen.app.blockGenerators.VisualTrial>
  <org.xper.allen.app.blockGenerators.VisualTrial>
    <gaussSpec>
      <xCenter>71.20354045146547</xCenter>
      <yCenter>-35.83264267675109</yCenter>
      <size>5.0</size>
      <brightness>0.8970475589870863</brightness>
    </gaussSpec>
    <targetEyeWinCoords>
      <x>71.20354045146547</x>
      <y>-35.83264267675109</y>
    </targetEyeWinCoords>
    <targetEyeWinSize>5.0</targetEyeWinSize>
    <duration>1172.6119295801143</duration>
    <data/>
  </org.xper.allen.app.blockGenerators.VisualTrial>
  <org.xper.allen.app.blockGenerators.VisualTrial>
    <gaussSpec>
      <xCenter>91.77319705580823</xCenter>
      <yCenter>-105.48074103181989</yCenter>
      <size>5.0</size>
      <brightness>0.010453540002346995</brightness>
    </gaussSpec>
    <targetEyeWinCoords>
      <x>91.77319705580823</x>
      <y>-105.48074103181989</y>
    </targetEyeWinCoords>
    <targetEyeWinSize>5.0</targetEyeWinSize>
    <duration>1252.74580393597</duration>
    <data/>
  </org.xper.allen.app.blockGenerators.VisualTrial>
  <org.xper.allen.app.blockGenerators.VisualTrial>
    <gaussSpec>
      <xCenter>161.94853130281615</xCenter>
      <yCenter>-143.85551410427547</yCenter>
      <size>5.0</size>
      <brightness>0.7440994703398857</brightness>
    </gaussSpec>
    <targetEyeWinCoords>
      <x>161.94853130281615</x>
      <y>-143.85551410427547</y>
    </targetEyeWinCoords>
    <targetEyeWinSize>5.0</targetEyeWinSize>
    <duration>1307.0018116665178</duration>
    <data/>
  </org.xper.allen.app.blockGenerators.VisualTrial>
  <org.xper.allen.app.blockGenerators.VisualTrial>
    <gaussSpec>
      <xCenter>-143.61190764041618</xCenter>
      <yCenter>79.32276777792029</yCenter>
      <size>5.0</size>
      <brightness>0.7754802603891918</brightness>
    </gaussSpec>
    <targetEyeWinCoords>
      <x>-143.61190764041618</x>
      <y>79.32276777792029</y>
    </targetEyeWinCoords>
    <targetEyeWinSize>5.0</targetEyeWinSize>
    <duration>1134.2468562889821</duration>
    <data/>
  </org.xper.allen.app.blockGenerators.VisualTrial>
  <org.xper.allen.app.blockGenerators.VisualTrial>
    <gaussSpec>
      <xCenter>53.94001924372998</xCenter>
      <yCenter>100.33010034198622</yCenter>
      <size>5.0</size>
      <brightness>0.07271994469259413</brightness>
    </gaussSpec>
    <targetEyeWinCoords>
      <x>53.94001924372998</x>
      <y>100.33010034198622</y>
    </targetEyeWinCoords>
    <targetEyeWinSize>5.0</targetEyeWinSize>
    <duration>1133.3745459086936</duration>
    <data/>
  </org.xper.allen.app.blockGenerators.VisualTrial>
  <org.xper.allen.app.blockGenerators.VisualTrial>
    <gaussSpec>
      <xCenter>186.19651658405854</xCenter>
      <yCenter>30.615577620531838</yCenter>
      <size>5.0</size>
      <brightness>0.9922748260455866</brightness>
    </gaussSpec>
    <targetEyeWinCoords>
      <x>186.19651658405854</x>
      <y>30.615577620531838</y>
    </targetEyeWinCoords>
    <targetEyeWinSize>5.0</targetEyeWinSize>
    <duration>1622.9443905547478</duration>
    <data/>
  </org.xper.allen.app.blockGenerators.VisualTrial>
  <org.xper.allen.app.blockGenerators.VisualTrial>
    <gaussSpec>
      <xCenter>102.94003959932348</xCenter>
      <yCenter>-27.841212537304955</yCenter>
      <size>5.0</size>
      <brightness>0.852282472536558</brightness>
    </gaussSpec>
    <targetEyeWinCoords>
      <x>102.94003959932348</x>
      <y>-27.841212537304955</y>
    </targetEyeWinCoords>
    <targetEyeWinSize>5.0</targetEyeWinSize>
    <duration>1487.8641822502927</duration>
    <data/>
  </org.xper.allen.app.blockGenerators.VisualTrial>
  <org.xper.allen.app.blockGenerators.VisualTrial>
    <gaussSpec>
      <xCenter>-181.20293024556898</xCenter>
      <yCenter>99.4463623927881</yCenter>
      <size>5.0</size>
      <brightness>0.9395204373160205</brightness>
    </gaussSpec>
    <targetEyeWinCoords>
      <x>-181.20293024556898</x>
      <y>99.4463623927881</y>
    </targetEyeWinCoords>
    <targetEyeWinSize>5.0</targetEyeWinSize>
    <duration>1658.210797843643</duration>
    <data/>
  </org.xper.allen.app.blockGenerators.VisualTrial>
  <org.xper.allen.app.blockGenerators.VisualTrial>
    <gaussSpec>
      <xCenter>-133.2946430399574</xCenter>
      <yCenter>89.07908668748647</yCenter>
      <size>5.0</size>
      <brightness>0.9216223010229716</brightness>
    </gaussSpec>
    <targetEyeWinCoords>
      <x>-133.2946430399574</x>
      <y>89.07908668748647</y>
    </targetEyeWinCoords>
    <targetEyeWinSize>5.0</targetEyeWinSize>
    <duration>1322.3749433801138</duration>
    <data/>
  </org.xper.allen.app.blockGenerators.VisualTrial>
  <org.xper.allen.app.blockGenerators.VisualTrial>
    <gaussSpec>
      <xCenter>-136.26350845019306</xCenter>
      <yCenter>-100.37265930926516</yCenter>
      <size>5.0</size>
      <brightness>0.028255455462582457</brightness>
    </gaussSpec>
    <targetEyeWinCoords>
      <x>-136.26350845019306</x>
      <y>-100.37265930926516</y>
    </targetEyeWinCoords>
    <targetEyeWinSize>5.0</targetEyeWinSize>
    <duration>1121.3404669468805</duration>
    <data/>
  </org.xper.allen.app.blockGenerators.VisualTrial>
  <org.xper.allen.app.blockGenerators.VisualTrial>
    <gaussSpec>
      <xCenter>115.60001425442175</xCenter>
      <yCenter>-4.642775651097509</yCenter>
      <size>5.0</size>
      <brightness>0.6504862674366699</brightness>
    </gaussSpec>
    <targetEyeWinCoords>
      <x>115.60001425442175</x>
      <y>-4.642775651097509</y>
    </targetEyeWinCoords>
    <targetEyeWinSize>5.0</targetEyeWinSize>
    <duration>1689.8012156049622</duration>
    <data/>
  </org.xper.allen.app.blockGenerators.VisualTrial>
  <org.xper.allen.app.blockGenerators.VisualTrial>
    <gaussSpec>
      <xCenter>-187.5721772722207</xCenter>
      <yCenter>65.85939849674753</yCenter>
      <size>5.0</size>
      <brightness>0.32643554428491905</brightness>
    </gaussSpec>
    <targetEyeWinCoords>
      <x>-187.5721772722207</x>
      <y>65.85939849674753</y>
    </targetEyeWinCoords>
    <targetEyeWinSize>5.0</targetEyeWinSize>
    <duration>1502.0686815921113</duration>
    <data/>
  </org.xper.allen.app.blockGenerators.VisualTrial>
  <org.xper.allen.app.blockGenerators.VisualTrial>
    <gaussSpec>
      <xCenter>117.16334731263288</xCenter>
      <yCenter>76.74678009724903</yCenter>
      <size>5.0</size>
      <brightness>0.21313269194544238</brightness>
    </gaussSpec>
    <targetEyeWinCoords>
      <x>117.16334731263288</x>
      <y>76.74678009724903</y>
    </targetEyeWinCoords>
    <targetEyeWinSize>5.0</targetEyeWinSize>
    <duration>1215.1593620517788</duration>
    <data/>
  </org.xper.allen.app.blockGenerators.VisualTrial>
  <org.xper.allen.app.blockGenerators.VisualTrial>
    <gaussSpec>
      <xCenter>29.625500863865483</xCenter>
      <yCenter>-127.5437353349554</yCenter>
      <size>5.0</size>
      <brightness>0.27414134844521676</brightness>
    </gaussSpec>
    <targetEyeWinCoords>
      <x>29.625500863865483</x>
      <y>-127.5437353349554</y>
    </targetEyeWinCoords>
    <targetEyeWinSize>5.0</targetEyeWinSize>
    <duration>1998.862202860027</duration>
    <data/>
  </org.xper.allen.app.blockGenerators.VisualTrial>
  <org.xper.allen.app.blockGenerators.VisualTrial>
    <gaussSpec>
      <xCenter>-40.00116840081577</xCenter>
      <yCenter>52.30478621169337</yCenter>
      <size>5.0</size>
      <brightness>0.5004289790422592</brightness>
    </gaussSpec>
    <targetEyeWinCoords>
      <x>-40.00116840081577</x>
      <y>52.30478621169337</y>
    </targetEyeWinCoords>
    <targetEyeWinSize>5.0</targetEyeWinSize>
    <duration>1710.9791518606428</duration>
    <data/>
  </org.xper.allen.app.blockGenerators.VisualTrial>
  <org.xper.allen.app.blockGenerators.VisualTrial>
    <gaussSpec>
      <xCenter>-58.38038809248718</xCenter>
      <yCenter>6.715750322664633</yCenter>
      <size>5.0</size>
      <brightness>0.28488069542108596</brightness>
    </gaussSpec>
    <targetEyeWinCoords>
      <x>-58.38038809248718</x>
      <y>6.715750322664633</y>
    </targetEyeWinCoords>
    <targetEyeWinSize>5.0</targetEyeWinSize>
    <duration>1148.7994221107838</duration>
    <data/>
  </org.xper.allen.app.blockGenerators.VisualTrial>
  <org.xper.allen.app.blockGenerators.VisualTrial>
    <gaussSpec>
      <xCenter>91.28916827208286</xCenter>
      <yCenter>123.68923505748137</yCenter>
      <size>5.0</size>
      <brightness>0.7204911745678794</brightness>
    </gaussSpec>
    <targetEyeWinCoords>
      <x>91.28916827208286</x>
      <y>123.68923505748137</y>
    </targetEyeWinCoords>
    <targetEyeWinSize>5.0</targetEyeWinSize>
    <duration>1259.061577145745</duration>
    <data/>
  </org.xper.allen.app.blockGenerators.VisualTrial>
  <org.xper.allen.app.blockGenerators.VisualTrial>
    <gaussSpec>
      <xCenter>-165.99750996065845</xCenter>
      <yCenter>-70.87219622646295</yCenter>
      <size>5.0</size>
      <brightness>0.8852291528541454</brightness>
    </gaussSpec>
    <targetEyeWinCoords>
      <x>-165.99750996065845</x>
      <y>-70.87219622646295</y>
    </targetEyeWinCoords>
    <targetEyeWinSize>5.0</targetEyeWinSize>
    <duration>1967.4552668166357</duration>
    <data/>
  </org.xper.allen.app.blockGenerators.VisualTrial>
  <org.xper.allen.app.blockGenerators.VisualTrial>
    <gaussSpec>
      <xCenter>186.35596323749252</xCenter>
      <yCenter>-99.73173800597412</yCenter>
      <size>5.0</size>
      <brightness>0.39625908930149945</brightness>
    </gaussSpec>
    <targetEyeWinCoords>
      <x>186.35596323749252</x>
      <y>-99.73173800597412</y>
    </targetEyeWinCoords>
    <targetEyeWinSize>5.0</targetEyeWinSize>
    <duration>1008.4151962938203</duration>
    <data/>
  </org.xper.allen.app.blockGenerators.VisualTrial>
  <org.xper.allen.app.blockGenerators.VisualTrial>
    <gaussSpec>
      <xCenter>14.926196155312226</xCenter>
      <yCenter>-92.32698350050408</yCenter>
      <size>5.0</size>
      <brightness>0.6048587650654371</brightness>
    </gaussSpec>
    <targetEyeWinCoords>
      <x>14.926196155312226</x>
      <y>-92.32698350050408</y>
    </targetEyeWinCoords>
    <targetEyeWinSize>5.0</targetEyeWinSize>
    <duration>1513.5711854748315</duration>
    <data/>
  </org.xper.allen.app.blockGenerators.VisualTrial>
  <org.xper.allen.app.blockGenerators.VisualTrial>
    <gaussSpec>
      <xCenter>53.09803206146685</xCenter>
      <yCenter>-136.46561510314416</yCenter>
      <size>5.0</size>
      <brightness>0.1364914273287382</brightness>
    </gaussSpec>
    <targetEyeWinCoords>
      <x>53.09803206146685</x>
      <y>-136.46561510314416</y>
    </targetEyeWinCoords>
    <targetEyeWinSize>5.0</targetEyeWinSize>
    <duration>1677.5940013072504</duration>
    <data/>
  </org.xper.allen.app.blockGenerators.VisualTrial>
  <org.xper.allen.app.blockGenerators.VisualTrial>
    <gaussSpec>
      <xCenter>63.64997018998196</xCenter>
      <yCenter>-69.86423276682739</yCenter>
      <size>5.0</size>
      <brightness>0.4843074787982995</brightness>
    </gaussSpec>
    <targetEyeWinCoords>
      <x>63.64997018998196</x>
      <y>-69.86423276682739</y>
    </targetEyeWinCoords>
    <targetEyeWinSize>5.0</targetEyeWinSize>
    <duration>1433.5827641751507</duration>
    <data/>
  </org.xper.allen.app.blockGenerators.VisualTrial>
  <org.xper.allen.app.blockGenerators.VisualTrial>
    <gaussSpec>
      <xCenter>-161.52771299492176</xCenter>
      <yCenter>-2.9406396753285264</yCenter>
      <size>5.0</size>
      <brightness>0.9038364452720969</brightness>
    </gaussSpec>
    <targetEyeWinCoords>
      <x>-161.52771299492176</x>
      <y>-2.9406396753285264</y>
    </targetEyeWinCoords>
    <targetEyeWinSize>5.0</targetEyeWinSize>
    <duration>1809.410822980859</duration>
    <data/>
  </org.xper.allen.app.blockGenerators.VisualTrial>
  <org.xper.allen.app.blockGenerators.VisualTrial>
    <gaussSpec>
      <xCenter>79.39251194122443</xCenter>
      <yCenter>7.306676633180416</yCenter>
      <size>5.0</size>
      <brightness>0.8926948347007853</brightness>
    </gaussSpec>
    <targetEyeWinCoords>
      <x>79.39251194122443</x>
      <y>7.306676633180416</y>
    </targetEyeWinCoords>
    <targetEyeWinSize>5.0</targetEyeWinSize>
    <duration>1491.084560711316</duration>
    <data/>
  </org.xper.allen.app.blockGenerators.VisualTrial>
</list>