<?xml version="1.0" encoding="UTF-8" standalone="no"?><list>
  <org.xper.allen.app.blockGenerators.VisualTrial>
    <gaussSpec>
      <xCenter>-179.39291099308602</xCenter>
      <yCenter>-67.90977059847357</yCenter>
      <size>5.0</size>
      <brightness>0.8964865950949005</brightness>
    </gaussSpec>
    <targetEyeWinCoords>
      <x>-179.39291099308602</x>
      <y>-67.90977059847357</y>
    </targetEyeWinCoords>
    <targetEyeWinSize>5.0</targetEyeWinSize>
    <duration>1036.5766260351759</duration>
    <data/>
  </org.xper.allen.app.blockGenerators.VisualTrial>
  <org.xper.allen.app.blockGenerators.VisualTrial>
    <gaussSpec>
      <xCenter>-119.20757353903785</xCenter>
      <yCenter>-45.048791205127486</yCenter>
      <size>5.0</size>
      <brightness>0.16743091325353643</brightness>
    </gaussSpec>
    <targetEyeWinCoords>
      <x>-119.20757353903785</x>
      <y>-45.048791205127486</y>
    </targetEyeWinCoords>
    <targetEyeWinSize>5.0</targetEyeWinSize>
    <duration>1141.85835412574</duration>
    <data/>
  </org.xper.allen.app.blockGenerators.VisualTrial>
  <org.xper.allen.app.blockGenerators.VisualTrial>
    <gaussSpec>
      <xCenter>-82.77134871309134</xCenter>
      <yCenter>135.85930449253073</yCenter>
      <size>5.0</size>
      <brightness>0.6772916934467015</brightness>
    </gaussSpec>
    <targetEyeWinCoords>
      <x>-82.77134871309134</x>
      <y>135.85930449253073</y>
    </targetEyeWinCoords>
    <targetEyeWinSize>5.0</targetEyeWinSize>
    <duration>1508.6600728069748</duration>
    <data/>
  </org.xper.allen.app.blockGenerators.VisualTrial>
  <org.xper.allen.app.blockGenerators.VisualTrial>
    <gaussSpec>
      <xCenter>64.84642266571598</xCenter>
      <yCenter>-46.40576840228428</yCenter>
      <size>5.0</size>
      <brightness>0.3513700242893175</brightness>
    </gaussSpec>
    <targetEyeWinCoords>
      <x>64.84642266571598</x>
      <y>-46.40576840228428</y>
    </targetEyeWinCoords>
    <targetEyeWinSize>5.0</targetEyeWinSize>
    <duration>1877.0475998361444</duration>
    <data/>
  </org.xper.allen.app.blockGenerators.VisualTrial>
  <org.xper.allen.app.blockGenerators.VisualTrial>
    <gaussSpec>
      <xCenter>98.60928215194338</xCenter>
      <yCenter>147.1995148278529</yCenter>
      <size>5.0</size>
      <brightness>0.39026720444939234</brightness>
    </gaussSpec>
    <targetEyeWinCoords>
      <x>98.60928215194338</x>
      <y>147.1995148278529</y>
    </targetEyeWinCoords>
    <targetEyeWinSize>5.0</targetEyeWinSize>
    <duration>1778.9882505105934</duration>
    <data/>
  </org.xper.allen.app.blockGenerators.VisualTrial>
  <org.xper.allen.app.blockGenerators.VisualTrial>
    <gaussSpec>
      <xCenter>101.52375639396337</xCenter>
      <yCenter>100.31036436282554</yCenter>
      <size>5.0</size>
      <brightness>0.8321628542014609</brightness>
    </gaussSpec>
    <targetEyeWinCoords>
      <x>101.52375639396337</x>
      <y>100.31036436282554</y>
    </targetEyeWinCoords>
    <targetEyeWinSize>5.0</targetEyeWinSize>
    <duration>1156.5862452890667</duration>
    <data/>
  </org.xper.allen.app.blockGenerators.VisualTrial>
  <org.xper.allen.app.blockGenerators.VisualTrial>
    <gaussSpec>
      <xCenter>65.98191701206088</xCenter>
      <yCenter>-136.02578582240713</yCenter>
      <size>5.0</size>
      <brightness>0.8830935462056031</brightness>
    </gaussSpec>
    <targetEyeWinCoords>
      <x>65.98191701206088</x>
      <y>-136.02578582240713</y>
    </targetEyeWinCoords>
    <targetEyeWinSize>5.0</targetEyeWinSize>
    <duration>1075.3003427974932</duration>
    <data/>
  </org.xper.allen.app.blockGenerators.VisualTrial>
  <org.xper.allen.app.blockGenerators.VisualTrial>
    <gaussSpec>
      <xCenter>97.4336940923784</xCenter>
      <yCenter>129.21938477424402</yCenter>
      <size>5.0</size>
      <brightness>0.26304450657668277</brightness>
    </gaussSpec>
    <targetEyeWinCoords>
      <x>97.4336940923784</x>
      <y>129.21938477424402</y>
    </targetEyeWinCoords>
    <targetEyeWinSize>5.0</targetEyeWinSize>
    <duration>1805.1992959213335</duration>
    <data/>
  </org.xper.allen.app.blockGenerators.VisualTrial>
  <org.xper.allen.app.blockGenerators.VisualTrial>
    <gaussSpec>
      <xCenter>68.68032012000606</xCenter>
      <yCenter>-96.60363544613071</yCenter>
      <size>5.0</size>
      <brightness>0.4480681635483439</brightness>
    </gaussSpec>
    <targetEyeWinCoords>
      <x>68.68032012000606</x>
      <y>-96.60363544613071</y>
    </targetEyeWinCoords>
    <targetEyeWinSize>5.0</targetEyeWinSize>
    <duration>1672.9462964506538</duration>
    <data/>
  </org.xper.allen.app.blockGenerators.VisualTrial>
  <org.xper.allen.app.blockGenerators.VisualTrial>
    <gaussSpec>
      <xCenter>78.16840587856319</xCenter>
      <yCenter>-51.04855120514351</yCenter>
      <size>5.0</size>
      <brightness>0.2832326497804457</brightness>
    </gaussSpec>
    <targetEyeWinCoords>
      <x>78.16840587856319</x>
      <y>-51.04855120514351</y>
    </targetEyeWinCoords>
    <targetEyeWinSize>5.0</targetEyeWinSize>
    <duration>1721.4533284959282</duration>
    <data/>
  </org.xper.allen.app.blockGenerators.VisualTrial>
  <org.xper.allen.app.blockGenerators.VisualTrial>
    <gaussSpec>
      <xCenter>61.7383790977446</xCenter>
      <yCenter>-119.22527307943324</yCenter>
      <size>5.0</size>
      <brightness>0.4419207302905708</brightness>
    </gaussSpec>
    <targetEyeWinCoords>
      <x>61.7383790977446</x>
      <y>-119.22527307943324</y>
    </targetEyeWinCoords>
    <targetEyeWinSize>5.0</targetEyeWinSize>
    <duration>1386.6142547946388</duration>
    <data/>
  </org.xper.allen.app.blockGenerators.VisualTrial>
  <org.xper.allen.app.blockGenerators.VisualTrial>
    <gaussSpec>
      <xCenter>132.77428789186985</xCenter>
      <yCenter>-45.26948136431048</yCenter>
      <size>5.0</size>
      <brightness>0.1449204803394295</brightness>
    </gaussSpec>
    <targetEyeWinCoords>
      <x>132.77428789186985</x>
      <y>-45.26948136431048</y>
    </targetEyeWinCoords>
    <targetEyeWinSize>5.0</targetEyeWinSize>
    <duration>1560.0351107658867</duration>
    <data/>
  </org.xper.allen.app.blockGenerators.VisualTrial>
  <org.xper.allen.app.blockGenerators.VisualTrial>
    <gaussSpec>
      <xCenter>-106.75781757601072</xCenter>
      <yCenter>53.03355475617997</yCenter>
      <size>5.0</size>
      <brightness>0.8755048058016928</brightness>
    </gaussSpec>
    <targetEyeWinCoords>
      <x>-106.75781757601072</x>
      <y>53.03355475617997</y>
    </targetEyeWinCoords>
    <targetEyeWinSize>5.0</targetEyeWinSize>
    <duration>1414.3276729151676</duration>
    <data/>
  </org.xper.allen.app.blockGenerators.VisualTrial>
  <org.xper.allen.app.blockGenerators.VisualTrial>
    <gaussSpec>
      <xCenter>-75.05859383260501</xCenter>
      <yCenter>-117.66850319154814</yCenter>
      <size>5.0</size>
      <brightness>0.5047585601590707</brightness>
    </gaussSpec>
    <targetEyeWinCoords>
      <x>-75.05859383260501</x>
      <y>-117.66850319154814</y>
    </targetEyeWinCoords>
    <targetEyeWinSize>5.0</targetEyeWinSize>
    <duration>1910.457436296293</duration>
    <data/>
  </org.xper.allen.app.blockGenerators.VisualTrial>
  <org.xper.allen.app.blockGenerators.VisualTrial>
    <gaussSpec>
      <xCenter>-185.41120824274884</xCenter>
      <yCenter>102.7788000619158</yCenter>
      <size>5.0</size>
      <brightness>0.04245567635441927</brightness>
    </gaussSpec>
    <targetEyeWinCoords>
      <x>-185.41120824274884</x>
      <y>102.7788000619158</y>
    </targetEyeWinCoords>
    <targetEyeWinSize>5.0</targetEyeWinSize>
    <duration>1124.891364088881</duration>
    <data/>
  </org.xper.allen.app.blockGenerators.VisualTrial>
  <org.xper.allen.app.blockGenerators.VisualTrial>
    <gaussSpec>
      <xCenter>-172.2291923812797</xCenter>
      <yCenter>-80.18542749643866</yCenter>
      <size>5.0</size>
      <brightness>0.6653355937349461</brightness>
    </gaussSpec>
    <targetEyeWinCoords>
      <x>-172.2291923812797</x>
      <y>-80.18542749643866</y>
    </targetEyeWinCoords>
    <targetEyeWinSize>5.0</targetEyeWinSize>
    <duration>1688.1310547367589</duration>
    <data/>
  </org.xper.allen.app.blockGenerators.VisualTrial>
  <org.xper.allen.app.blockGenerators.VisualTrial>
    <gaussSpec>
      <xCenter>65.35522397661288</xCenter>
      <yCenter>-108.7092555490932</yCenter>
      <size>5.0</size>
      <brightness>0.703456652807567</brightness>
    </gaussSpec>
    <targetEyeWinCoords>
      <x>65.35522397661288</x>
      <y>-108.7092555490932</y>
    </targetEyeWinCoords>
    <targetEyeWinSize>5.0</targetEyeWinSize>
    <duration>1752.3424644767615</duration>
    <data/>
  </org.xper.allen.app.blockGenerators.VisualTrial>
  <org.xper.allen.app.blockGenerators.VisualTrial>
    <gaussSpec>
      <xCenter>100.59478342112703</xCenter>
      <yCenter>-133.48062927310505</yCenter>
      <size>5.0</size>
      <brightness>0.5248916457189863</brightness>
    </gaussSpec>
    <targetEyeWinCoords>
      <x>100.59478342112703</x>
      <y>-133.48062927310505</y>
    </targetEyeWinCoords>
    <targetEyeWinSize>5.0</targetEyeWinSize>
    <duration>1976.1153804642984</duration>
    <data/>
  </org.xper.allen.app.blockGenerators.VisualTrial>
  <org.xper.allen.app.blockGenerators.VisualTrial>
    <gaussSpec>
      <xCenter>155.6691796980951</xCenter>
      <yCenter>-57.662016902374646</yCenter>
      <size>5.0</size>
      <brightness>0.8485568396425829</brightness>
    </gaussSpec>
    <targetEyeWinCoords>
      <x>155.6691796980951</x>
      <y>-57.662016902374646</y>
    </targetEyeWinCoords>
    <targetEyeWinSize>5.0</targetEyeWinSize>
    <duration>1566.7844505073474</duration>
    <data/>
  </org.xper.allen.app.blockGenerators.VisualTrial>
  <org.xper.allen.app.blockGenerators.VisualTrial>
    <gaussSpec>
      <xCenter>18.96054795798929</xCenter>
      <yCenter>-79.45105625303084</yCenter>
      <size>5.0</size>
      <brightness>0.7567443091565687</brightness>
    </gaussSpec>
    <targetEyeWinCoords>
      <x>18.96054795798929</x>
      <y>-79.45105625303084</y>
    </targetEyeWinCoords>
    <targetEyeWinSize>5.0</targetEyeWinSize>
    <duration>1688.8209049253485</duration>
    <data/>
  </org.xper.allen.app.blockGenerators.VisualTrial>
  <org.xper.allen.app.blockGenerators.VisualTrial>
    <gaussSpec>
      <xCenter>-48.540791449777146</xCenter>
      <yCenter>110.48600397806297</yCenter>
      <size>5.0</size>
      <brightness>0.5497068258464965</brightness>
    </gaussSpec>
    <targetEyeWinCoords>
      <x>-48.540791449777146</x>
      <y>110.48600397806297</y>
    </targetEyeWinCoords>
    <targetEyeWinSize>5.0</targetEyeWinSize>
    <duration>1034.6914902532014</duration>
    <data/>
  </org.xper.allen.app.blockGenerators.VisualTrial>
  <org.xper.allen.app.blockGenerators.VisualTrial>
    <gaussSpec>
      <xCenter>-128.71173240248015</xCenter>
      <yCenter>131.69046253827054</yCenter>
      <size>5.0</size>
      <brightness>0.8751730654499503</brightness>
    </gaussSpec>
    <targetEyeWinCoords>
      <x>-128.71173240248015</x>
      <y>131.69046253827054</y>
    </targetEyeWinCoords>
    <targetEyeWinSize>5.0</targetEyeWinSize>
    <duration>1207.3471817328666</duration>
    <data/>
  </org.xper.allen.app.blockGenerators.VisualTrial>
  <org.xper.allen.app.blockGenerators.VisualTrial>
    <gaussSpec>
      <xCenter>112.64109238586622</xCenter>
      <yCenter>96.00600379868203</yCenter>
      <size>5.0</size>
      <brightness>0.45265654474892036</brightness>
    </gaussSpec>
    <targetEyeWinCoords>
      <x>112.64109238586622</x>
      <y>96.00600379868203</y>
    </targetEyeWinCoords>
    <targetEyeWinSize>5.0</targetEyeWinSize>
    <duration>1221.0543796303589</duration>
    <data/>
  </org.xper.allen.app.blockGenerators.VisualTrial>
  <org.xper.allen.app.blockGenerators.VisualTrial>
    <gaussSpec>
      <xCenter>-142.84354949553597</xCenter>
      <yCenter>37.693144826720044</yCenter>
      <size>5.0</size>
      <brightness>0.9357140610844167</brightness>
    </gaussSpec>
    <targetEyeWinCoords>
      <x>-142.84354949553597</x>
      <y>37.693144826720044</y>
    </targetEyeWinCoords>
    <targetEyeWinSize>5.0</targetEyeWinSize>
    <duration>1302.3509548983993</duration>
    <data/>
  </org.xper.allen.app.blockGenerators.VisualTrial>
  <org.xper.allen.app.blockGenerators.VisualTrial>
    <gaussSpec>
      <xCenter>32.75488490317383</xCenter>
      <yCenter>66.67618961799545</yCenter>
      <size>5.0</size>
      <brightness>0.4808238364538583</brightness>
    </gaussSpec>
    <targetEyeWinCoords>
      <x>32.75488490317383</x>
      <y>66.67618961799545</y>
    </targetEyeWinCoords>
    <targetEyeWinSize>5.0</targetEyeWinSize>
    <duration>1485.027051924408</duration>
    <data/>
  </org.xper.allen.app.blockGenerators.VisualTrial>
  <org.xper.allen.app.blockGenerators.VisualTrial>
    <gaussSpec>
      <xCenter>98.51703125962848</xCenter>
      <yCenter>58.660926857851535</yCenter>
      <size>5.0</size>
      <brightness>0.3566856246713578</brightness>
    </gaussSpec>
    <targetEyeWinCoords>
      <x>98.51703125962848</x>
      <y>58.660926857851535</y>
    </targetEyeWinCoords>
    <targetEyeWinSize>5.0</targetEyeWinSize>
    <duration>1576.0997446824063</duration>
    <data/>
  </org.xper.allen.app.blockGenerators.VisualTrial>
  <org.xper.allen.app.blockGenerators.VisualTrial>
    <gaussSpec>
      <xCenter>-35.22074769458564</xCenter>
      <yCenter>-51.83429736985383</yCenter>
      <size>5.0</size>
      <brightness>0.3434691323487117</brightness>
    </gaussSpec>
    <targetEyeWinCoords>
      <x>-35.22074769458564</x>
      <y>-51.83429736985383</y>
    </targetEyeWinCoords>
    <targetEyeWinSize>5.0</targetEyeWinSize>
    <duration>1820.3670070537585</duration>
    <data/>
  </org.xper.allen.app.blockGenerators.VisualTrial>
  <org.xper.allen.app.blockGenerators.VisualTrial>
    <gaussSpec>
      <xCenter>-132.88610989335228</xCenter>
      <yCenter>88.28402832563128</yCenter>
      <size>5.0</size>
      <brightness>0.2426630794603577</brightness>
    </gaussSpec>
    <targetEyeWinCoords>
      <x>-132.88610989335228</x>
      <y>88.28402832563128</y>
    </targetEyeWinCoords>
    <targetEyeWinSize>5.0</targetEyeWinSize>
    <duration>1727.2126579948297</duration>
    <data/>
  </org.xper.allen.app.blockGenerators.VisualTrial>
  <org.xper.allen.app.blockGenerators.VisualTrial>
    <gaussSpec>
      <xCenter>-108.17549195081065</xCenter>
      <yCenter>-24.58016058318907</yCenter>
      <size>5.0</size>
      <brightness>0.5710507923123705</brightness>
    </gaussSpec>
    <targetEyeWinCoords>
      <x>-108.17549195081065</x>
      <y>-24.58016058318907</y>
    </targetEyeWinCoords>
    <targetEyeWinSize>5.0</targetEyeWinSize>
    <duration>1841.1301758378418</duration>
    <data/>
  </org.xper.allen.app.blockGenerators.VisualTrial>
  <org.xper.allen.app.blockGenerators.VisualTrial>
    <gaussSpec>
      <xCenter>-105.80639790917841</xCenter>
      <yCenter>-9.465352307280938</yCenter>
      <size>5.0</size>
      <brightness>0.6316723491879056</brightness>
    </gaussSpec>
    <targetEyeWinCoords>
      <x>-105.80639790917841</x>
      <y>-9.465352307280938</y>
    </targetEyeWinCoords>
    <targetEyeWinSize>5.0</targetEyeWinSize>
    <duration>1943.3353972135692</duration>
    <data/>
  </org.xper.allen.app.blockGenerators.VisualTrial>
  <org.xper.allen.app.blockGenerators.VisualTrial>
    <gaussSpec>
      <xCenter>68.2229636553459</xCenter>
      <yCenter>98.7069305637608</yCenter>
      <size>5.0</size>
      <brightness>0.8011939522661727</brightness>
    </gaussSpec>
    <targetEyeWinCoords>
      <x>68.2229636553459</x>
      <y>98.7069305637608</y>
    </targetEyeWinCoords>
    <targetEyeWinSize>5.0</targetEyeWinSize>
    <duration>1681.0224519107614</duration>
    <data/>
  </org.xper.allen.app.blockGenerators.VisualTrial>
  <org.xper.allen.app.blockGenerators.VisualTrial>
    <gaussSpec>
      <xCenter>142.63224268476245</xCenter>
      <yCenter>81.99485418371808</yCenter>
      <size>5.0</size>
      <brightness>0.7652104025292332</brightness>
    </gaussSpec>
    <targetEyeWinCoords>
      <x>142.63224268476245</x>
      <y>81.99485418371808</y>
    </targetEyeWinCoords>
    <targetEyeWinSize>5.0</targetEyeWinSize>
    <duration>1792.1275343405773</duration>
    <data/>
  </org.xper.allen.app.blockGenerators.VisualTrial>
  <org.xper.allen.app.blockGenerators.VisualTrial>
    <gaussSpec>
      <xCenter>-51.16583290599365</xCenter>
      <yCenter>-132.53601379361515</yCenter>
      <size>5.0</size>
      <brightness>0.8480637569428039</brightness>
    </gaussSpec>
    <targetEyeWinCoords>
      <x>-51.16583290599365</x>
      <y>-132.53601379361515</y>
    </targetEyeWinCoords>
    <targetEyeWinSize>5.0</targetEyeWinSize>
    <duration>1223.4634094594653</duration>
    <data/>
  </org.xper.allen.app.blockGenerators.VisualTrial>
  <org.xper.allen.app.blockGenerators.VisualTrial>
    <gaussSpec>
      <xCenter>76.39054344491456</xCenter>
      <yCenter>-83.41695482630074</yCenter>
      <size>5.0</size>
      <brightness>0.545944070889316</brightness>
    </gaussSpec>
    <targetEyeWinCoords>
      <x>76.39054344491456</x>
      <y>-83.41695482630074</y>
    </targetEyeWinCoords>
    <targetEyeWinSize>5.0</targetEyeWinSize>
    <duration>1852.6392300980685</duration>
    <data/>
  </org.xper.allen.app.blockGenerators.VisualTrial>
  <org.xper.allen.app.blockGenerators.VisualTrial>
    <gaussSpec>
      <xCenter>143.57095397571806</xCenter>
      <yCenter>12.557008777556462</yCenter>
      <size>5.0</size>
      <brightness>0.53716182289387</brightness>
    </gaussSpec>
    <targetEyeWinCoords>
      <x>143.57095397571806</x>
      <y>12.557008777556462</y>
    </targetEyeWinCoords>
    <targetEyeWinSize>5.0</targetEyeWinSize>
    <duration>1169.9323309627773</duration>
    <data/>
  </org.xper.allen.app.blockGenerators.VisualTrial>
  <org.xper.allen.app.blockGenerators.VisualTrial>
    <gaussSpec>
      <xCenter>81.06694430708166</xCenter>
      <yCenter>-99.08088245045838</yCenter>
      <size>5.0</size>
      <brightness>0.18594717019267049</brightness>
    </gaussSpec>
    <targetEyeWinCoords>
      <x>81.06694430708166</x>
      <y>-99.08088245045838</y>
    </targetEyeWinCoords>
    <targetEyeWinSize>5.0</targetEyeWinSize>
    <duration>1394.6928635586391</duration>
    <data/>
  </org.xper.allen.app.blockGenerators.VisualTrial>
  <org.xper.allen.app.blockGenerators.VisualTrial>
    <gaussSpec>
      <xCenter>-2.419316122558712</xCenter>
      <yCenter>35.95352095175829</yCenter>
      <size>5.0</size>
      <brightness>0.094057167550882</brightness>
    </gaussSpec>
    <targetEyeWinCoords>
      <x>-2.419316122558712</x>
      <y>35.95352095175829</y>
    </targetEyeWinCoords>
    <targetEyeWinSize>5.0</targetEyeWinSize>
    <duration>1786.1905722141018</duration>
    <data/>
  </org.xper.allen.app.blockGenerators.VisualTrial>
  <org.xper.allen.app.blockGenerators.VisualTrial>
    <gaussSpec>
      <xCenter>-3.3979346797746643</xCenter>
      <yCenter>-126.42757575241029</yCenter>
      <size>5.0</size>
      <brightness>0.9317058254255403</brightness>
    </gaussSpec>
    <targetEyeWinCoords>
      <x>-3.3979346797746643</x>
      <y>-126.42757575241029</y>
    </targetEyeWinCoords>
    <targetEyeWinSize>5.0</targetEyeWinSize>
    <duration>1372.515235367504</duration>
    <data/>
  </org.xper.allen.app.blockGenerators.VisualTrial>
  <org.xper.allen.app.blockGenerators.VisualTrial>
    <gaussSpec>
      <xCenter>23.98829127853449</xCenter>
      <yCenter>27.20693701065386</yCenter>
      <size>5.0</size>
      <brightness>0.9694539974485846</brightness>
    </gaussSpec>
    <targetEyeWinCoords>
      <x>23.98829127853449</x>
      <y>27.20693701065386</y>
    </targetEyeWinCoords>
    <targetEyeWinSize>5.0</targetEyeWinSize>
    <duration>1685.7825551189362</duration>
    <data/>
  </org.xper.allen.app.blockGenerators.VisualTrial>
  <org.xper.allen.app.blockGenerators.VisualTrial>
    <gaussSpec>
      <xCenter>175.12092356396863</xCenter>
      <yCenter>100.59031806978285</yCenter>
      <size>5.0</size>
      <brightness>0.0650556177587196</brightness>
    </gaussSpec>
    <targetEyeWinCoords>
      <x>175.12092356396863</x>
      <y>100.59031806978285</y>
    </targetEyeWinCoords>
    <targetEyeWinSize>5.0</targetEyeWinSize>
    <duration>1834.2777733831795</duration>
    <data/>
  </org.xper.allen.app.blockGenerators.VisualTrial>
  <org.xper.allen.app.blockGenerators.VisualTrial>
    <gaussSpec>
      <xCenter>-160.01342606694783</xCenter>
      <yCenter>-86.85422028841265</yCenter>
      <size>5.0</size>
      <brightness>0.3552261191084366</brightness>
    </gaussSpec>
    <targetEyeWinCoords>
      <x>-160.01342606694783</x>
      <y>-86.85422028841265</y>
    </targetEyeWinCoords>
    <targetEyeWinSize>5.0</targetEyeWinSize>
    <duration>1208.5685175010458</duration>
    <data/>
  </org.xper.allen.app.blockGenerators.VisualTrial>
  <org.xper.allen.app.blockGenerators.VisualTrial>
    <gaussSpec>
      <xCenter>-97.44934914395209</xCenter>
      <yCenter>47.068411580480074</yCenter>
      <size>5.0</size>
      <brightness>0.9305121067844192</brightness>
    </gaussSpec>
    <targetEyeWinCoords>
      <x>-97.44934914395209</x>
      <y>47.068411580480074</y>
    </targetEyeWinCoords>
    <targetEyeWinSize>5.0</targetEyeWinSize>
    <duration>1757.5791361111546</duration>
    <data/>
  </org.xper.allen.app.blockGenerators.VisualTrial>
  <org.xper.allen.app.blockGenerators.VisualTrial>
    <gaussSpec>
      <xCenter>-195.41076653703894</xCenter>
      <yCenter>-94.3992116615882</yCenter>
      <size>5.0</size>
      <brightness>0.36457744675051107</brightness>
    </gaussSpec>
    <targetEyeWinCoords>
      <x>-195.41076653703894</x>
      <y>-94.3992116615882</y>
    </targetEyeWinCoords>
    <targetEyeWinSize>5.0</targetEyeWinSize>
    <duration>1424.8685195700562</duration>
    <data/>
  </org.xper.allen.app.blockGenerators.VisualTrial>
  <org.xper.allen.app.blockGenerators.VisualTrial>
    <gaussSpec>
      <xCenter>-127.3582317961719</xCenter>
      <yCenter>20.948046835395616</yCenter>
      <size>5.0</size>
      <brightness>0.6664800503244573</brightness>
    </gaussSpec>
    <targetEyeWinCoords>
      <x>-127.3582317961719</x>
      <y>20.948046835395616</y>
    </targetEyeWinCoords>
    <targetEyeWinSize>5.0</targetEyeWinSize>
    <duration>1907.3119653960994</duration>
    <data/>
  </org.xper.allen.app.blockGenerators.VisualTrial>
  <org.xper.allen.app.blockGenerators.VisualTrial>
    <gaussSpec>
      <xCenter>142.01424498983414</xCenter>
      <yCenter>34.55487084248614</yCenter>
      <size>5.0</size>
      <brightness>0.6494621101143216</brightness>
    </gaussSpec>
    <targetEyeWinCoords>
      <x>142.01424498983414</x>
      <y>34.55487084248614</y>
    </targetEyeWinCoords>
    <targetEyeWinSize>5.0</targetEyeWinSize>
    <duration>1313.3750083597495</duration>
    <data/>
  </org.xper.allen.app.blockGenerators.VisualTrial>
  <org.xper.allen.app.blockGenerators.VisualTrial>
    <gaussSpec>
      <xCenter>30.115138644987866</xCenter>
      <yCenter>-37.023917765638416</yCenter>
      <size>5.0</size>
      <brightness>0.8088651547705696</brightness>
    </gaussSpec>
    <targetEyeWinCoords>
      <x>30.115138644987866</x>
      <y>-37.023917765638416</y>
    </targetEyeWinCoords>
    <targetEyeWinSize>5.0</targetEyeWinSize>
    <duration>1969.3407323351398</duration>
    <data/>
  </org.xper.allen.app.blockGenerators.VisualTrial>
  <org.xper.allen.app.blockGenerators.VisualTrial>
    <gaussSpec>
      <xCenter>-62.32343597617762</xCenter>
      <yCenter>-32.29527245655858</yCenter>
      <size>5.0</size>
      <brightness>0.8384793552353449</brightness>
    </gaussSpec>
    <targetEyeWinCoords>
      <x>-62.32343597617762</x>
      <y>-32.29527245655858</y>
    </targetEyeWinCoords>
    <targetEyeWinSize>5.0</targetEyeWinSize>
    <duration>1341.4195232804236</duration>
    <data/>
  </org.xper.allen.app.blockGenerators.VisualTrial>
  <org.xper.allen.app.blockGenerators.VisualTrial>
    <gaussSpec>
      <xCenter>113.45598102079902</xCenter>
      <yCenter>109.797861300862</yCenter>
      <size>5.0</size>
      <brightness>0.4430194381271929</brightness>
    </gaussSpec>
    <targetEyeWinCoords>
      <x>113.45598102079902</x>
      <y>109.797861300862</y>
    </targetEyeWinCoords>
    <targetEyeWinSize>5.0</targetEyeWinSize>
    <duration>1146.3868898770306</duration>
    <data/>
  </org.xper.allen.app.blockGenerators.VisualTrial>
  <org.xper.allen.app.blockGenerators.VisualTrial>
    <gaussSpec>
      <xCenter>-74.72470043508906</xCenter>
      <yCenter>141.77783774687856</yCenter>
      <size>5.0</size>
      <brightness>0.4990430739019249</brightness>
    </gaussSpec>
    <targetEyeWinCoords>
      <x>-74.72470043508906</x>
      <y>141.77783774687856</y>
    </targetEyeWinCoords>
    <targetEyeWinSize>5.0</targetEyeWinSize>
    <duration>1069.888015160409</duration>
    <data/>
  </org.xper.allen.app.blockGenerators.VisualTrial>
  <org.xper.allen.app.blockGenerators.VisualTrial>
    <gaussSpec>
      <xCenter>114.13286703324036</xCenter>
      <yCenter>-20.20021398244586</yCenter>
      <size>5.0</size>
      <brightness>0.5494078389098761</brightness>
    </gaussSpec>
    <targetEyeWinCoords>
      <x>114.13286703324036</x>
      <y>-20.20021398244586</y>
    </targetEyeWinCoords>
    <targetEyeWinSize>5.0</targetEyeWinSize>
    <duration>1922.4441342770342</duration>
    <data/>
  </org.xper.allen.app.blockGenerators.VisualTrial>
  <org.xper.allen.app.blockGenerators.VisualTrial>
    <gaussSpec>
      <xCenter>43.843273343340485</xCenter>
      <yCenter>-9.631674804500193</yCenter>
      <size>5.0</size>
      <brightness>0.6365865602254945</brightness>
    </gaussSpec>
    <targetEyeWinCoords>
      <x>43.843273343340485</x>
      <y>-9.631674804500193</y>
    </targetEyeWinCoords>
    <targetEyeWinSize>5.0</targetEyeWinSize>
    <duration>1467.5913124130363</duration>
    <data/>
  </org.xper.allen.app.blockGenerators.VisualTrial>
  <org.xper.allen.app.blockGenerators.VisualTrial>
    <gaussSpec>
      <xCenter>-55.31275969241153</xCenter>
      <yCenter>101.65781752274603</yCenter>
      <size>5.0</size>
      <brightness>0.3231562553613102</brightness>
    </gaussSpec>
    <targetEyeWinCoords>
      <x>-55.31275969241153</x>
      <y>101.65781752274603</y>
    </targetEyeWinCoords>
    <targetEyeWinSize>5.0</targetEyeWinSize>
    <duration>1272.9478265128914</duration>
    <data/>
  </org.xper.allen.app.blockGenerators.VisualTrial>
  <org.xper.allen.app.blockGenerators.VisualTrial>
    <gaussSpec>
      <xCenter>-115.81715436010737</xCenter>
      <yCenter>131.13071027368937</yCenter>
      <size>5.0</size>
      <brightness>0.2576746120320149</brightness>
    </gaussSpec>
    <targetEyeWinCoords>
      <x>-115.81715436010737</x>
      <y>131.13071027368937</y>
    </targetEyeWinCoords>
    <targetEyeWinSize>5.0</targetEyeWinSize>
    <duration>1602.1295824048784</duration>
    <data/>
  </org.xper.allen.app.blockGenerators.VisualTrial>
  <org.xper.allen.app.blockGenerators.VisualTrial>
    <gaussSpec>
      <xCenter>50.69416939897192</xCenter>
      <yCenter>132.19002888577688</yCenter>
      <size>5.0</size>
      <brightness>0.45382827277074267</brightness>
    </gaussSpec>
    <targetEyeWinCoords>
      <x>50.69416939897192</x>
      <y>132.19002888577688</y>
    </targetEyeWinCoords>
    <targetEyeWinSize>5.0</targetEyeWinSize>
    <duration>1892.6956694496203</duration>
    <data/>
  </org.xper.allen.app.blockGenerators.VisualTrial>
  <org.xper.allen.app.blockGenerators.VisualTrial>
    <gaussSpec>
      <xCenter>189.4762183817586</xCenter>
      <yCenter>105.46898876137061</yCenter>
      <size>5.0</size>
      <brightness>0.3677397710934376</brightness>
    </gaussSpec>
    <targetEyeWinCoords>
      <x>189.4762183817586</x>
      <y>105.46898876137061</y>
    </targetEyeWinCoords>
    <targetEyeWinSize>5.0</targetEyeWinSize>
    <duration>1840.31737431194</duration>
    <data/>
  </org.xper.allen.app.blockGenerators.VisualTrial>
  <org.xper.allen.app.blockGenerators.VisualTrial>
    <gaussSpec>
      <xCenter>70.904231196345</xCenter>
      <yCenter>36.492197769561784</yCenter>
      <size>5.0</size>
      <brightness>0.6323218334402252</brightness>
    </gaussSpec>
    <targetEyeWinCoords>
      <x>70.904231196345</x>
      <y>36.492197769561784</y>
    </targetEyeWinCoords>
    <targetEyeWinSize>5.0</targetEyeWinSize>
    <duration>1684.6801354674958</duration>
    <data/>
  </org.xper.allen.app.blockGenerators.VisualTrial>
  <org.xper.allen.app.blockGenerators.VisualTrial>
    <gaussSpec>
      <xCenter>187.0892974721774</xCenter>
      <yCenter>49.84213396576422</yCenter>
      <size>5.0</size>
      <brightness>0.841021421691014</brightness>
    </gaussSpec>
    <targetEyeWinCoords>
      <x>187.0892974721774</x>
      <y>49.84213396576422</y>
    </targetEyeWinCoords>
    <targetEyeWinSize>5.0</targetEyeWinSize>
    <duration>1997.3038010153186</duration>
    <data/>
  </org.xper.allen.app.blockGenerators.VisualTrial>
  <org.xper.allen.app.blockGenerators.VisualTrial>
    <gaussSpec>
      <xCenter>-52.4369738761624</xCenter>
      <yCenter>-51.75969319210485</yCenter>
      <size>5.0</size>
      <brightness>0.047546956832591136</brightness>
    </gaussSpec>
    <targetEyeWinCoords>
      <x>-52.4369738761624</x>
      <y>-51.75969319210485</y>
    </targetEyeWinCoords>
    <targetEyeWinSize>5.0</targetEyeWinSize>
    <duration>1642.2299668783226</duration>
    <data/>
  </org.xper.allen.app.blockGenerators.VisualTrial>
  <org.xper.allen.app.blockGenerators.VisualTrial>
    <gaussSpec>
      <xCenter>-98.66442780701166</xCenter>
      <yCenter>114.55908296130929</yCenter>
      <size>5.0</size>
      <brightness>0.1994555272782611</brightness>
    </gaussSpec>
    <targetEyeWinCoords>
      <x>-98.66442780701166</x>
      <y>114.55908296130929</y>
    </targetEyeWinCoords>
    <targetEyeWinSize>5.0</targetEyeWinSize>
    <duration>1389.8558790848176</duration>
    <data/>
  </org.xper.allen.app.blockGenerators.VisualTrial>
  <org.xper.allen.app.blockGenerators.VisualTrial>
    <gaussSpec>
      <xCenter>-115.37193502301507</xCenter>
      <yCenter>43.47948229557102</yCenter>
      <size>5.0</size>
      <brightness>0.9903190313137675</brightness>
    </gaussSpec>
    <targetEyeWinCoords>
      <x>-115.37193502301507</x>
      <y>43.47948229557102</y>
    </targetEyeWinCoords>
    <targetEyeWinSize>5.0</targetEyeWinSize>
    <duration>1907.0751093061272</duration>
    <data/>
  </org.xper.allen.app.blockGenerators.VisualTrial>
  <org.xper.allen.app.blockGenerators.VisualTrial>
    <gaussSpec>
      <xCenter>-19.44068646195808</xCenter>
      <yCenter>-74.27089193261773</yCenter>
      <size>5.0</size>
      <brightness>0.8684966031926021</brightness>
    </gaussSpec>
    <targetEyeWinCoords>
      <x>-19.44068646195808</x>
      <y>-74.27089193261773</y>
    </targetEyeWinCoords>
    <targetEyeWinSize>5.0</targetEyeWinSize>
    <duration>1553.2432209724934</duration>
    <data/>
  </org.xper.allen.app.blockGenerators.VisualTrial>
  <org.xper.allen.app.blockGenerators.VisualTrial>
    <gaussSpec>
      <xCenter>-118.95177796837208</xCenter>
      <yCenter>-5.524690295562095</yCenter>
      <size>5.0</size>
      <brightness>0.6923485553213283</brightness>
    </gaussSpec>
    <targetEyeWinCoords>
      <x>-118.95177796837208</x>
      <y>-5.524690295562095</y>
    </targetEyeWinCoords>
    <targetEyeWinSize>5.0</targetEyeWinSize>
    <duration>1023.2653586327149</duration>
    <data/>
  </org.xper.allen.app.blockGenerators.VisualTrial>
  <org.xper.allen.app.blockGenerators.VisualTrial>
    <gaussSpec>
      <xCenter>5.190103393343435</xCenter>
      <yCenter>-5.452644400901846</yCenter>
      <size>5.0</size>
      <brightness>0.6884056431453545</brightness>
    </gaussSpec>
    <targetEyeWinCoords>
      <x>5.190103393343435</x>
      <y>-5.452644400901846</y>
    </targetEyeWinCoords>
    <targetEyeWinSize>5.0</targetEyeWinSize>
    <duration>1199.8874661717923</duration>
    <data/>
  </org.xper.allen.app.blockGenerators.VisualTrial>
  <org.xper.allen.app.blockGenerators.VisualTrial>
    <gaussSpec>
      <xCenter>60.05026052815987</xCenter>
      <yCenter>20.536973802595924</yCenter>
      <size>5.0</size>
      <brightness>0.5779586673142382</brightness>
    </gaussSpec>
    <targetEyeWinCoords>
      <x>60.05026052815987</x>
      <y>20.536973802595924</y>
    </targetEyeWinCoords>
    <targetEyeWinSize>5.0</targetEyeWinSize>
    <duration>1808.6618226213486</duration>
    <data/>
  </org.xper.allen.app.blockGenerators.VisualTrial>
  <org.xper.allen.app.blockGenerators.VisualTrial>
    <gaussSpec>
      <xCenter>-171.01168953312194</xCenter>
      <yCenter>-143.11026033629167</yCenter>
      <size>5.0</size>
      <brightness>0.309608396023779</brightness>
    </gaussSpec>
    <targetEyeWinCoords>
      <x>-171.01168953312194</x>
      <y>-143.11026033629167</y>
    </targetEyeWinCoords>
    <targetEyeWinSize>5.0</targetEyeWinSize>
    <duration>1237.723981895131</duration>
    <data/>
  </org.xper.allen.app.blockGenerators.VisualTrial>
  <org.xper.allen.app.blockGenerators.VisualTrial>
    <gaussSpec>
      <xCenter>176.39905744984037</xCenter>
      <yCenter>81.13371867778883</yCenter>
      <size>5.0</size>
      <brightness>0.31970027288509617</brightness>
    </gaussSpec>
    <targetEyeWinCoords>
      <x>176.39905744984037</x>
      <y>81.13371867778883</y>
    </targetEyeWinCoords>
    <targetEyeWinSize>5.0</targetEyeWinSize>
    <duration>1334.1677663092114</duration>
    <data/>
  </org.xper.allen.app.blockGenerators.VisualTrial>
  <org.xper.allen.app.blockGenerators.VisualTrial>
    <gaussSpec>
      <xCenter>188.07223625473137</xCenter>
      <yCenter>-115.48480725005558</yCenter>
      <size>5.0</size>
      <brightness>0.6567006164726488</brightness>
    </gaussSpec>
    <targetEyeWinCoords>
      <x>188.07223625473137</x>
      <y>-115.48480725005558</y>
    </targetEyeWinCoords>
    <targetEyeWinSize>5.0</targetEyeWinSize>
    <duration>1038.039586784467</duration>
    <data/>
  </org.xper.allen.app.blockGenerators.VisualTrial>
  <org.xper.allen.app.blockGenerators.VisualTrial>
    <gaussSpec>
      <xCenter>119.27823089662343</xCenter>
      <yCenter>4.051827350273982</yCenter>
      <size>5.0</size>
      <brightness>0.6793922283672662</brightness>
    </gaussSpec>
    <targetEyeWinCoords>
      <x>119.27823089662343</x>
      <y>4.051827350273982</y>
    </targetEyeWinCoords>
    <targetEyeWinSize>5.0</targetEyeWinSize>
    <duration>1804.8269871248294</duration>
    <data/>
  </org.xper.allen.app.blockGenerators.VisualTrial>
  <org.xper.allen.app.blockGenerators.VisualTrial>
    <gaussSpec>
      <xCenter>31.10906286384585</xCenter>
      <yCenter>136.39164412826665</yCenter>
      <size>5.0</size>
      <brightness>0.8573454826658763</brightness>
    </gaussSpec>
    <targetEyeWinCoords>
      <x>31.10906286384585</x>
      <y>136.39164412826665</y>
    </targetEyeWinCoords>
    <targetEyeWinSize>5.0</targetEyeWinSize>
    <duration>1517.8058860267752</duration>
    <data/>
  </org.xper.allen.app.blockGenerators.VisualTrial>
  <org.xper.allen.app.blockGenerators.VisualTrial>
    <gaussSpec>
      <xCenter>43.346427356806174</xCenter>
      <yCenter>-27.26802258136607</yCenter>
      <size>5.0</size>
      <brightness>0.7108018244204468</brightness>
    </gaussSpec>
    <targetEyeWinCoords>
      <x>43.346427356806174</x>
      <y>-27.26802258136607</y>
    </targetEyeWinCoords>
    <targetEyeWinSize>5.0</targetEyeWinSize>
    <duration>1194.950712897211</duration>
    <data/>
  </org.xper.allen.app.blockGenerators.VisualTrial>
  <org.xper.allen.app.blockGenerators.VisualTrial>
    <gaussSpec>
      <xCenter>-7.074443771396773</xCenter>
      <yCenter>-29.27784921713551</yCenter>
      <size>5.0</size>
      <brightness>0.6603280454777306</brightness>
    </gaussSpec>
    <targetEyeWinCoords>
      <x>-7.074443771396773</x>
      <y>-29.27784921713551</y>
    </targetEyeWinCoords>
    <targetEyeWinSize>5.0</targetEyeWinSize>
    <duration>1229.078411068417</duration>
    <data/>
  </org.xper.allen.app.blockGenerators.VisualTrial>
  <org.xper.allen.app.blockGenerators.VisualTrial>
    <gaussSpec>
      <xCenter>-156.53294256453688</xCenter>
      <yCenter>-12.636973095037803</yCenter>
      <size>5.0</size>
      <brightness>0.7573887476118558</brightness>
    </gaussSpec>
    <targetEyeWinCoords>
      <x>-156.53294256453688</x>
      <y>-12.636973095037803</y>
    </targetEyeWinCoords>
    <targetEyeWinSize>5.0</targetEyeWinSize>
    <duration>1096.7734580852332</duration>
    <data/>
  </org.xper.allen.app.blockGenerators.VisualTrial>
  <org.xper.allen.app.blockGenerators.VisualTrial>
    <gaussSpec>
      <xCenter>124.65594396482732</xCenter>
      <yCenter>-142.57582819247094</yCenter>
      <size>5.0</size>
      <brightness>0.13798793977425028</brightness>
    </gaussSpec>
    <targetEyeWinCoords>
      <x>124.65594396482732</x>
      <y>-142.57582819247094</y>
    </targetEyeWinCoords>
    <targetEyeWinSize>5.0</targetEyeWinSize>
    <duration>1005.734584917288</duration>
    <data/>
  </org.xper.allen.app.blockGenerators.VisualTrial>
  <org.xper.allen.app.blockGenerators.VisualTrial>
    <gaussSpec>
      <xCenter>-83.58054980233385</xCenter>
      <yCenter>22.999048274338833</yCenter>
      <size>5.0</size>
      <brightness>0.9434217456951317</brightness>
    </gaussSpec>
    <targetEyeWinCoords>
      <x>-83.58054980233385</x>
      <y>22.999048274338833</y>
    </targetEyeWinCoords>
    <targetEyeWinSize>5.0</targetEyeWinSize>
    <duration>1715.2801735075068</duration>
    <data/>
  </org.xper.allen.app.blockGenerators.VisualTrial>
  <org.xper.allen.app.blockGenerators.VisualTrial>
    <gaussSpec>
      <xCenter>-127.84314711201073</xCenter>
      <yCenter>-113.0769184623129</yCenter>
      <size>5.0</size>
      <brightness>0.7690752619803446</brightness>
    </gaussSpec>
    <targetEyeWinCoords>
      <x>-127.84314711201073</x>
      <y>-113.0769184623129</y>
    </targetEyeWinCoords>
    <targetEyeWinSize>5.0</targetEyeWinSize>
    <duration>1380.3890932059521</duration>
    <data/>
  </org.xper.allen.app.blockGenerators.VisualTrial>
  <org.xper.allen.app.blockGenerators.VisualTrial>
    <gaussSpec>
      <xCenter>-171.9539135299464</xCenter>
      <yCenter>110.03757210944326</yCenter>
      <size>5.0</size>
      <brightness>0.7240074018919812</brightness>
    </gaussSpec>
    <targetEyeWinCoords>
      <x>-171.9539135299464</x>
      <y>110.03757210944326</y>
    </targetEyeWinCoords>
    <targetEyeWinSize>5.0</targetEyeWinSize>
    <duration>1527.373774312266</duration>
    <data/>
  </org.xper.allen.app.blockGenerators.VisualTrial>
  <org.xper.allen.app.blockGenerators.VisualTrial>
    <gaussSpec>
      <xCenter>-107.4673759470003</xCenter>
      <yCenter>-139.87442440942493</yCenter>
      <size>5.0</size>
      <brightness>0.4384385444625598</brightness>
    </gaussSpec>
    <targetEyeWinCoords>
      <x>-107.4673759470003</x>
      <y>-139.87442440942493</y>
    </targetEyeWinCoords>
    <targetEyeWinSize>5.0</targetEyeWinSize>
    <duration>1015.0026730078091</duration>
    <data/>
  </org.xper.allen.app.blockGenerators.VisualTrial>
  <org.xper.allen.app.blockGenerators.VisualTrial>
    <gaussSpec>
      <xCenter>-173.55372674157132</xCenter>
      <yCenter>-3.7703324347768614</yCenter>
      <size>5.0</size>
      <brightness>0.18432195351037584</brightness>
    </gaussSpec>
    <targetEyeWinCoords>
      <x>-173.55372674157132</x>
      <y>-3.7703324347768614</y>
    </targetEyeWinCoords>
    <targetEyeWinSize>5.0</targetEyeWinSize>
    <duration>1889.3931560463716</duration>
    <data/>
  </org.xper.allen.app.blockGenerators.VisualTrial>
  <org.xper.allen.app.blockGenerators.VisualTrial>
    <gaussSpec>
      <xCenter>167.85601888039656</xCenter>
      <yCenter>-129.40737590370716</yCenter>
      <size>5.0</size>
      <brightness>0.9075978662369306</brightness>
    </gaussSpec>
    <targetEyeWinCoords>
      <x>167.85601888039656</x>
      <y>-129.40737590370716</y>
    </targetEyeWinCoords>
    <targetEyeWinSize>5.0</targetEyeWinSize>
    <duration>1420.8125054540756</duration>
    <data/>
  </org.xper.allen.app.blockGenerators.VisualTrial>
  <org.xper.allen.app.blockGenerators.VisualTrial>
    <gaussSpec>
      <xCenter>168.61529570669813</xCenter>
      <yCenter>77.04021769510896</yCenter>
      <size>5.0</size>
      <brightness>0.2989071278246944</brightness>
    </gaussSpec>
    <targetEyeWinCoords>
      <x>168.61529570669813</x>
      <y>77.04021769510896</y>
    </targetEyeWinCoords>
    <targetEyeWinSize>5.0</targetEyeWinSize>
    <duration>1865.1399642162248</duration>
    <data/>
  </org.xper.allen.app.blockGenerators.VisualTrial>
  <org.xper.allen.app.blockGenerators.VisualTrial>
    <gaussSpec>
      <xCenter>64.52353117631651</xCenter>
      <yCenter>-4.966222006434208</yCenter>
      <size>5.0</size>
      <brightness>0.9915868076192681</brightness>
    </gaussSpec>
    <targetEyeWinCoords>
      <x>64.52353117631651</x>
      <y>-4.966222006434208</y>
    </targetEyeWinCoords>
    <targetEyeWinSize>5.0</targetEyeWinSize>
    <duration>1960.8118414796131</duration>
    <data/>
  </org.xper.allen.app.blockGenerators.VisualTrial>
  <org.xper.allen.app.blockGenerators.VisualTrial>
    <gaussSpec>
      <xCenter>-154.98870906667608</xCenter>
      <yCenter>38.53298200536915</yCenter>
      <size>5.0</size>
      <brightness>0.604872848743833</brightness>
    </gaussSpec>
    <targetEyeWinCoords>
      <x>-154.98870906667608</x>
      <y>38.53298200536915</y>
    </targetEyeWinCoords>
    <targetEyeWinSize>5.0</targetEyeWinSize>
    <duration>1311.8188868364161</duration>
    <data/>
  </org.xper.allen.app.blockGenerators.VisualTrial>
  <org.xper.allen.app.blockGenerators.VisualTrial>
    <gaussSpec>
      <xCenter>-98.94001321515974</xCenter>
      <yCenter>31.168458931803684</yCenter>
      <size>5.0</size>
      <brightness>0.4988009651699581</brightness>
    </gaussSpec>
    <targetEyeWinCoords>
      <x>-98.94001321515974</x>
      <y>31.168458931803684</y>
    </targetEyeWinCoords>
    <targetEyeWinSize>5.0</targetEyeWinSize>
    <duration>1534.7381302844547</duration>
    <data/>
  </org.xper.allen.app.blockGenerators.VisualTrial>
  <org.xper.allen.app.blockGenerators.VisualTrial>
    <gaussSpec>
      <xCenter>-178.75841033804008</xCenter>
      <yCenter>132.27609123728718</yCenter>
      <size>5.0</size>
      <brightness>0.07632748817040991</brightness>
    </gaussSpec>
    <targetEyeWinCoords>
      <x>-178.75841033804008</x>
      <y>132.27609123728718</y>
    </targetEyeWinCoords>
    <targetEyeWinSize>5.0</targetEyeWinSize>
    <duration>1400.3791245518562</duration>
    <data/>
  </org.xper.allen.app.blockGenerators.VisualTrial>
  <org.xper.allen.app.blockGenerators.VisualTrial>
    <gaussSpec>
      <xCenter>-67.63991855462473</xCenter>
      <yCenter>34.65802285819146</yCenter>
      <size>5.0</size>
      <brightness>0.6196642274830391</brightness>
    </gaussSpec>
    <targetEyeWinCoords>
      <x>-67.63991855462473</x>
      <y>34.65802285819146</y>
    </targetEyeWinCoords>
    <targetEyeWinSize>5.0</targetEyeWinSize>
    <duration>1867.2972897409122</duration>
    <data/>
  </org.xper.allen.app.blockGenerators.VisualTrial>
  <org.xper.allen.app.blockGenerators.VisualTrial>
    <gaussSpec>
      <xCenter>-40.60650347671054</xCenter>
      <yCenter>89.15772040598887</yCenter>
      <size>5.0</size>
      <brightness>0.7391558387091429</brightness>
    </gaussSpec>
    <targetEyeWinCoords>
      <x>-40.60650347671054</x>
      <y>89.15772040598887</y>
    </targetEyeWinCoords>
    <targetEyeWinSize>5.0</targetEyeWinSize>
    <duration>1046.9598041722338</duration>
    <data/>
  </org.xper.allen.app.blockGenerators.VisualTrial>
  <org.xper.allen.app.blockGenerators.VisualTrial>
    <gaussSpec>
      <xCenter>-2.2157671524327043</xCenter>
      <yCenter>-72.7081421720999</yCenter>
      <size>5.0</size>
      <brightness>0.37817428758085436</brightness>
    </gaussSpec>
    <targetEyeWinCoords>
      <x>-2.2157671524327043</x>
      <y>-72.7081421720999</y>
    </targetEyeWinCoords>
    <targetEyeWinSize>5.0</targetEyeWinSize>
    <duration>1959.2559705063486</duration>
    <data/>
  </org.xper.allen.app.blockGenerators.VisualTrial>
  <org.xper.allen.app.blockGenerators.VisualTrial>
    <gaussSpec>
      <xCenter>94.2385083550692</xCenter>
      <yCenter>-23.08616974782865</yCenter>
      <size>5.0</size>
      <brightness>0.816067228504442</brightness>
    </gaussSpec>
    <targetEyeWinCoords>
      <x>94.2385083550692</x>
      <y>-23.08616974782865</y>
    </targetEyeWinCoords>
    <targetEyeWinSize>5.0</targetEyeWinSize>
    <duration>1258.3612663007343</duration>
    <data/>
  </org.xper.allen.app.blockGenerators.VisualTrial>
  <org.xper.allen.app.blockGenerators.VisualTrial>
    <gaussSpec>
      <xCenter>-42.45436594158471</xCenter>
      <yCenter>-2.786450390936807</yCenter>
      <size>5.0</size>
      <brightness>0.33959321960576316</brightness>
    </gaussSpec>
    <targetEyeWinCoords>
      <x>-42.45436594158471</x>
      <y>-2.786450390936807</y>
    </targetEyeWinCoords>
    <targetEyeWinSize>5.0</targetEyeWinSize>
    <duration>1477.1366508186743</duration>
    <data/>
  </org.xper.allen.app.blockGenerators.VisualTrial>
  <org.xper.allen.app.blockGenerators.VisualTrial>
    <gaussSpec>
      <xCenter>-156.2703582648138</xCenter>
      <yCenter>-77.60547680786871</yCenter>
      <size>5.0</size>
      <brightness>0.6557926800686098</brightness>
    </gaussSpec>
    <targetEyeWinCoords>
      <x>-156.2703582648138</x>
      <y>-77.60547680786871</y>
    </targetEyeWinCoords>
    <targetEyeWinSize>5.0</targetEyeWinSize>
    <duration>1907.4952965644413</duration>
    <data/>
  </org.xper.allen.app.blockGenerators.VisualTrial>
  <org.xper.allen.app.blockGenerators.VisualTrial>
    <gaussSpec>
      <xCenter>4.6920270923185114</xCenter>
      <yCenter>-92.17227128371044</yCenter>
      <size>5.0</size>
      <brightness>0.8886359556302172</brightness>
    </gaussSpec>
    <targetEyeWinCoords>
      <x>4.6920270923185114</x>
      <y>-92.17227128371044</y>
    </targetEyeWinCoords>
    <targetEyeWinSize>5.0</targetEyeWinSize>
    <duration>1106.9412036391918</duration>
    <data/>
  </org.xper.allen.app.blockGenerators.VisualTrial>
  <org.xper.allen.app.blockGenerators.VisualTrial>
    <gaussSpec>
      <xCenter>-49.54460517959788</xCenter>
      <yCenter>-134.18155693205023</yCenter>
      <size>5.0</size>
      <brightness>0.8821290360543541</brightness>
    </gaussSpec>
    <targetEyeWinCoords>
      <x>-49.54460517959788</x>
      <y>-134.18155693205023</y>
    </targetEyeWinCoords>
    <targetEyeWinSize>5.0</targetEyeWinSize>
    <duration>1251.8318862948859</duration>
    <data/>
  </org.xper.allen.app.blockGenerators.VisualTrial>
  <org.xper.allen.app.blockGenerators.VisualTrial>
    <gaussSpec>
      <xCenter>-11.789960573160215</xCenter>
      <yCenter>61.75089332908183</yCenter>
      <size>5.0</size>
      <brightness>0.9086051132364353</brightness>
    </gaussSpec>
    <targetEyeWinCoords>
      <x>-11.789960573160215</x>
      <y>61.75089332908183</y>
    </targetEyeWinCoords>
    <targetEyeWinSize>5.0</targetEyeWinSize>
    <duration>1921.524612159678</duration>
    <data/>
  </org.xper.allen.app.blockGenerators.VisualTrial>
  <org.xper.allen.app.blockGenerators.VisualTrial>
    <gaussSpec>
      <xCenter>-146.87985532111924</xCenter>
      <yCenter>32.95410013915179</yCenter>
      <size>5.0</size>
      <brightness>0.10568889595700337</brightness>
    </gaussSpec>
    <targetEyeWinCoords>
      <x>-146.87985532111924</x>
      <y>32.95410013915179</y>
    </targetEyeWinCoords>
    <targetEyeWinSize>5.0</targetEyeWinSize>
    <duration>1708.216842256536</duration>
    <data/>
  </org.xper.allen.app.blockGenerators.VisualTrial>
  <org.xper.allen.app.blockGenerators.VisualTrial>
    <gaussSpec>
      <xCenter>-58.390527917085905</xCenter>
      <yCenter>2.055771503517036</yCenter>
      <size>5.0</size>
      <brightness>0.6255816750200858</brightness>
    </gaussSpec>
    <targetEyeWinCoords>
      <x>-58.390527917085905</x>
      <y>2.055771503517036</y>
    </targetEyeWinCoords>
    <targetEyeWinSize>5.0</targetEyeWinSize>
    <duration>1524.5231072539104</duration>
    <data/>
  </org.xper.allen.app.blockGenerators.VisualTrial>
  <org.xper.allen.app.blockGenerators.VisualTrial>
    <gaussSpec>
      <xCenter>-28.29409101468832</xCenter>
      <yCenter>6.83934670733791</yCenter>
      <size>5.0</size>
      <brightness>0.3050793103711925</brightness>
    </gaussSpec>
    <targetEyeWinCoords>
      <x>-28.29409101468832</x>
      <y>6.83934670733791</y>
    </targetEyeWinCoords>
    <targetEyeWinSize>5.0</targetEyeWinSize>
    <duration>1858.0435829143896</duration>
    <data/>
  </org.xper.allen.app.blockGenerators.VisualTrial>
  <org.xper.allen.app.blockGenerators.VisualTrial>
    <gaussSpec>
      <xCenter>190.7457387084567</xCenter>
      <yCenter>-116.84602240862742</yCenter>
      <size>5.0</size>
      <brightness>0.49259806416120067</brightness>
    </gaussSpec>
    <targetEyeWinCoords>
      <x>190.7457387084567</x>
      <y>-116.84602240862742</y>
    </targetEyeWinCoords>
    <targetEyeWinSize>5.0</targetEyeWinSize>
    <duration>1049.4991113201863</duration>
    <data/>
  </org.xper.allen.app.blockGenerators.VisualTrial>
  <org.xper.allen.app.blockGenerators.VisualTrial>
    <gaussSpec>
      <xCenter>60.122987726108136</xCenter>
      <yCenter>-127.23118442527183</yCenter>
      <size>5.0</size>
      <brightness>0.7547505352718703</brightness>
    </gaussSpec>
    <targetEyeWinCoords>
      <x>60.122987726108136</x>
      <y>-127.23118442527183</y>
    </targetEyeWinCoords>
    <targetEyeWinSize>5.0</targetEyeWinSize>
    <duration>1106.9320642189743</duration>
    <data/>
  </org.xper.allen.app.blockGenerators.VisualTrial>
  <org.xper.allen.app.blockGenerators.VisualTrial>
    <gaussSpec>
      <xCenter>121.97340245370532</xCenter>
      <yCenter>-44.02990421927194</yCenter>
      <size>5.0</size>
      <brightness>0.2686677852219378</brightness>
    </gaussSpec>
    <targetEyeWinCoords>
      <x>121.97340245370532</x>
      <y>-44.02990421927194</y>
    </targetEyeWinCoords>
    <targetEyeWinSize>5.0</targetEyeWinSize>
    <duration>1497.4825278520955</duration>
    <data/>
  </org.xper.allen.app.blockGenerators.VisualTrial>
  <org.xper.allen.app.blockGenerators.VisualTrial>
    <gaussSpec>
      <xCenter>138.38905054884793</xCenter>
      <yCenter>146.29739283820243</yCenter>
      <size>5.0</size>
      <brightness>0.1515865424224796</brightness>
    </gaussSpec>
    <targetEyeWinCoords>
      <x>138.38905054884793</x>
      <y>146.29739283820243</y>
    </targetEyeWinCoords>
    <targetEyeWinSize>5.0</targetEyeWinSize>
    <duration>1972.3930314656059</duration>
    <data/>
  </org.xper.allen.app.blockGenerators.VisualTrial>
</list>