<?xml version="1.0" encoding="UTF-8" standalone="no"?><list>
  <VisualTrial>
    <gaussSpec>
      <xCenter>-67.08465918712747</xCenter>
      <yCenter>-15.25537780896758</yCenter>
      <size>5.0</size>
      <brightness>0.793520856291944</brightness>
    </gaussSpec>
    <targetEyeWinCoords>
      <x>-67.08465918712747</x>
      <y>-15.25537780896758</y>
    </targetEyeWinCoords>
    <targetEyeWinSize>10.0</targetEyeWinSize>
    <duration>1197.4398280972775</duration>
    <data>random</data>
  </VisualTrial>
  <VisualTrial>
    <gaussSpec>
      <xCenter>196.23332297951566</xCenter>
      <yCenter>97.30097851614005</yCenter>
      <size>5.0</size>
      <brightness>0.046833672682801586</brightness>
    </gaussSpec>
    <targetEyeWinCoords>
      <x>196.23332297951566</x>
      <y>97.30097851614005</y>
    </targetEyeWinCoords>
    <targetEyeWinSize>10.0</targetEyeWinSize>
    <duration>1505.2373853567296</duration>
    <data>random</data>
  </VisualTrial>
  <VisualTrial>
    <gaussSpec>
      <xCenter>183.3020151981491</xCenter>
      <yCenter>114.29138390951192</yCenter>
      <size>5.0</size>
      <brightness>0.9436704960741858</brightness>
    </gaussSpec>
    <targetEyeWinCoords>
      <x>183.3020151981491</x>
      <y>114.29138390951192</y>
    </targetEyeWinCoords>
    <targetEyeWinSize>10.0</targetEyeWinSize>
    <duration>1104.0493453653107</duration>
    <data>random</data>
  </VisualTrial>
  <VisualTrial>
    <gaussSpec>
      <xCenter>-116.82917070605212</xCenter>
      <yCenter>70.23348695666687</yCenter>
      <size>5.0</size>
      <brightness>0.4995340110304476</brightness>
    </gaussSpec>
    <targetEyeWinCoords>
      <x>-116.82917070605212</x>
      <y>70.23348695666687</y>
    </targetEyeWinCoords>
    <targetEyeWinSize>10.0</targetEyeWinSize>
    <duration>1230.8008393955715</duration>
    <data>random</data>
  </VisualTrial>
  <VisualTrial>
    <gaussSpec>
      <xCenter>7.727748088732994</xCenter>
      <yCenter>-27.074444056346735</yCenter>
      <size>5.0</size>
      <brightness>0.48219107348259327</brightness>
    </gaussSpec>
    <targetEyeWinCoords>
      <x>7.727748088732994</x>
      <y>-27.074444056346735</y>
    </targetEyeWinCoords>
    <targetEyeWinSize>10.0</targetEyeWinSize>
    <duration>1499.9611716605264</duration>
    <data>random</data>
  </VisualTrial>
  <VisualTrial>
    <gaussSpec>
      <xCenter>167.71534947452415</xCenter>
      <yCenter>-95.19523683636572</yCenter>
      <size>5.0</size>
      <brightness>0.30433775538520025</brightness>
    </gaussSpec>
    <targetEyeWinCoords>
      <x>167.71534947452415</x>
      <y>-95.19523683636572</y>
    </targetEyeWinCoords>
    <targetEyeWinSize>10.0</targetEyeWinSize>
    <duration>1800.5011508216116</duration>
    <data>random</data>
  </VisualTrial>
  <VisualTrial>
    <gaussSpec>
      <xCenter>34.47977186774065</xCenter>
      <yCenter>-27.013259549575423</yCenter>
      <size>5.0</size>
      <brightness>0.19938779524180106</brightness>
    </gaussSpec>
    <targetEyeWinCoords>
      <x>34.47977186774065</x>
      <y>-27.013259549575423</y>
    </targetEyeWinCoords>
    <targetEyeWinSize>10.0</targetEyeWinSize>
    <duration>1776.7073399496387</duration>
    <data>random</data>
  </VisualTrial>
  <VisualTrial>
    <gaussSpec>
      <xCenter>-14.671185633102084</xCenter>
      <yCenter>-2.495158736197766</yCenter>
      <size>5.0</size>
      <brightness>0.037943191224302675</brightness>
    </gaussSpec>
    <targetEyeWinCoords>
      <x>-14.671185633102084</x>
      <y>-2.495158736197766</y>
    </targetEyeWinCoords>
    <targetEyeWinSize>10.0</targetEyeWinSize>
    <duration>1820.0570894853217</duration>
    <data>random</data>
  </VisualTrial>
  <VisualTrial>
    <gaussSpec>
      <xCenter>88.62812816790233</xCenter>
      <yCenter>-6.474079833900731</yCenter>
      <size>5.0</size>
      <brightness>0.34886174784475144</brightness>
    </gaussSpec>
    <targetEyeWinCoords>
      <x>88.62812816790233</x>
      <y>-6.474079833900731</y>
    </targetEyeWinCoords>
    <targetEyeWinSize>10.0</targetEyeWinSize>
    <duration>1159.3992001764568</duration>
    <data>random</data>
  </VisualTrial>
  <VisualTrial>
    <gaussSpec>
      <xCenter>177.94119897307377</xCenter>
      <yCenter>-25.188661271558544</yCenter>
      <size>5.0</size>
      <brightness>0.2734104525262733</brightness>
    </gaussSpec>
    <targetEyeWinCoords>
      <x>177.94119897307377</x>
      <y>-25.188661271558544</y>
    </targetEyeWinCoords>
    <targetEyeWinSize>10.0</targetEyeWinSize>
    <duration>1637.7198671411074</duration>
    <data>random</data>
  </VisualTrial>
  <VisualTrial>
    <gaussSpec>
      <xCenter>137.70639121254698</xCenter>
      <yCenter>26.511709502752353</yCenter>
      <size>5.0</size>
      <brightness>0.17230482793143664</brightness>
    </gaussSpec>
    <targetEyeWinCoords>
      <x>137.70639121254698</x>
      <y>26.511709502752353</y>
    </targetEyeWinCoords>
    <targetEyeWinSize>10.0</targetEyeWinSize>
    <duration>1541.9275341853713</duration>
    <data>random</data>
  </VisualTrial>
  <VisualTrial>
    <gaussSpec>
      <xCenter>179.53453298684855</xCenter>
      <yCenter>30.38770940910777</yCenter>
      <size>5.0</size>
      <brightness>0.5487067094570274</brightness>
    </gaussSpec>
    <targetEyeWinCoords>
      <x>179.53453298684855</x>
      <y>30.38770940910777</y>
    </targetEyeWinCoords>
    <targetEyeWinSize>10.0</targetEyeWinSize>
    <duration>1179.909785569056</duration>
    <data>random</data>
  </VisualTrial>
  <VisualTrial>
    <gaussSpec>
      <xCenter>-186.3824318033585</xCenter>
      <yCenter>-8.20514032703963</yCenter>
      <size>5.0</size>
      <brightness>0.47729440911502685</brightness>
    </gaussSpec>
    <targetEyeWinCoords>
      <x>-186.3824318033585</x>
      <y>-8.20514032703963</y>
    </targetEyeWinCoords>
    <targetEyeWinSize>10.0</targetEyeWinSize>
    <duration>1794.4378280474161</duration>
    <data>random</data>
  </VisualTrial>
  <VisualTrial>
    <gaussSpec>
      <xCenter>81.50501554794556</xCenter>
      <yCenter>-1.3673640901207023</yCenter>
      <size>5.0</size>
      <brightness>0.45516346137149144</brightness>
    </gaussSpec>
    <targetEyeWinCoords>
      <x>81.50501554794556</x>
      <y>-1.3673640901207023</y>
    </targetEyeWinCoords>
    <targetEyeWinSize>10.0</targetEyeWinSize>
    <duration>1287.5747531091245</duration>
    <data>random</data>
  </VisualTrial>
  <VisualTrial>
    <gaussSpec>
      <xCenter>-33.877300086640616</xCenter>
      <yCenter>86.63594242585827</yCenter>
      <size>5.0</size>
      <brightness>0.1651085452738239</brightness>
    </gaussSpec>
    <targetEyeWinCoords>
      <x>-33.877300086640616</x>
      <y>86.63594242585827</y>
    </targetEyeWinCoords>
    <targetEyeWinSize>10.0</targetEyeWinSize>
    <duration>1508.552826973555</duration>
    <data>random</data>
  </VisualTrial>
  <VisualTrial>
    <gaussSpec>
      <xCenter>-82.19090493169487</xCenter>
      <yCenter>45.38994293103579</yCenter>
      <size>5.0</size>
      <brightness>0.030056375993169793</brightness>
    </gaussSpec>
    <targetEyeWinCoords>
      <x>-82.19090493169487</x>
      <y>45.38994293103579</y>
    </targetEyeWinCoords>
    <targetEyeWinSize>10.0</targetEyeWinSize>
    <duration>1037.0022429127962</duration>
    <data>random</data>
  </VisualTrial>
  <VisualTrial>
    <gaussSpec>
      <xCenter>-142.96296742647132</xCenter>
      <yCenter>76.93565543121488</yCenter>
      <size>5.0</size>
      <brightness>0.16315189162100185</brightness>
    </gaussSpec>
    <targetEyeWinCoords>
      <x>-142.96296742647132</x>
      <y>76.93565543121488</y>
    </targetEyeWinCoords>
    <targetEyeWinSize>10.0</targetEyeWinSize>
    <duration>1241.6943746199943</duration>
    <data>random</data>
  </VisualTrial>
  <VisualTrial>
    <gaussSpec>
      <xCenter>-38.11220273316084</xCenter>
      <yCenter>-18.214352725560758</yCenter>
      <size>5.0</size>
      <brightness>0.4053167121331609</brightness>
    </gaussSpec>
    <targetEyeWinCoords>
      <x>-38.11220273316084</x>
      <y>-18.214352725560758</y>
    </targetEyeWinCoords>
    <targetEyeWinSize>10.0</targetEyeWinSize>
    <duration>1452.045439515401</duration>
    <data>random</data>
  </VisualTrial>
  <VisualTrial>
    <gaussSpec>
      <xCenter>68.41034181181419</xCenter>
      <yCenter>-0.5303428645309225</yCenter>
      <size>5.0</size>
      <brightness>0.37216300029611826</brightness>
    </gaussSpec>
    <targetEyeWinCoords>
      <x>68.41034181181419</x>
      <y>-0.5303428645309225</y>
    </targetEyeWinCoords>
    <targetEyeWinSize>10.0</targetEyeWinSize>
    <duration>1541.1028741401544</duration>
    <data>random</data>
  </VisualTrial>
  <VisualTrial>
    <gaussSpec>
      <xCenter>-47.37722957772931</xCenter>
      <yCenter>-65.95742867114325</yCenter>
      <size>5.0</size>
      <brightness>0.22638300996787952</brightness>
    </gaussSpec>
    <targetEyeWinCoords>
      <x>-47.37722957772931</x>
      <y>-65.95742867114325</y>
    </targetEyeWinCoords>
    <targetEyeWinSize>10.0</targetEyeWinSize>
    <duration>1245.857059316453</duration>
    <data>random</data>
  </VisualTrial>
  <VisualTrial>
    <gaussSpec>
      <xCenter>6.922330206380849</xCenter>
      <yCenter>-91.79393520803936</yCenter>
      <size>5.0</size>
      <brightness>0.8124073117680144</brightness>
    </gaussSpec>
    <targetEyeWinCoords>
      <x>6.922330206380849</x>
      <y>-91.79393520803936</y>
    </targetEyeWinCoords>
    <targetEyeWinSize>10.0</targetEyeWinSize>
    <duration>1417.450372527078</duration>
    <data>random</data>
  </VisualTrial>
  <VisualTrial>
    <gaussSpec>
      <xCenter>-131.48898624181808</xCenter>
      <yCenter>84.72476170722214</yCenter>
      <size>5.0</size>
      <brightness>0.7003242698854178</brightness>
    </gaussSpec>
    <targetEyeWinCoords>
      <x>-131.48898624181808</x>
      <y>84.72476170722214</y>
    </targetEyeWinCoords>
    <targetEyeWinSize>10.0</targetEyeWinSize>
    <duration>1778.391353646863</duration>
    <data>random</data>
  </VisualTrial>
  <VisualTrial>
    <gaussSpec>
      <xCenter>-36.17952955319308</xCenter>
      <yCenter>-53.75264263770235</yCenter>
      <size>5.0</size>
      <brightness>0.5389679742417871</brightness>
    </gaussSpec>
    <targetEyeWinCoords>
      <x>-36.17952955319308</x>
      <y>-53.75264263770235</y>
    </targetEyeWinCoords>
    <targetEyeWinSize>10.0</targetEyeWinSize>
    <duration>1715.8458205026013</duration>
    <data>random</data>
  </VisualTrial>
  <VisualTrial>
    <gaussSpec>
      <xCenter>20.022756155804757</xCenter>
      <yCenter>133.77875546766563</yCenter>
      <size>5.0</size>
      <brightness>0.7644740895148187</brightness>
    </gaussSpec>
    <targetEyeWinCoords>
      <x>20.022756155804757</x>
      <y>133.77875546766563</y>
    </targetEyeWinCoords>
    <targetEyeWinSize>10.0</targetEyeWinSize>
    <duration>1815.0564057170782</duration>
    <data>random</data>
  </VisualTrial>
  <VisualTrial>
    <gaussSpec>
      <xCenter>83.70211574440742</xCenter>
      <yCenter>122.22368782297104</yCenter>
      <size>5.0</size>
      <brightness>0.9329846301610095</brightness>
    </gaussSpec>
    <targetEyeWinCoords>
      <x>83.70211574440742</x>
      <y>122.22368782297104</y>
    </targetEyeWinCoords>
    <targetEyeWinSize>10.0</targetEyeWinSize>
    <duration>1001.222346209746</duration>
    <data>random</data>
  </VisualTrial>
  <VisualTrial>
    <gaussSpec>
      <xCenter>-168.63530195160016</xCenter>
      <yCenter>-4.77603411033266</yCenter>
      <size>5.0</size>
      <brightness>0.10096644480236905</brightness>
    </gaussSpec>
    <targetEyeWinCoords>
      <x>-168.63530195160016</x>
      <y>-4.77603411033266</y>
    </targetEyeWinCoords>
    <targetEyeWinSize>10.0</targetEyeWinSize>
    <duration>1884.9279269688225</duration>
    <data>random</data>
  </VisualTrial>
  <VisualTrial>
    <gaussSpec>
      <xCenter>119.73107130637021</xCenter>
      <yCenter>109.64525950314317</yCenter>
      <size>5.0</size>
      <brightness>0.37721209780938214</brightness>
    </gaussSpec>
    <targetEyeWinCoords>
      <x>119.73107130637021</x>
      <y>109.64525950314317</y>
    </targetEyeWinCoords>
    <targetEyeWinSize>10.0</targetEyeWinSize>
    <duration>1679.765707332523</duration>
    <data>random</data>
  </VisualTrial>
  <VisualTrial>
    <gaussSpec>
      <xCenter>118.29059763905815</xCenter>
      <yCenter>122.99129675969385</yCenter>
      <size>5.0</size>
      <brightness>0.5610828526836299</brightness>
    </gaussSpec>
    <targetEyeWinCoords>
      <x>118.29059763905815</x>
      <y>122.99129675969385</y>
    </targetEyeWinCoords>
    <targetEyeWinSize>10.0</targetEyeWinSize>
    <duration>1698.5958955377787</duration>
    <data>random</data>
  </VisualTrial>
  <VisualTrial>
    <gaussSpec>
      <xCenter>14.438061884331802</xCenter>
      <yCenter>-95.90885105870088</yCenter>
      <size>5.0</size>
      <brightness>0.5319070077605954</brightness>
    </gaussSpec>
    <targetEyeWinCoords>
      <x>14.438061884331802</x>
      <y>-95.90885105870088</y>
    </targetEyeWinCoords>
    <targetEyeWinSize>10.0</targetEyeWinSize>
    <duration>1881.2765468401822</duration>
    <data>random</data>
  </VisualTrial>
  <VisualTrial>
    <gaussSpec>
      <xCenter>-100.7764838898033</xCenter>
      <yCenter>-65.75789478523345</yCenter>
      <size>5.0</size>
      <brightness>0.13957904375755437</brightness>
    </gaussSpec>
    <targetEyeWinCoords>
      <x>-100.7764838898033</x>
      <y>-65.75789478523345</y>
    </targetEyeWinCoords>
    <targetEyeWinSize>10.0</targetEyeWinSize>
    <duration>1461.623408905811</duration>
    <data>random</data>
  </VisualTrial>
  <VisualTrial>
    <gaussSpec>
      <xCenter>156.48298670228087</xCenter>
      <yCenter>98.07966652688023</yCenter>
      <size>5.0</size>
      <brightness>0.14337916038168996</brightness>
    </gaussSpec>
    <targetEyeWinCoords>
      <x>156.48298670228087</x>
      <y>98.07966652688023</y>
    </targetEyeWinCoords>
    <targetEyeWinSize>10.0</targetEyeWinSize>
    <duration>1605.9317758557804</duration>
    <data>random</data>
  </VisualTrial>
  <VisualTrial>
    <gaussSpec>
      <xCenter>-194.28040805393618</xCenter>
      <yCenter>116.2143600773204</yCenter>
      <size>5.0</size>
      <brightness>0.8781587000281708</brightness>
    </gaussSpec>
    <targetEyeWinCoords>
      <x>-194.28040805393618</x>
      <y>116.2143600773204</y>
    </targetEyeWinCoords>
    <targetEyeWinSize>10.0</targetEyeWinSize>
    <duration>1580.020395816968</duration>
    <data>random</data>
  </VisualTrial>
  <VisualTrial>
    <gaussSpec>
      <xCenter>-190.27930087269206</xCenter>
      <yCenter>-94.08813719196823</yCenter>
      <size>5.0</size>
      <brightness>0.3222469299852415</brightness>
    </gaussSpec>
    <targetEyeWinCoords>
      <x>-190.27930087269206</x>
      <y>-94.08813719196823</y>
    </targetEyeWinCoords>
    <targetEyeWinSize>10.0</targetEyeWinSize>
    <duration>1094.2646624284241</duration>
    <data>random</data>
  </VisualTrial>
  <VisualTrial>
    <gaussSpec>
      <xCenter>188.8516763846589</xCenter>
      <yCenter>-39.72000339267656</yCenter>
      <size>5.0</size>
      <brightness>0.7630502254216355</brightness>
    </gaussSpec>
    <targetEyeWinCoords>
      <x>188.8516763846589</x>
      <y>-39.72000339267656</y>
    </targetEyeWinCoords>
    <targetEyeWinSize>10.0</targetEyeWinSize>
    <duration>1884.571450676229</duration>
    <data>random</data>
  </VisualTrial>
  <VisualTrial>
    <gaussSpec>
      <xCenter>190.81053328435314</xCenter>
      <yCenter>-85.80039268726102</yCenter>
      <size>5.0</size>
      <brightness>0.8394508016193313</brightness>
    </gaussSpec>
    <targetEyeWinCoords>
      <x>190.81053328435314</x>
      <y>-85.80039268726102</y>
    </targetEyeWinCoords>
    <targetEyeWinSize>10.0</targetEyeWinSize>
    <duration>1012.9808075291863</duration>
    <data>random</data>
  </VisualTrial>
  <VisualTrial>
    <gaussSpec>
      <xCenter>56.94293625766153</xCenter>
      <yCenter>-142.88331012338108</yCenter>
      <size>5.0</size>
      <brightness>0.31427846907663237</brightness>
    </gaussSpec>
    <targetEyeWinCoords>
      <x>56.94293625766153</x>
      <y>-142.88331012338108</y>
    </targetEyeWinCoords>
    <targetEyeWinSize>10.0</targetEyeWinSize>
    <duration>1118.462108074111</duration>
    <data>random</data>
  </VisualTrial>
  <VisualTrial>
    <gaussSpec>
      <xCenter>-14.029144354807784</xCenter>
      <yCenter>109.20800949811189</yCenter>
      <size>5.0</size>
      <brightness>0.1342318691076123</brightness>
    </gaussSpec>
    <targetEyeWinCoords>
      <x>-14.029144354807784</x>
      <y>109.20800949811189</y>
    </targetEyeWinCoords>
    <targetEyeWinSize>10.0</targetEyeWinSize>
    <duration>1415.035685962823</duration>
    <data>random</data>
  </VisualTrial>
  <VisualTrial>
    <gaussSpec>
      <xCenter>76.72693116558497</xCenter>
      <yCenter>100.2593464432951</yCenter>
      <size>5.0</size>
      <brightness>0.0022812853557423463</brightness>
    </gaussSpec>
    <targetEyeWinCoords>
      <x>76.72693116558497</x>
      <y>100.2593464432951</y>
    </targetEyeWinCoords>
    <targetEyeWinSize>10.0</targetEyeWinSize>
    <duration>1469.5267051937283</duration>
    <data>random</data>
  </VisualTrial>
  <VisualTrial>
    <gaussSpec>
      <xCenter>-147.6604840795457</xCenter>
      <yCenter>-68.15404868708802</yCenter>
      <size>5.0</size>
      <brightness>0.5591241191233622</brightness>
    </gaussSpec>
    <targetEyeWinCoords>
      <x>-147.6604840795457</x>
      <y>-68.15404868708802</y>
    </targetEyeWinCoords>
    <targetEyeWinSize>10.0</targetEyeWinSize>
    <duration>1361.8746645298338</duration>
    <data>random</data>
  </VisualTrial>
  <VisualTrial>
    <gaussSpec>
      <xCenter>-39.4965889790453</xCenter>
      <yCenter>32.219748239653626</yCenter>
      <size>5.0</size>
      <brightness>0.32437868626154287</brightness>
    </gaussSpec>
    <targetEyeWinCoords>
      <x>-39.4965889790453</x>
      <y>32.219748239653626</y>
    </targetEyeWinCoords>
    <targetEyeWinSize>10.0</targetEyeWinSize>
    <duration>1886.1560387630452</duration>
    <data>random</data>
  </VisualTrial>
  <VisualTrial>
    <gaussSpec>
      <xCenter>-31.978228467853484</xCenter>
      <yCenter>47.76415376659514</yCenter>
      <size>5.0</size>
      <brightness>0.757034104598593</brightness>
    </gaussSpec>
    <targetEyeWinCoords>
      <x>-31.978228467853484</x>
      <y>47.76415376659514</y>
    </targetEyeWinCoords>
    <targetEyeWinSize>10.0</targetEyeWinSize>
    <duration>1489.5214995634344</duration>
    <data>random</data>
  </VisualTrial>
  <VisualTrial>
    <gaussSpec>
      <xCenter>140.45510098945408</xCenter>
      <yCenter>46.976569762787705</yCenter>
      <size>5.0</size>
      <brightness>0.8592594804355576</brightness>
    </gaussSpec>
    <targetEyeWinCoords>
      <x>140.45510098945408</x>
      <y>46.976569762787705</y>
    </targetEyeWinCoords>
    <targetEyeWinSize>10.0</targetEyeWinSize>
    <duration>1190.1713628304888</duration>
    <data>random</data>
  </VisualTrial>
  <VisualTrial>
    <gaussSpec>
      <xCenter>34.96150376557193</xCenter>
      <yCenter>-89.12654568334695</yCenter>
      <size>5.0</size>
      <brightness>0.38445223225246217</brightness>
    </gaussSpec>
    <targetEyeWinCoords>
      <x>34.96150376557193</x>
      <y>-89.12654568334695</y>
    </targetEyeWinCoords>
    <targetEyeWinSize>10.0</targetEyeWinSize>
    <duration>1371.0990336783175</duration>
    <data>random</data>
  </VisualTrial>
  <VisualTrial>
    <gaussSpec>
      <xCenter>14.910651017968007</xCenter>
      <yCenter>-135.38914635035428</yCenter>
      <size>5.0</size>
      <brightness>0.22946042205164574</brightness>
    </gaussSpec>
    <targetEyeWinCoords>
      <x>14.910651017968007</x>
      <y>-135.38914635035428</y>
    </targetEyeWinCoords>
    <targetEyeWinSize>10.0</targetEyeWinSize>
    <duration>1288.122345521606</duration>
    <data>random</data>
  </VisualTrial>
  <VisualTrial>
    <gaussSpec>
      <xCenter>-4.508476367658517</xCenter>
      <yCenter>-47.497704279475414</yCenter>
      <size>5.0</size>
      <brightness>0.663999734825593</brightness>
    </gaussSpec>
    <targetEyeWinCoords>
      <x>-4.508476367658517</x>
      <y>-47.497704279475414</y>
    </targetEyeWinCoords>
    <targetEyeWinSize>10.0</targetEyeWinSize>
    <duration>1289.1673127990637</duration>
    <data>random</data>
  </VisualTrial>
  <VisualTrial>
    <gaussSpec>
      <xCenter>25.047729371004777</xCenter>
      <yCenter>23.502805268016203</yCenter>
      <size>5.0</size>
      <brightness>0.6326344583212598</brightness>
    </gaussSpec>
    <targetEyeWinCoords>
      <x>25.047729371004777</x>
      <y>23.502805268016203</y>
    </targetEyeWinCoords>
    <targetEyeWinSize>10.0</targetEyeWinSize>
    <duration>1231.9848855303303</duration>
    <data>random</data>
  </VisualTrial>
  <VisualTrial>
    <gaussSpec>
      <xCenter>-142.47630550851073</xCenter>
      <yCenter>-132.4360650847514</yCenter>
      <size>5.0</size>
      <brightness>0.13470285721508346</brightness>
    </gaussSpec>
    <targetEyeWinCoords>
      <x>-142.47630550851073</x>
      <y>-132.4360650847514</y>
    </targetEyeWinCoords>
    <targetEyeWinSize>10.0</targetEyeWinSize>
    <duration>1210.2528629376218</duration>
    <data>random</data>
  </VisualTrial>
  <VisualTrial>
    <gaussSpec>
      <xCenter>117.16012537087886</xCenter>
      <yCenter>-101.6410337937396</yCenter>
      <size>5.0</size>
      <brightness>0.6490223603606933</brightness>
    </gaussSpec>
    <targetEyeWinCoords>
      <x>117.16012537087886</x>
      <y>-101.6410337937396</y>
    </targetEyeWinCoords>
    <targetEyeWinSize>10.0</targetEyeWinSize>
    <duration>1705.9506667681062</duration>
    <data>random</data>
  </VisualTrial>
  <VisualTrial>
    <gaussSpec>
      <xCenter>-197.19194025233452</xCenter>
      <yCenter>-115.91931688697159</yCenter>
      <size>5.0</size>
      <brightness>0.409351709227016</brightness>
    </gaussSpec>
    <targetEyeWinCoords>
      <x>-197.19194025233452</x>
      <y>-115.91931688697159</y>
    </targetEyeWinCoords>
    <targetEyeWinSize>10.0</targetEyeWinSize>
    <duration>1411.6956555299307</duration>
    <data>random</data>
  </VisualTrial>
  <VisualTrial>
    <gaussSpec>
      <xCenter>-123.35311655385952</xCenter>
      <yCenter>97.71537136472031</yCenter>
      <size>5.0</size>
      <brightness>0.8138533968504928</brightness>
    </gaussSpec>
    <targetEyeWinCoords>
      <x>-123.35311655385952</x>
      <y>97.71537136472031</y>
    </targetEyeWinCoords>
    <targetEyeWinSize>10.0</targetEyeWinSize>
    <duration>1530.4343295522635</duration>
    <data>random</data>
  </VisualTrial>
  <VisualTrial>
    <gaussSpec>
      <xCenter>-134.57361079107253</xCenter>
      <yCenter>92.1607725247836</yCenter>
      <size>5.0</size>
      <brightness>0.1916387246322243</brightness>
    </gaussSpec>
    <targetEyeWinCoords>
      <x>-134.57361079107253</x>
      <y>92.1607725247836</y>
    </targetEyeWinCoords>
    <targetEyeWinSize>10.0</targetEyeWinSize>
    <duration>1566.7186915360726</duration>
    <data>random</data>
  </VisualTrial>
  <VisualTrial>
    <gaussSpec>
      <xCenter>-117.45501712768616</xCenter>
      <yCenter>-32.66989218345951</yCenter>
      <size>5.0</size>
      <brightness>0.2793273836740565</brightness>
    </gaussSpec>
    <targetEyeWinCoords>
      <x>-117.45501712768616</x>
      <y>-32.66989218345951</y>
    </targetEyeWinCoords>
    <targetEyeWinSize>10.0</targetEyeWinSize>
    <duration>1460.067551293329</duration>
    <data>random</data>
  </VisualTrial>
  <VisualTrial>
    <gaussSpec>
      <xCenter>63.845352213131434</xCenter>
      <yCenter>-133.2043931264526</yCenter>
      <size>5.0</size>
      <brightness>0.08564750156558831</brightness>
    </gaussSpec>
    <targetEyeWinCoords>
      <x>63.845352213131434</x>
      <y>-133.2043931264526</y>
    </targetEyeWinCoords>
    <targetEyeWinSize>10.0</targetEyeWinSize>
    <duration>1634.8241828972232</duration>
    <data>random</data>
  </VisualTrial>
  <VisualTrial>
    <gaussSpec>
      <xCenter>120.35436078679112</xCenter>
      <yCenter>146.70181909833013</yCenter>
      <size>5.0</size>
      <brightness>0.1629442731249755</brightness>
    </gaussSpec>
    <targetEyeWinCoords>
      <x>120.35436078679112</x>
      <y>146.70181909833013</y>
    </targetEyeWinCoords>
    <targetEyeWinSize>10.0</targetEyeWinSize>
    <duration>1529.8061363640322</duration>
    <data>random</data>
  </VisualTrial>
  <VisualTrial>
    <gaussSpec>
      <xCenter>61.00166075312501</xCenter>
      <yCenter>-60.623637648109835</yCenter>
      <size>5.0</size>
      <brightness>0.12160961816562577</brightness>
    </gaussSpec>
    <targetEyeWinCoords>
      <x>61.00166075312501</x>
      <y>-60.623637648109835</y>
    </targetEyeWinCoords>
    <targetEyeWinSize>10.0</targetEyeWinSize>
    <duration>1505.5471374038052</duration>
    <data>random</data>
  </VisualTrial>
  <VisualTrial>
    <gaussSpec>
      <xCenter>-38.97343171266766</xCenter>
      <yCenter>-131.34605039547955</yCenter>
      <size>5.0</size>
      <brightness>0.9391510355890778</brightness>
    </gaussSpec>
    <targetEyeWinCoords>
      <x>-38.97343171266766</x>
      <y>-131.34605039547955</y>
    </targetEyeWinCoords>
    <targetEyeWinSize>10.0</targetEyeWinSize>
    <duration>1562.0246944376913</duration>
    <data>random</data>
  </VisualTrial>
  <VisualTrial>
    <gaussSpec>
      <xCenter>7.072556253358499</xCenter>
      <yCenter>139.19205228439068</yCenter>
      <size>5.0</size>
      <brightness>0.4532406371300036</brightness>
    </gaussSpec>
    <targetEyeWinCoords>
      <x>7.072556253358499</x>
      <y>139.19205228439068</y>
    </targetEyeWinCoords>
    <targetEyeWinSize>10.0</targetEyeWinSize>
    <duration>1219.9482352387504</duration>
    <data>random</data>
  </VisualTrial>
  <VisualTrial>
    <gaussSpec>
      <xCenter>15.624141533772672</xCenter>
      <yCenter>-105.82562921042121</yCenter>
      <size>5.0</size>
      <brightness>0.8743672767268541</brightness>
    </gaussSpec>
    <targetEyeWinCoords>
      <x>15.624141533772672</x>
      <y>-105.82562921042121</y>
    </targetEyeWinCoords>
    <targetEyeWinSize>10.0</targetEyeWinSize>
    <duration>1442.6930728885668</duration>
    <data>random</data>
  </VisualTrial>
  <VisualTrial>
    <gaussSpec>
      <xCenter>143.4321201424832</xCenter>
      <yCenter>-55.091950194690156</yCenter>
      <size>5.0</size>
      <brightness>0.2583549010631695</brightness>
    </gaussSpec>
    <targetEyeWinCoords>
      <x>143.4321201424832</x>
      <y>-55.091950194690156</y>
    </targetEyeWinCoords>
    <targetEyeWinSize>10.0</targetEyeWinSize>
    <duration>1733.2888404647238</duration>
    <data>random</data>
  </VisualTrial>
  <VisualTrial>
    <gaussSpec>
      <xCenter>115.52629087853813</xCenter>
      <yCenter>82.21288808518801</yCenter>
      <size>5.0</size>
      <brightness>0.6082607568392859</brightness>
    </gaussSpec>
    <targetEyeWinCoords>
      <x>115.52629087853813</x>
      <y>82.21288808518801</y>
    </targetEyeWinCoords>
    <targetEyeWinSize>10.0</targetEyeWinSize>
    <duration>1239.9169989097954</duration>
    <data>random</data>
  </VisualTrial>
  <VisualTrial>
    <gaussSpec>
      <xCenter>84.65418896481151</xCenter>
      <yCenter>-75.51289612655219</yCenter>
      <size>5.0</size>
      <brightness>0.6012656533559174</brightness>
    </gaussSpec>
    <targetEyeWinCoords>
      <x>84.65418896481151</x>
      <y>-75.51289612655219</y>
    </targetEyeWinCoords>
    <targetEyeWinSize>10.0</targetEyeWinSize>
    <duration>1894.9024693657543</duration>
    <data>random</data>
  </VisualTrial>
  <VisualTrial>
    <gaussSpec>
      <xCenter>-39.82444315219627</xCenter>
      <yCenter>83.33885976735507</yCenter>
      <size>5.0</size>
      <brightness>0.06564287953924319</brightness>
    </gaussSpec>
    <targetEyeWinCoords>
      <x>-39.82444315219627</x>
      <y>83.33885976735507</y>
    </targetEyeWinCoords>
    <targetEyeWinSize>10.0</targetEyeWinSize>
    <duration>1798.2501814678305</duration>
    <data>random</data>
  </VisualTrial>
  <VisualTrial>
    <gaussSpec>
      <xCenter>3.9770598540752644</xCenter>
      <yCenter>-86.10309789241413</yCenter>
      <size>5.0</size>
      <brightness>0.5244614424822754</brightness>
    </gaussSpec>
    <targetEyeWinCoords>
      <x>3.9770598540752644</x>
      <y>-86.10309789241413</y>
    </targetEyeWinCoords>
    <targetEyeWinSize>10.0</targetEyeWinSize>
    <duration>1923.4250692674027</duration>
    <data>random</data>
  </VisualTrial>
  <VisualTrial>
    <gaussSpec>
      <xCenter>-24.23985880196716</xCenter>
      <yCenter>70.0185074828847</yCenter>
      <size>5.0</size>
      <brightness>0.9621584809336241</brightness>
    </gaussSpec>
    <targetEyeWinCoords>
      <x>-24.23985880196716</x>
      <y>70.0185074828847</y>
    </targetEyeWinCoords>
    <targetEyeWinSize>10.0</targetEyeWinSize>
    <duration>1402.0738181714194</duration>
    <data>random</data>
  </VisualTrial>
  <VisualTrial>
    <gaussSpec>
      <xCenter>-85.10859993256864</xCenter>
      <yCenter>-100.74349129926304</yCenter>
      <size>5.0</size>
      <brightness>0.7784834695986717</brightness>
    </gaussSpec>
    <targetEyeWinCoords>
      <x>-85.10859993256864</x>
      <y>-100.74349129926304</y>
    </targetEyeWinCoords>
    <targetEyeWinSize>10.0</targetEyeWinSize>
    <duration>1134.7064987135295</duration>
    <data>random</data>
  </VisualTrial>
  <VisualTrial>
    <gaussSpec>
      <xCenter>-51.95724343085101</xCenter>
      <yCenter>-12.91630780081357</yCenter>
      <size>5.0</size>
      <brightness>0.16370497890034252</brightness>
    </gaussSpec>
    <targetEyeWinCoords>
      <x>-51.95724343085101</x>
      <y>-12.91630780081357</y>
    </targetEyeWinCoords>
    <targetEyeWinSize>10.0</targetEyeWinSize>
    <duration>1430.6930958994844</duration>
    <data>random</data>
  </VisualTrial>
  <VisualTrial>
    <gaussSpec>
      <xCenter>-20.957990019252406</xCenter>
      <yCenter>68.29322130126937</yCenter>
      <size>5.0</size>
      <brightness>0.8805624895907672</brightness>
    </gaussSpec>
    <targetEyeWinCoords>
      <x>-20.957990019252406</x>
      <y>68.29322130126937</y>
    </targetEyeWinCoords>
    <targetEyeWinSize>10.0</targetEyeWinSize>
    <duration>1744.593929385721</duration>
    <data>random</data>
  </VisualTrial>
  <VisualTrial>
    <gaussSpec>
      <xCenter>39.22997994637555</xCenter>
      <yCenter>-6.240408746019</yCenter>
      <size>5.0</size>
      <brightness>0.4418345523256094</brightness>
    </gaussSpec>
    <targetEyeWinCoords>
      <x>39.22997994637555</x>
      <y>-6.240408746019</y>
    </targetEyeWinCoords>
    <targetEyeWinSize>10.0</targetEyeWinSize>
    <duration>1804.3142591693709</duration>
    <data>random</data>
  </VisualTrial>
  <VisualTrial>
    <gaussSpec>
      <xCenter>-114.9006286523003</xCenter>
      <yCenter>-29.069922694940615</yCenter>
      <size>5.0</size>
      <brightness>0.36257662706605</brightness>
    </gaussSpec>
    <targetEyeWinCoords>
      <x>-114.9006286523003</x>
      <y>-29.069922694940615</y>
    </targetEyeWinCoords>
    <targetEyeWinSize>10.0</targetEyeWinSize>
    <duration>1116.2683011207737</duration>
    <data>random</data>
  </VisualTrial>
  <VisualTrial>
    <gaussSpec>
      <xCenter>-94.55722994104327</xCenter>
      <yCenter>102.11328975032933</yCenter>
      <size>5.0</size>
      <brightness>0.6425149474272849</brightness>
    </gaussSpec>
    <targetEyeWinCoords>
      <x>-94.55722994104327</x>
      <y>102.11328975032933</y>
    </targetEyeWinCoords>
    <targetEyeWinSize>10.0</targetEyeWinSize>
    <duration>1298.0133029001543</duration>
    <data>random</data>
  </VisualTrial>
  <VisualTrial>
    <gaussSpec>
      <xCenter>53.737770013324166</xCenter>
      <yCenter>-87.20519102623052</yCenter>
      <size>5.0</size>
      <brightness>0.4436089067387915</brightness>
    </gaussSpec>
    <targetEyeWinCoords>
      <x>53.737770013324166</x>
      <y>-87.20519102623052</y>
    </targetEyeWinCoords>
    <targetEyeWinSize>10.0</targetEyeWinSize>
    <duration>1768.1965684847423</duration>
    <data>random</data>
  </VisualTrial>
  <VisualTrial>
    <gaussSpec>
      <xCenter>-186.43105715679312</xCenter>
      <yCenter>73.20017417929955</yCenter>
      <size>5.0</size>
      <brightness>0.3859110312812757</brightness>
    </gaussSpec>
    <targetEyeWinCoords>
      <x>-186.43105715679312</x>
      <y>73.20017417929955</y>
    </targetEyeWinCoords>
    <targetEyeWinSize>10.0</targetEyeWinSize>
    <duration>1432.4180783007062</duration>
    <data>random</data>
  </VisualTrial>
  <VisualTrial>
    <gaussSpec>
      <xCenter>-129.05385727065146</xCenter>
      <yCenter>-69.7049394106321</yCenter>
      <size>5.0</size>
      <brightness>0.02590832547533628</brightness>
    </gaussSpec>
    <targetEyeWinCoords>
      <x>-129.05385727065146</x>
      <y>-69.7049394106321</y>
    </targetEyeWinCoords>
    <targetEyeWinSize>10.0</targetEyeWinSize>
    <duration>1811.3957111489149</duration>
    <data>random</data>
  </VisualTrial>
  <VisualTrial>
    <gaussSpec>
      <xCenter>-151.94594737571632</xCenter>
      <yCenter>-141.5067661727069</yCenter>
      <size>5.0</size>
      <brightness>0.17594528848156032</brightness>
    </gaussSpec>
    <targetEyeWinCoords>
      <x>-151.94594737571632</x>
      <y>-141.5067661727069</y>
    </targetEyeWinCoords>
    <targetEyeWinSize>10.0</targetEyeWinSize>
    <duration>1416.2386528070308</duration>
    <data>random</data>
  </VisualTrial>
  <VisualTrial>
    <gaussSpec>
      <xCenter>-165.77039194222644</xCenter>
      <yCenter>111.71615984138492</yCenter>
      <size>5.0</size>
      <brightness>0.557982500017242</brightness>
    </gaussSpec>
    <targetEyeWinCoords>
      <x>-165.77039194222644</x>
      <y>111.71615984138492</y>
    </targetEyeWinCoords>
    <targetEyeWinSize>10.0</targetEyeWinSize>
    <duration>1981.6512759027382</duration>
    <data>random</data>
  </VisualTrial>
  <VisualTrial>
    <gaussSpec>
      <xCenter>146.8350316130648</xCenter>
      <yCenter>-140.16130506250767</yCenter>
      <size>5.0</size>
      <brightness>0.9026639982733441</brightness>
    </gaussSpec>
    <targetEyeWinCoords>
      <x>146.8350316130648</x>
      <y>-140.16130506250767</y>
    </targetEyeWinCoords>
    <targetEyeWinSize>10.0</targetEyeWinSize>
    <duration>1727.931044583239</duration>
    <data>random</data>
  </VisualTrial>
  <VisualTrial>
    <gaussSpec>
      <xCenter>-20.158055794389043</xCenter>
      <yCenter>-18.855008999787657</yCenter>
      <size>5.0</size>
      <brightness>0.24077446355399656</brightness>
    </gaussSpec>
    <targetEyeWinCoords>
      <x>-20.158055794389043</x>
      <y>-18.855008999787657</y>
    </targetEyeWinCoords>
    <targetEyeWinSize>10.0</targetEyeWinSize>
    <duration>1012.9879827146083</duration>
    <data>random</data>
  </VisualTrial>
  <VisualTrial>
    <gaussSpec>
      <xCenter>-109.6906600475872</xCenter>
      <yCenter>-71.17544648379956</yCenter>
      <size>5.0</size>
      <brightness>0.6136362535975475</brightness>
    </gaussSpec>
    <targetEyeWinCoords>
      <x>-109.6906600475872</x>
      <y>-71.17544648379956</y>
    </targetEyeWinCoords>
    <targetEyeWinSize>10.0</targetEyeWinSize>
    <duration>1233.9157509083268</duration>
    <data>random</data>
  </VisualTrial>
  <VisualTrial>
    <gaussSpec>
      <xCenter>-37.3151041849772</xCenter>
      <yCenter>-131.95665835258734</yCenter>
      <size>5.0</size>
      <brightness>0.9813194012680004</brightness>
    </gaussSpec>
    <targetEyeWinCoords>
      <x>-37.3151041849772</x>
      <y>-131.95665835258734</y>
    </targetEyeWinCoords>
    <targetEyeWinSize>10.0</targetEyeWinSize>
    <duration>1282.1120353413698</duration>
    <data>random</data>
  </VisualTrial>
  <VisualTrial>
    <gaussSpec>
      <xCenter>10.179987637831829</xCenter>
      <yCenter>84.25966615784958</yCenter>
      <size>5.0</size>
      <brightness>0.14344537898494436</brightness>
    </gaussSpec>
    <targetEyeWinCoords>
      <x>10.179987637831829</x>
      <y>84.25966615784958</y>
    </targetEyeWinCoords>
    <targetEyeWinSize>10.0</targetEyeWinSize>
    <duration>1324.464774174584</duration>
    <data>random</data>
  </VisualTrial>
  <VisualTrial>
    <gaussSpec>
      <xCenter>-95.97259739491632</xCenter>
      <yCenter>98.04569433339057</yCenter>
      <size>5.0</size>
      <brightness>0.03431500908474472</brightness>
    </gaussSpec>
    <targetEyeWinCoords>
      <x>-95.97259739491632</x>
      <y>98.04569433339057</y>
    </targetEyeWinCoords>
    <targetEyeWinSize>10.0</targetEyeWinSize>
    <duration>1140.8843415153913</duration>
    <data>random</data>
  </VisualTrial>
  <VisualTrial>
    <gaussSpec>
      <xCenter>4.026742362050896</xCenter>
      <yCenter>31.691053884619947</yCenter>
      <size>5.0</size>
      <brightness>0.4419429843253595</brightness>
    </gaussSpec>
    <targetEyeWinCoords>
      <x>4.026742362050896</x>
      <y>31.691053884619947</y>
    </targetEyeWinCoords>
    <targetEyeWinSize>10.0</targetEyeWinSize>
    <duration>1021.4059097140076</duration>
    <data>random</data>
  </VisualTrial>
  <VisualTrial>
    <gaussSpec>
      <xCenter>-88.37521644373612</xCenter>
      <yCenter>141.791172811973</yCenter>
      <size>5.0</size>
      <brightness>0.009657845885203908</brightness>
    </gaussSpec>
    <targetEyeWinCoords>
      <x>-88.37521644373612</x>
      <y>141.791172811973</y>
    </targetEyeWinCoords>
    <targetEyeWinSize>10.0</targetEyeWinSize>
    <duration>1394.2245593523419</duration>
    <data>random</data>
  </VisualTrial>
  <VisualTrial>
    <gaussSpec>
      <xCenter>32.536794495450806</xCenter>
      <yCenter>-134.3722232581358</yCenter>
      <size>5.0</size>
      <brightness>0.4498151045928789</brightness>
    </gaussSpec>
    <targetEyeWinCoords>
      <x>32.536794495450806</x>
      <y>-134.3722232581358</y>
    </targetEyeWinCoords>
    <targetEyeWinSize>10.0</targetEyeWinSize>
    <duration>1723.2338914895402</duration>
    <data>random</data>
  </VisualTrial>
  <VisualTrial>
    <gaussSpec>
      <xCenter>-169.30431988859772</xCenter>
      <yCenter>30.158228583068052</yCenter>
      <size>5.0</size>
      <brightness>0.8608307320345514</brightness>
    </gaussSpec>
    <targetEyeWinCoords>
      <x>-169.30431988859772</x>
      <y>30.158228583068052</y>
    </targetEyeWinCoords>
    <targetEyeWinSize>10.0</targetEyeWinSize>
    <duration>1889.3216875867597</duration>
    <data>random</data>
  </VisualTrial>
  <VisualTrial>
    <gaussSpec>
      <xCenter>-46.17697621982532</xCenter>
      <yCenter>37.908995640503036</yCenter>
      <size>5.0</size>
      <brightness>0.9096603913540697</brightness>
    </gaussSpec>
    <targetEyeWinCoords>
      <x>-46.17697621982532</x>
      <y>37.908995640503036</y>
    </targetEyeWinCoords>
    <targetEyeWinSize>10.0</targetEyeWinSize>
    <duration>1728.0626797427476</duration>
    <data>random</data>
  </VisualTrial>
  <VisualTrial>
    <gaussSpec>
      <xCenter>-128.7006397929664</xCenter>
      <yCenter>109.07500435578419</yCenter>
      <size>5.0</size>
      <brightness>0.7226434835313711</brightness>
    </gaussSpec>
    <targetEyeWinCoords>
      <x>-128.7006397929664</x>
      <y>109.07500435578419</y>
    </targetEyeWinCoords>
    <targetEyeWinSize>10.0</targetEyeWinSize>
    <duration>1825.4225196659404</duration>
    <data>random</data>
  </VisualTrial>
  <VisualTrial>
    <gaussSpec>
      <xCenter>-36.39549677790137</xCenter>
      <yCenter>88.37389396922057</yCenter>
      <size>5.0</size>
      <brightness>0.5369649831097774</brightness>
    </gaussSpec>
    <targetEyeWinCoords>
      <x>-36.39549677790137</x>
      <y>88.37389396922057</y>
    </targetEyeWinCoords>
    <targetEyeWinSize>10.0</targetEyeWinSize>
    <duration>1658.3023762259081</duration>
    <data>random</data>
  </VisualTrial>
  <VisualTrial>
    <gaussSpec>
      <xCenter>121.7062698533415</xCenter>
      <yCenter>-131.9444166054632</yCenter>
      <size>5.0</size>
      <brightness>0.7088293205426134</brightness>
    </gaussSpec>
    <targetEyeWinCoords>
      <x>121.7062698533415</x>
      <y>-131.9444166054632</y>
    </targetEyeWinCoords>
    <targetEyeWinSize>10.0</targetEyeWinSize>
    <duration>1659.3721013911586</duration>
    <data>random</data>
  </VisualTrial>
  <VisualTrial>
    <gaussSpec>
      <xCenter>-28.216105302490547</xCenter>
      <yCenter>-134.2810149396161</yCenter>
      <size>5.0</size>
      <brightness>0.33002362361235915</brightness>
    </gaussSpec>
    <targetEyeWinCoords>
      <x>-28.216105302490547</x>
      <y>-134.2810149396161</y>
    </targetEyeWinCoords>
    <targetEyeWinSize>10.0</targetEyeWinSize>
    <duration>1901.4325251607956</duration>
    <data>random</data>
  </VisualTrial>
  <VisualTrial>
    <gaussSpec>
      <xCenter>-172.45281503844774</xCenter>
      <yCenter>-67.33440072516147</yCenter>
      <size>5.0</size>
      <brightness>0.6175962722984544</brightness>
    </gaussSpec>
    <targetEyeWinCoords>
      <x>-172.45281503844774</x>
      <y>-67.33440072516147</y>
    </targetEyeWinCoords>
    <targetEyeWinSize>10.0</targetEyeWinSize>
    <duration>1863.3224633420514</duration>
    <data>random</data>
  </VisualTrial>
  <VisualTrial>
    <gaussSpec>
      <xCenter>-176.65175611019424</xCenter>
      <yCenter>35.63835033613731</yCenter>
      <size>5.0</size>
      <brightness>0.2968018272775439</brightness>
    </gaussSpec>
    <targetEyeWinCoords>
      <x>-176.65175611019424</x>
      <y>35.63835033613731</y>
    </targetEyeWinCoords>
    <targetEyeWinSize>10.0</targetEyeWinSize>
    <duration>1309.7255134825161</duration>
    <data>random</data>
  </VisualTrial>
  <VisualTrial>
    <gaussSpec>
      <xCenter>179.0224840850538</xCenter>
      <yCenter>-32.16396767190787</yCenter>
      <size>5.0</size>
      <brightness>0.6574921182328534</brightness>
    </gaussSpec>
    <targetEyeWinCoords>
      <x>179.0224840850538</x>
      <y>-32.16396767190787</y>
    </targetEyeWinCoords>
    <targetEyeWinSize>10.0</targetEyeWinSize>
    <duration>1374.3638738169868</duration>
    <data>random</data>
  </VisualTrial>
  <VisualTrial>
    <gaussSpec>
      <xCenter>160.40446852655248</xCenter>
      <yCenter>-16.781469250756714</yCenter>
      <size>5.0</size>
      <brightness>0.08384549882756198</brightness>
    </gaussSpec>
    <targetEyeWinCoords>
      <x>160.40446852655248</x>
      <y>-16.781469250756714</y>
    </targetEyeWinCoords>
    <targetEyeWinSize>10.0</targetEyeWinSize>
    <duration>1258.3889554564116</duration>
    <data>random</data>
  </VisualTrial>
  <VisualTrial>
    <gaussSpec>
      <xCenter>155.35037803074687</xCenter>
      <yCenter>-91.9294722037098</yCenter>
      <size>5.0</size>
      <brightness>0.6605575926780618</brightness>
    </gaussSpec>
    <targetEyeWinCoords>
      <x>155.35037803074687</x>
      <y>-91.9294722037098</y>
    </targetEyeWinCoords>
    <targetEyeWinSize>10.0</targetEyeWinSize>
    <duration>1889.8037495782887</duration>
    <data>random</data>
  </VisualTrial>
  <VisualTrial>
    <gaussSpec>
      <xCenter>-146.42143025676177</xCenter>
      <yCenter>-67.06633832850481</yCenter>
      <size>5.0</size>
      <brightness>0.08754860153911315</brightness>
    </gaussSpec>
    <targetEyeWinCoords>
      <x>-146.42143025676177</x>
      <y>-67.06633832850481</y>
    </targetEyeWinCoords>
    <targetEyeWinSize>10.0</targetEyeWinSize>
    <duration>1433.2337862355555</duration>
    <data>random</data>
  </VisualTrial>
  <VisualTrial>
    <gaussSpec>
      <xCenter>-138.26921253857395</xCenter>
      <yCenter>-122.21546102657241</yCenter>
      <size>5.0</size>
      <brightness>0.06925881803040568</brightness>
    </gaussSpec>
    <targetEyeWinCoords>
      <x>-138.26921253857395</x>
      <y>-122.21546102657241</y>
    </targetEyeWinCoords>
    <targetEyeWinSize>10.0</targetEyeWinSize>
    <duration>1845.642366856801</duration>
    <data>random</data>
  </VisualTrial>
  <VisualTrial>
    <gaussSpec>
      <xCenter>16.108030823331063</xCenter>
      <yCenter>-99.20406049056541</yCenter>
      <size>5.0</size>
      <brightness>0.4263359301952139</brightness>
    </gaussSpec>
    <targetEyeWinCoords>
      <x>16.108030823331063</x>
      <y>-99.20406049056541</y>
    </targetEyeWinCoords>
    <targetEyeWinSize>10.0</targetEyeWinSize>
    <duration>1447.389932142859</duration>
    <data>random</data>
  </VisualTrial>
  <VisualTrial>
    <gaussSpec>
      <xCenter>-47.85182875412772</xCenter>
      <yCenter>-31.089682316376724</yCenter>
      <size>5.0</size>
      <brightness>0.5446166279817191</brightness>
    </gaussSpec>
    <targetEyeWinCoords>
      <x>-47.85182875412772</x>
      <y>-31.089682316376724</y>
    </targetEyeWinCoords>
    <targetEyeWinSize>10.0</targetEyeWinSize>
    <duration>1213.263139888399</duration>
    <data>random</data>
  </VisualTrial>
  <VisualTrial>
    <gaussSpec>
      <xCenter>104.56545140660171</xCenter>
      <yCenter>84.98648966383357</yCenter>
      <size>5.0</size>
      <brightness>0.3567835929115232</brightness>
    </gaussSpec>
    <targetEyeWinCoords>
      <x>104.56545140660171</x>
      <y>84.98648966383357</y>
    </targetEyeWinCoords>
    <targetEyeWinSize>10.0</targetEyeWinSize>
    <duration>1037.8829937061487</duration>
    <data>random</data>
  </VisualTrial>
</list>