<?xml version="1.0" encoding="UTF-8" standalone="no"?><list>
  <VisualTrial>
    <gaussSpec>
      <xCenter>-6.816452916848611</xCenter>
      <yCenter>98.09845508729552</yCenter>
      <size>0.8685313971734011</size>
      <brightness>0.2738955837380601</brightness>
    </gaussSpec>
    <targetEyeWinCoords>
      <x>-6.816452916848611</x>
      <y>98.09845508729552</y>
    </targetEyeWinCoords>
    <targetEyeWinSize>1.7370627943468022</targetEyeWinSize>
    <duration>1689.2005895523348</duration>
    <data>random</data>
  </VisualTrial>
  <VisualTrial>
    <gaussSpec>
      <xCenter>4.19994979148014</xCenter>
      <yCenter>-89.8503385261908</yCenter>
      <size>0.8958995399567833</size>
      <brightness>0.5504527978991709</brightness>
    </gaussSpec>
    <targetEyeWinCoords>
      <x>4.19994979148014</x>
      <y>-89.8503385261908</y>
    </targetEyeWinCoords>
    <targetEyeWinSize>1.7917990799135666</targetEyeWinSize>
    <duration>1472.091362112394</duration>
    <data>random</data>
  </VisualTrial>
  <VisualTrial>
    <gaussSpec>
      <xCenter>5.9542727898345795</xCenter>
      <yCenter>23.802172742606444</yCenter>
      <size>0.9309895361883801</size>
      <brightness>0.6072043228593786</brightness>
    </gaussSpec>
    <targetEyeWinCoords>
      <x>5.9542727898345795</x>
      <y>23.802172742606444</y>
    </targetEyeWinCoords>
    <targetEyeWinSize>1.8619790723767602</targetEyeWinSize>
    <duration>1845.3024990924973</duration>
    <data>random</data>
  </VisualTrial>
  <VisualTrial>
    <gaussSpec>
      <xCenter>10.982525589537907</xCenter>
      <yCenter>67.44533116971331</yCenter>
      <size>0.7240607580033391</size>
      <brightness>0.7577434662901519</brightness>
    </gaussSpec>
    <targetEyeWinCoords>
      <x>10.982525589537907</x>
      <y>67.44533116971331</y>
    </targetEyeWinCoords>
    <targetEyeWinSize>1.4481215160066783</targetEyeWinSize>
    <duration>1152.7351706706654</duration>
    <data>random</data>
  </VisualTrial>
  <VisualTrial>
    <gaussSpec>
      <xCenter>-5.39002399655126</xCenter>
      <yCenter>-34.459762224846955</yCenter>
      <size>0.7116547535089344</size>
      <brightness>0.549253126362569</brightness>
    </gaussSpec>
    <targetEyeWinCoords>
      <x>-5.39002399655126</x>
      <y>-34.459762224846955</y>
    </targetEyeWinCoords>
    <targetEyeWinSize>1.4233095070178687</targetEyeWinSize>
    <duration>1924.3717063553281</duration>
    <data>random</data>
  </VisualTrial>
  <VisualTrial>
    <gaussSpec>
      <xCenter>3.79863658107141</xCenter>
      <yCenter>-83.8817795705036</yCenter>
      <size>0.8924135601900259</size>
      <brightness>0.07339092171809714</brightness>
    </gaussSpec>
    <targetEyeWinCoords>
      <x>3.79863658107141</x>
      <y>-83.8817795705036</y>
    </targetEyeWinCoords>
    <targetEyeWinSize>1.7848271203800519</targetEyeWinSize>
    <duration>1920.0002272349204</duration>
    <data>random</data>
  </VisualTrial>
  <VisualTrial>
    <gaussSpec>
      <xCenter>-18.630776175011746</xCenter>
      <yCenter>-124.00967616893502</yCenter>
      <size>0.9013164733988823</size>
      <brightness>0.8786546425859436</brightness>
    </gaussSpec>
    <targetEyeWinCoords>
      <x>-18.630776175011746</x>
      <y>-124.00967616893502</y>
    </targetEyeWinCoords>
    <targetEyeWinSize>1.8026329467977646</targetEyeWinSize>
    <duration>1429.804830744023</duration>
    <data>random</data>
  </VisualTrial>
  <VisualTrial>
    <gaussSpec>
      <xCenter>10.297774965625493</xCenter>
      <yCenter>135.64426546352053</yCenter>
      <size>0.8385554079026645</size>
      <brightness>0.845821034487061</brightness>
    </gaussSpec>
    <targetEyeWinCoords>
      <x>10.297774965625493</x>
      <y>135.64426546352053</y>
    </targetEyeWinCoords>
    <targetEyeWinSize>1.677110815805329</targetEyeWinSize>
    <duration>1046.7654070490444</duration>
    <data>random</data>
  </VisualTrial>
  <VisualTrial>
    <gaussSpec>
      <xCenter>-11.974841178035824</xCenter>
      <yCenter>146.4083225391743</yCenter>
      <size>0.9818457895701367</size>
      <brightness>0.17993659022955655</brightness>
    </gaussSpec>
    <targetEyeWinCoords>
      <x>-11.974841178035824</x>
      <y>146.4083225391743</y>
    </targetEyeWinCoords>
    <targetEyeWinSize>1.9636915791402734</targetEyeWinSize>
    <duration>1318.4131833311349</duration>
    <data>random</data>
  </VisualTrial>
  <VisualTrial>
    <gaussSpec>
      <xCenter>-2.499831848283371</xCenter>
      <yCenter>147.99992136691148</yCenter>
      <size>0.6430934216068304</size>
      <brightness>0.47591925947950087</brightness>
    </gaussSpec>
    <targetEyeWinCoords>
      <x>-2.499831848283371</x>
      <y>147.99992136691148</y>
    </targetEyeWinCoords>
    <targetEyeWinSize>1.2861868432136607</targetEyeWinSize>
    <duration>1520.89751263681</duration>
    <data>random</data>
  </VisualTrial>
  <VisualTrial>
    <gaussSpec>
      <xCenter>15.830840766990196</xCenter>
      <yCenter>-148.14273177226102</yCenter>
      <size>0.5001173305968912</size>
      <brightness>0.016870247734255384</brightness>
    </gaussSpec>
    <targetEyeWinCoords>
      <x>15.830840766990196</x>
      <y>-148.14273177226102</y>
    </targetEyeWinCoords>
    <targetEyeWinSize>1.0002346611937825</targetEyeWinSize>
    <duration>1252.9769668611116</duration>
    <data>random</data>
  </VisualTrial>
  <VisualTrial>
    <gaussSpec>
      <xCenter>-16.89126201716962</xCenter>
      <yCenter>-118.3736463016979</yCenter>
      <size>0.915888972450948</size>
      <brightness>0.419025792018375</brightness>
    </gaussSpec>
    <targetEyeWinCoords>
      <x>-16.89126201716962</x>
      <y>-118.3736463016979</y>
    </targetEyeWinCoords>
    <targetEyeWinSize>1.831777944901896</targetEyeWinSize>
    <duration>1299.9262925931075</duration>
    <data>random</data>
  </VisualTrial>
  <VisualTrial>
    <gaussSpec>
      <xCenter>-4.1439897753852755</xCenter>
      <yCenter>7.6690959916897725</yCenter>
      <size>0.5857931315644267</size>
      <brightness>0.17164532339038396</brightness>
    </gaussSpec>
    <targetEyeWinCoords>
      <x>-4.1439897753852755</x>
      <y>7.6690959916897725</y>
    </targetEyeWinCoords>
    <targetEyeWinSize>1.1715862631288534</targetEyeWinSize>
    <duration>1456.6131717334104</duration>
    <data>random</data>
  </VisualTrial>
  <VisualTrial>
    <gaussSpec>
      <xCenter>-2.8944662400512584</xCenter>
      <yCenter>77.86496564035323</yCenter>
      <size>0.531863846422909</size>
      <brightness>0.2809527237824385</brightness>
    </gaussSpec>
    <targetEyeWinCoords>
      <x>-2.8944662400512584</x>
      <y>77.86496564035323</y>
    </targetEyeWinCoords>
    <targetEyeWinSize>1.063727692845818</targetEyeWinSize>
    <duration>1235.628605195114</duration>
    <data>random</data>
  </VisualTrial>
  <VisualTrial>
    <gaussSpec>
      <xCenter>-16.81467698745974</xCenter>
      <yCenter>-145.02808381502166</yCenter>
      <size>0.9570349429231652</size>
      <brightness>0.6467406370643415</brightness>
    </gaussSpec>
    <targetEyeWinCoords>
      <x>-16.81467698745974</x>
      <y>-145.02808381502166</y>
    </targetEyeWinCoords>
    <targetEyeWinSize>1.9140698858463303</targetEyeWinSize>
    <duration>1064.328992329372</duration>
    <data>random</data>
  </VisualTrial>
  <VisualTrial>
    <gaussSpec>
      <xCenter>-13.5128917599824</xCenter>
      <yCenter>144.11289823185658</yCenter>
      <size>0.9627542885894816</size>
      <brightness>0.1875908326795478</brightness>
    </gaussSpec>
    <targetEyeWinCoords>
      <x>-13.5128917599824</x>
      <y>144.11289823185658</y>
    </targetEyeWinCoords>
    <targetEyeWinSize>1.9255085771789633</targetEyeWinSize>
    <duration>1274.5630441560477</duration>
    <data>random</data>
  </VisualTrial>
  <VisualTrial>
    <gaussSpec>
      <xCenter>13.051462390113308</xCenter>
      <yCenter>0.3482588780875062</yCenter>
      <size>0.988107014421401</size>
      <brightness>0.038989616169572305</brightness>
    </gaussSpec>
    <targetEyeWinCoords>
      <x>13.051462390113308</x>
      <y>0.3482588780875062</y>
    </targetEyeWinCoords>
    <targetEyeWinSize>1.976214028842802</targetEyeWinSize>
    <duration>1808.1594354153494</duration>
    <data>random</data>
  </VisualTrial>
  <VisualTrial>
    <gaussSpec>
      <xCenter>10.176229347833704</xCenter>
      <yCenter>-2.4425043339096817</yCenter>
      <size>0.5854613103940736</size>
      <brightness>0.5752929181228336</brightness>
    </gaussSpec>
    <targetEyeWinCoords>
      <x>10.176229347833704</x>
      <y>-2.4425043339096817</y>
    </targetEyeWinCoords>
    <targetEyeWinSize>1.1709226207881471</targetEyeWinSize>
    <duration>1807.4916422809902</duration>
    <data>random</data>
  </VisualTrial>
  <VisualTrial>
    <gaussSpec>
      <xCenter>2.854159353312898</xCenter>
      <yCenter>114.96861285840998</yCenter>
      <size>0.7675022299824834</size>
      <brightness>0.8553989633384851</brightness>
    </gaussSpec>
    <targetEyeWinCoords>
      <x>2.854159353312898</x>
      <y>114.96861285840998</y>
    </targetEyeWinCoords>
    <targetEyeWinSize>1.5350044599649668</targetEyeWinSize>
    <duration>1996.8076375658352</duration>
    <data>random</data>
  </VisualTrial>
  <VisualTrial>
    <gaussSpec>
      <xCenter>17.813892706644864</xCenter>
      <yCenter>-27.29057590224636</yCenter>
      <size>0.5886625076055627</size>
      <brightness>0.4423929560577202</brightness>
    </gaussSpec>
    <targetEyeWinCoords>
      <x>17.813892706644864</x>
      <y>-27.29057590224636</y>
    </targetEyeWinCoords>
    <targetEyeWinSize>1.1773250152111254</targetEyeWinSize>
    <duration>1497.991777833182</duration>
    <data>random</data>
  </VisualTrial>
  <VisualTrial>
    <gaussSpec>
      <xCenter>0.9267405897242398</xCenter>
      <yCenter>4.8268869907993235</yCenter>
      <size>0.9235569096347331</size>
      <brightness>0.22338830816605115</brightness>
    </gaussSpec>
    <targetEyeWinCoords>
      <x>0.9267405897242398</x>
      <y>4.8268869907993235</y>
    </targetEyeWinCoords>
    <targetEyeWinSize>1.8471138192694663</targetEyeWinSize>
    <duration>1194.7742682769865</duration>
    <data>random</data>
  </VisualTrial>
  <VisualTrial>
    <gaussSpec>
      <xCenter>14.873472881872164</xCenter>
      <yCenter>-62.258819326955134</yCenter>
      <size>0.6961969182223176</size>
      <brightness>0.5076722970930165</brightness>
    </gaussSpec>
    <targetEyeWinCoords>
      <x>14.873472881872164</x>
      <y>-62.258819326955134</y>
    </targetEyeWinCoords>
    <targetEyeWinSize>1.392393836444635</targetEyeWinSize>
    <duration>1716.0723637815595</duration>
    <data>random</data>
  </VisualTrial>
  <VisualTrial>
    <gaussSpec>
      <xCenter>9.234242607989305</xCenter>
      <yCenter>90.56522776409332</yCenter>
      <size>0.9312095160220869</size>
      <brightness>0.14129112967729385</brightness>
    </gaussSpec>
    <targetEyeWinCoords>
      <x>9.234242607989305</x>
      <y>90.56522776409332</y>
    </targetEyeWinCoords>
    <targetEyeWinSize>1.8624190320441738</targetEyeWinSize>
    <duration>1198.2247326221136</duration>
    <data>random</data>
  </VisualTrial>
  <VisualTrial>
    <gaussSpec>
      <xCenter>-15.425203147631201</xCenter>
      <yCenter>-51.07025644784382</yCenter>
      <size>0.8875641425075063</size>
      <brightness>0.3507848587897052</brightness>
    </gaussSpec>
    <targetEyeWinCoords>
      <x>-15.425203147631201</x>
      <y>-51.07025644784382</y>
    </targetEyeWinCoords>
    <targetEyeWinSize>1.7751282850150125</targetEyeWinSize>
    <duration>1021.0042671411426</duration>
    <data>random</data>
  </VisualTrial>
  <VisualTrial>
    <gaussSpec>
      <xCenter>13.96106620945622</xCenter>
      <yCenter>-25.73743342353771</yCenter>
      <size>0.6408310455991941</size>
      <brightness>0.7582378962292297</brightness>
    </gaussSpec>
    <targetEyeWinCoords>
      <x>13.96106620945622</x>
      <y>-25.73743342353771</y>
    </targetEyeWinCoords>
    <targetEyeWinSize>1.2816620911983883</targetEyeWinSize>
    <duration>1094.1076374223294</duration>
    <data>random</data>
  </VisualTrial>
  <VisualTrial>
    <gaussSpec>
      <xCenter>-11.35726631097593</xCenter>
      <yCenter>76.4869437990485</yCenter>
      <size>0.5566997727807464</size>
      <brightness>0.23234676625398565</brightness>
    </gaussSpec>
    <targetEyeWinCoords>
      <x>-11.35726631097593</x>
      <y>76.4869437990485</y>
    </targetEyeWinCoords>
    <targetEyeWinSize>1.113399545561493</targetEyeWinSize>
    <duration>1679.8332172933865</duration>
    <data>random</data>
  </VisualTrial>
  <VisualTrial>
    <gaussSpec>
      <xCenter>20.228921861169948</xCenter>
      <yCenter>81.26653259455756</yCenter>
      <size>0.5393877279664943</size>
      <brightness>0.18645203686930367</brightness>
    </gaussSpec>
    <targetEyeWinCoords>
      <x>20.228921861169948</x>
      <y>81.26653259455756</y>
    </targetEyeWinCoords>
    <targetEyeWinSize>1.0787754559329885</targetEyeWinSize>
    <duration>1003.6686758815796</duration>
    <data>random</data>
  </VisualTrial>
  <VisualTrial>
    <gaussSpec>
      <xCenter>4.409583242003809</xCenter>
      <yCenter>38.49660365904191</yCenter>
      <size>0.7133915174890852</size>
      <brightness>0.5784155772001585</brightness>
    </gaussSpec>
    <targetEyeWinCoords>
      <x>4.409583242003809</x>
      <y>38.49660365904191</y>
    </targetEyeWinCoords>
    <targetEyeWinSize>1.4267830349781705</targetEyeWinSize>
    <duration>1390.7497555791886</duration>
    <data>random</data>
  </VisualTrial>
  <VisualTrial>
    <gaussSpec>
      <xCenter>16.552323150605012</xCenter>
      <yCenter>-60.59573139070045</yCenter>
      <size>0.9689312477258345</size>
      <brightness>0.4163377614741348</brightness>
    </gaussSpec>
    <targetEyeWinCoords>
      <x>16.552323150605012</x>
      <y>-60.59573139070045</y>
    </targetEyeWinCoords>
    <targetEyeWinSize>1.937862495451669</targetEyeWinSize>
    <duration>1939.8219919699077</duration>
    <data>random</data>
  </VisualTrial>
  <VisualTrial>
    <gaussSpec>
      <xCenter>16.03936926527459</xCenter>
      <yCenter>35.72201488751486</yCenter>
      <size>0.9322869917582486</size>
      <brightness>0.9159971747104645</brightness>
    </gaussSpec>
    <targetEyeWinCoords>
      <x>16.03936926527459</x>
      <y>35.72201488751486</y>
    </targetEyeWinCoords>
    <targetEyeWinSize>1.8645739835164972</targetEyeWinSize>
    <duration>1777.5685476860824</duration>
    <data>random</data>
  </VisualTrial>
  <VisualTrial>
    <gaussSpec>
      <xCenter>18.43963450818908</xCenter>
      <yCenter>-149.33370785050613</yCenter>
      <size>0.8913301728217966</size>
      <brightness>0.3030421065425021</brightness>
    </gaussSpec>
    <targetEyeWinCoords>
      <x>18.43963450818908</x>
      <y>-149.33370785050613</y>
    </targetEyeWinCoords>
    <targetEyeWinSize>1.7826603456435932</targetEyeWinSize>
    <duration>1823.4523914529523</duration>
    <data>random</data>
  </VisualTrial>
  <VisualTrial>
    <gaussSpec>
      <xCenter>17.702069742165243</xCenter>
      <yCenter>141.2780825969678</yCenter>
      <size>0.7505719716783259</size>
      <brightness>0.5825123332607478</brightness>
    </gaussSpec>
    <targetEyeWinCoords>
      <x>17.702069742165243</x>
      <y>141.2780825969678</y>
    </targetEyeWinCoords>
    <targetEyeWinSize>1.5011439433566518</targetEyeWinSize>
    <duration>1825.8555730299408</duration>
    <data>random</data>
  </VisualTrial>
  <VisualTrial>
    <gaussSpec>
      <xCenter>6.776274893758259</xCenter>
      <yCenter>-132.24342337255973</yCenter>
      <size>0.7532180663854576</size>
      <brightness>0.5447749392029033</brightness>
    </gaussSpec>
    <targetEyeWinCoords>
      <x>6.776274893758259</x>
      <y>-132.24342337255973</y>
    </targetEyeWinCoords>
    <targetEyeWinSize>1.5064361327709153</targetEyeWinSize>
    <duration>1004.6586108382138</duration>
    <data>random</data>
  </VisualTrial>
  <VisualTrial>
    <gaussSpec>
      <xCenter>14.391224609395088</xCenter>
      <yCenter>2.4911532471371345</yCenter>
      <size>0.6588521328673809</size>
      <brightness>0.6433373380665942</brightness>
    </gaussSpec>
    <targetEyeWinCoords>
      <x>14.391224609395088</x>
      <y>2.4911532471371345</y>
    </targetEyeWinCoords>
    <targetEyeWinSize>1.3177042657347617</targetEyeWinSize>
    <duration>1298.144647801298</duration>
    <data>random</data>
  </VisualTrial>
  <VisualTrial>
    <gaussSpec>
      <xCenter>-6.001617362277642</xCenter>
      <yCenter>5.531896797159305</yCenter>
      <size>0.8019530723489462</size>
      <brightness>0.38025224532686297</brightness>
    </gaussSpec>
    <targetEyeWinCoords>
      <x>-6.001617362277642</x>
      <y>5.531896797159305</y>
    </targetEyeWinCoords>
    <targetEyeWinSize>1.6039061446978924</targetEyeWinSize>
    <duration>1995.7473232471327</duration>
    <data>random</data>
  </VisualTrial>
  <VisualTrial>
    <gaussSpec>
      <xCenter>-3.5946181563537607</xCenter>
      <yCenter>-22.83577114612845</yCenter>
      <size>0.9298473375208092</size>
      <brightness>0.34238332250443326</brightness>
    </gaussSpec>
    <targetEyeWinCoords>
      <x>-3.5946181563537607</x>
      <y>-22.83577114612845</y>
    </targetEyeWinCoords>
    <targetEyeWinSize>1.8596946750416183</targetEyeWinSize>
    <duration>1028.7326654539904</duration>
    <data>random</data>
  </VisualTrial>
  <VisualTrial>
    <gaussSpec>
      <xCenter>6.5505683193545075</xCenter>
      <yCenter>7.087784516362603</yCenter>
      <size>0.5250672344349019</size>
      <brightness>0.10303245054593968</brightness>
    </gaussSpec>
    <targetEyeWinCoords>
      <x>6.5505683193545075</x>
      <y>7.087784516362603</y>
    </targetEyeWinCoords>
    <targetEyeWinSize>1.0501344688698038</targetEyeWinSize>
    <duration>1017.8675106804628</duration>
    <data>random</data>
  </VisualTrial>
  <VisualTrial>
    <gaussSpec>
      <xCenter>14.533490474506596</xCenter>
      <yCenter>-113.02423941359098</yCenter>
      <size>0.7066285662902227</size>
      <brightness>0.3792245170537021</brightness>
    </gaussSpec>
    <targetEyeWinCoords>
      <x>14.533490474506596</x>
      <y>-113.02423941359098</y>
    </targetEyeWinCoords>
    <targetEyeWinSize>1.4132571325804455</targetEyeWinSize>
    <duration>1583.032984697304</duration>
    <data>random</data>
  </VisualTrial>
  <VisualTrial>
    <gaussSpec>
      <xCenter>11.225652327695482</xCenter>
      <yCenter>44.76058990910212</yCenter>
      <size>0.9623716953546343</size>
      <brightness>0.45215956645310407</brightness>
    </gaussSpec>
    <targetEyeWinCoords>
      <x>11.225652327695482</x>
      <y>44.76058990910212</y>
    </targetEyeWinCoords>
    <targetEyeWinSize>1.9247433907092686</targetEyeWinSize>
    <duration>1187.7641567389667</duration>
    <data>random</data>
  </VisualTrial>
  <VisualTrial>
    <gaussSpec>
      <xCenter>10.277999473372812</xCenter>
      <yCenter>-44.00331970228231</yCenter>
      <size>0.5788970521305795</size>
      <brightness>0.08636025111313839</brightness>
    </gaussSpec>
    <targetEyeWinCoords>
      <x>10.277999473372812</x>
      <y>-44.00331970228231</y>
    </targetEyeWinCoords>
    <targetEyeWinSize>1.157794104261159</targetEyeWinSize>
    <duration>1571.7176640007456</duration>
    <data>random</data>
  </VisualTrial>
  <VisualTrial>
    <gaussSpec>
      <xCenter>17.25186482669301</xCenter>
      <yCenter>-39.52281396520631</yCenter>
      <size>0.8243229944168756</size>
      <brightness>0.02908047726914753</brightness>
    </gaussSpec>
    <targetEyeWinCoords>
      <x>17.25186482669301</x>
      <y>-39.52281396520631</y>
    </targetEyeWinCoords>
    <targetEyeWinSize>1.6486459888337512</targetEyeWinSize>
    <duration>1558.3567165727322</duration>
    <data>random</data>
  </VisualTrial>
  <VisualTrial>
    <gaussSpec>
      <xCenter>-3.355021304169302</xCenter>
      <yCenter>-91.90600451246894</yCenter>
      <size>0.7960317686479794</size>
      <brightness>0.7347347430695984</brightness>
    </gaussSpec>
    <targetEyeWinCoords>
      <x>-3.355021304169302</x>
      <y>-91.90600451246894</y>
    </targetEyeWinCoords>
    <targetEyeWinSize>1.5920635372959588</targetEyeWinSize>
    <duration>1528.4104910248038</duration>
    <data>random</data>
  </VisualTrial>
  <VisualTrial>
    <gaussSpec>
      <xCenter>-0.14052913388059096</xCenter>
      <yCenter>7.923265727142564</yCenter>
      <size>0.5729671974324368</size>
      <brightness>0.18590403053627724</brightness>
    </gaussSpec>
    <targetEyeWinCoords>
      <x>-0.14052913388059096</x>
      <y>7.923265727142564</y>
    </targetEyeWinCoords>
    <targetEyeWinSize>1.1459343948648737</targetEyeWinSize>
    <duration>1504.5312937290355</duration>
    <data>random</data>
  </VisualTrial>
  <VisualTrial>
    <gaussSpec>
      <xCenter>4.346681104674861</xCenter>
      <yCenter>97.99445956001537</yCenter>
      <size>0.7979907091533698</size>
      <brightness>0.8416701491851815</brightness>
    </gaussSpec>
    <targetEyeWinCoords>
      <x>4.346681104674861</x>
      <y>97.99445956001537</y>
    </targetEyeWinCoords>
    <targetEyeWinSize>1.5959814183067396</targetEyeWinSize>
    <duration>1427.2612660829743</duration>
    <data>random</data>
  </VisualTrial>
  <VisualTrial>
    <gaussSpec>
      <xCenter>15.090016103063554</xCenter>
      <yCenter>91.28407170241019</yCenter>
      <size>0.5559487497104725</size>
      <brightness>0.6023441245675946</brightness>
    </gaussSpec>
    <targetEyeWinCoords>
      <x>15.090016103063554</x>
      <y>91.28407170241019</y>
    </targetEyeWinCoords>
    <targetEyeWinSize>1.111897499420945</targetEyeWinSize>
    <duration>1808.8197992378036</duration>
    <data>random</data>
  </VisualTrial>
  <VisualTrial>
    <gaussSpec>
      <xCenter>-9.162897383141777</xCenter>
      <yCenter>-27.358899266179094</yCenter>
      <size>0.705369285849485</size>
      <brightness>0.20531425144670434</brightness>
    </gaussSpec>
    <targetEyeWinCoords>
      <x>-9.162897383141777</x>
      <y>-27.358899266179094</y>
    </targetEyeWinCoords>
    <targetEyeWinSize>1.41073857169897</targetEyeWinSize>
    <duration>1640.7840138841016</duration>
    <data>random</data>
  </VisualTrial>
  <VisualTrial>
    <gaussSpec>
      <xCenter>4.06091868591124</xCenter>
      <yCenter>-126.70296340325957</yCenter>
      <size>0.5764364953583353</size>
      <brightness>0.030937151180975064</brightness>
    </gaussSpec>
    <targetEyeWinCoords>
      <x>4.06091868591124</x>
      <y>-126.70296340325957</y>
    </targetEyeWinCoords>
    <targetEyeWinSize>1.1528729907166706</targetEyeWinSize>
    <duration>1998.001963561492</duration>
    <data>random</data>
  </VisualTrial>
  <VisualTrial>
    <gaussSpec>
      <xCenter>17.46128448727456</xCenter>
      <yCenter>-105.04800810548514</yCenter>
      <size>0.5738933349389386</size>
      <brightness>0.7475983454863594</brightness>
    </gaussSpec>
    <targetEyeWinCoords>
      <x>17.46128448727456</x>
      <y>-105.04800810548514</y>
    </targetEyeWinCoords>
    <targetEyeWinSize>1.1477866698778771</targetEyeWinSize>
    <duration>1308.179582723831</duration>
    <data>random</data>
  </VisualTrial>
  <VisualTrial>
    <gaussSpec>
      <xCenter>-8.07524533882325</xCenter>
      <yCenter>57.54701014077307</yCenter>
      <size>0.5521537410294087</size>
      <brightness>0.7402114916795837</brightness>
    </gaussSpec>
    <targetEyeWinCoords>
      <x>-8.07524533882325</x>
      <y>57.54701014077307</y>
    </targetEyeWinCoords>
    <targetEyeWinSize>1.1043074820588175</targetEyeWinSize>
    <duration>1747.2276418244423</duration>
    <data>random</data>
  </VisualTrial>
  <VisualTrial>
    <gaussSpec>
      <xCenter>12.600910307881296</xCenter>
      <yCenter>112.08102617220737</yCenter>
      <size>0.6830908301989753</size>
      <brightness>0.4761584266064841</brightness>
    </gaussSpec>
    <targetEyeWinCoords>
      <x>12.600910307881296</x>
      <y>112.08102617220737</y>
    </targetEyeWinCoords>
    <targetEyeWinSize>1.3661816603979506</targetEyeWinSize>
    <duration>1240.7299224910623</duration>
    <data>random</data>
  </VisualTrial>
  <VisualTrial>
    <gaussSpec>
      <xCenter>-12.83822669852567</xCenter>
      <yCenter>-36.269201970877674</yCenter>
      <size>0.9607455834415459</size>
      <brightness>0.25610411555548507</brightness>
    </gaussSpec>
    <targetEyeWinCoords>
      <x>-12.83822669852567</x>
      <y>-36.269201970877674</y>
    </targetEyeWinCoords>
    <targetEyeWinSize>1.9214911668830919</targetEyeWinSize>
    <duration>1561.954914099334</duration>
    <data>random</data>
  </VisualTrial>
  <VisualTrial>
    <gaussSpec>
      <xCenter>13.146686538914746</xCenter>
      <yCenter>47.36725192455356</yCenter>
      <size>0.9293600043605631</size>
      <brightness>0.9497764609825154</brightness>
    </gaussSpec>
    <targetEyeWinCoords>
      <x>13.146686538914746</x>
      <y>47.36725192455356</y>
    </targetEyeWinCoords>
    <targetEyeWinSize>1.8587200087211262</targetEyeWinSize>
    <duration>1205.9510511431733</duration>
    <data>random</data>
  </VisualTrial>
  <VisualTrial>
    <gaussSpec>
      <xCenter>4.990788522760287</xCenter>
      <yCenter>139.21071729948235</yCenter>
      <size>0.9722170043877727</size>
      <brightness>0.7278914727141286</brightness>
    </gaussSpec>
    <targetEyeWinCoords>
      <x>4.990788522760287</x>
      <y>139.21071729948235</y>
    </targetEyeWinCoords>
    <targetEyeWinSize>1.9444340087755454</targetEyeWinSize>
    <duration>1374.9027042086507</duration>
    <data>random</data>
  </VisualTrial>
  <VisualTrial>
    <gaussSpec>
      <xCenter>14.559454114997692</xCenter>
      <yCenter>-118.83551338588637</yCenter>
      <size>0.9825187883097175</size>
      <brightness>0.9267433332757982</brightness>
    </gaussSpec>
    <targetEyeWinCoords>
      <x>14.559454114997692</x>
      <y>-118.83551338588637</y>
    </targetEyeWinCoords>
    <targetEyeWinSize>1.965037576619435</targetEyeWinSize>
    <duration>1151.5956681270304</duration>
    <data>random</data>
  </VisualTrial>
  <VisualTrial>
    <gaussSpec>
      <xCenter>-4.396356903650577</xCenter>
      <yCenter>107.20737686692323</yCenter>
      <size>0.5654595726463416</size>
      <brightness>0.4490508533025316</brightness>
    </gaussSpec>
    <targetEyeWinCoords>
      <x>-4.396356903650577</x>
      <y>107.20737686692323</y>
    </targetEyeWinCoords>
    <targetEyeWinSize>1.1309191452926832</targetEyeWinSize>
    <duration>1364.5070913447958</duration>
    <data>random</data>
  </VisualTrial>
  <VisualTrial>
    <gaussSpec>
      <xCenter>-16.76387476677102</xCenter>
      <yCenter>-151.3629496772701</yCenter>
      <size>0.9734607374653157</size>
      <brightness>0.7894526171158159</brightness>
    </gaussSpec>
    <targetEyeWinCoords>
      <x>-16.76387476677102</x>
      <y>-151.3629496772701</y>
    </targetEyeWinCoords>
    <targetEyeWinSize>1.9469214749306314</targetEyeWinSize>
    <duration>1432.2224822570176</duration>
    <data>random</data>
  </VisualTrial>
  <VisualTrial>
    <gaussSpec>
      <xCenter>15.536323629646024</xCenter>
      <yCenter>65.23680535666497</yCenter>
      <size>0.8059749102580045</size>
      <brightness>0.2360632155356447</brightness>
    </gaussSpec>
    <targetEyeWinCoords>
      <x>15.536323629646024</x>
      <y>65.23680535666497</y>
    </targetEyeWinCoords>
    <targetEyeWinSize>1.611949820516009</targetEyeWinSize>
    <duration>1347.3264993994658</duration>
    <data>random</data>
  </VisualTrial>
  <VisualTrial>
    <gaussSpec>
      <xCenter>-0.20655069001565707</xCenter>
      <yCenter>-82.43938100832936</yCenter>
      <size>0.9180351255737069</size>
      <brightness>0.34776480267777143</brightness>
    </gaussSpec>
    <targetEyeWinCoords>
      <x>-0.20655069001565707</x>
      <y>-82.43938100832936</y>
    </targetEyeWinCoords>
    <targetEyeWinSize>1.8360702511474138</targetEyeWinSize>
    <duration>1367.7888525435928</duration>
    <data>random</data>
  </VisualTrial>
  <VisualTrial>
    <gaussSpec>
      <xCenter>10.800713292860856</xCenter>
      <yCenter>-100.1164194789855</yCenter>
      <size>0.7544352437717863</size>
      <brightness>0.2039989502359949</brightness>
    </gaussSpec>
    <targetEyeWinCoords>
      <x>10.800713292860856</x>
      <y>-100.1164194789855</y>
    </targetEyeWinCoords>
    <targetEyeWinSize>1.5088704875435726</targetEyeWinSize>
    <duration>1782.3963376309555</duration>
    <data>random</data>
  </VisualTrial>
  <VisualTrial>
    <gaussSpec>
      <xCenter>-19.514516820523376</xCenter>
      <yCenter>104.46576398972479</yCenter>
      <size>0.7381031828328956</size>
      <brightness>0.4376673263783566</brightness>
    </gaussSpec>
    <targetEyeWinCoords>
      <x>-19.514516820523376</x>
      <y>104.46576398972479</y>
    </targetEyeWinCoords>
    <targetEyeWinSize>1.476206365665791</targetEyeWinSize>
    <duration>1812.805879503384</duration>
    <data>random</data>
  </VisualTrial>
  <VisualTrial>
    <gaussSpec>
      <xCenter>9.523106039092351</xCenter>
      <yCenter>74.34967919637495</yCenter>
      <size>0.6452340842687048</size>
      <brightness>0.8362762833357977</brightness>
    </gaussSpec>
    <targetEyeWinCoords>
      <x>9.523106039092351</x>
      <y>74.34967919637495</y>
    </targetEyeWinCoords>
    <targetEyeWinSize>1.2904681685374095</targetEyeWinSize>
    <duration>1634.1580383635892</duration>
    <data>random</data>
  </VisualTrial>
  <VisualTrial>
    <gaussSpec>
      <xCenter>10.007678619197318</xCenter>
      <yCenter>51.05616372422466</yCenter>
      <size>0.638229251967785</size>
      <brightness>0.5942674945449324</brightness>
    </gaussSpec>
    <targetEyeWinCoords>
      <x>10.007678619197318</x>
      <y>51.05616372422466</y>
    </targetEyeWinCoords>
    <targetEyeWinSize>1.27645850393557</targetEyeWinSize>
    <duration>1498.0712817378349</duration>
    <data>random</data>
  </VisualTrial>
  <VisualTrial>
    <gaussSpec>
      <xCenter>15.317718344043584</xCenter>
      <yCenter>134.76726667669595</yCenter>
      <size>0.5587392710216306</size>
      <brightness>0.5910652595273724</brightness>
    </gaussSpec>
    <targetEyeWinCoords>
      <x>15.317718344043584</x>
      <y>134.76726667669595</y>
    </targetEyeWinCoords>
    <targetEyeWinSize>1.1174785420432611</targetEyeWinSize>
    <duration>1917.9244391441198</duration>
    <data>random</data>
  </VisualTrial>
  <VisualTrial>
    <gaussSpec>
      <xCenter>-16.128021846734512</xCenter>
      <yCenter>112.5923820367251</yCenter>
      <size>0.7763789297713355</size>
      <brightness>0.3101044904422259</brightness>
    </gaussSpec>
    <targetEyeWinCoords>
      <x>-16.128021846734512</x>
      <y>112.5923820367251</y>
    </targetEyeWinCoords>
    <targetEyeWinSize>1.552757859542671</targetEyeWinSize>
    <duration>1064.1169714419063</duration>
    <data>random</data>
  </VisualTrial>
  <VisualTrial>
    <gaussSpec>
      <xCenter>7.744157010572636</xCenter>
      <yCenter>106.96686271178083</yCenter>
      <size>0.733605170704156</size>
      <brightness>0.7438989142932014</brightness>
    </gaussSpec>
    <targetEyeWinCoords>
      <x>7.744157010572636</x>
      <y>106.96686271178083</y>
    </targetEyeWinCoords>
    <targetEyeWinSize>1.467210341408312</targetEyeWinSize>
    <duration>1025.4959323758019</duration>
    <data>random</data>
  </VisualTrial>
  <VisualTrial>
    <gaussSpec>
      <xCenter>-18.69720186529761</xCenter>
      <yCenter>-68.75375623788504</yCenter>
      <size>0.9132859824526282</size>
      <brightness>0.5108845424690047</brightness>
    </gaussSpec>
    <targetEyeWinCoords>
      <x>-18.69720186529761</x>
      <y>-68.75375623788504</y>
    </targetEyeWinCoords>
    <targetEyeWinSize>1.8265719649052563</targetEyeWinSize>
    <duration>1371.1617299168968</duration>
    <data>random</data>
  </VisualTrial>
  <VisualTrial>
    <gaussSpec>
      <xCenter>-5.389702320353711</xCenter>
      <yCenter>-23.822966859059278</yCenter>
      <size>0.510510598285026</size>
      <brightness>0.1342296478566085</brightness>
    </gaussSpec>
    <targetEyeWinCoords>
      <x>-5.389702320353711</x>
      <y>-23.822966859059278</y>
    </targetEyeWinCoords>
    <targetEyeWinSize>1.021021196570052</targetEyeWinSize>
    <duration>1176.113610000299</duration>
    <data>random</data>
  </VisualTrial>
  <VisualTrial>
    <gaussSpec>
      <xCenter>-18.513876273247703</xCenter>
      <yCenter>-68.0936385838403</yCenter>
      <size>0.7101102574955493</size>
      <brightness>0.8747942943862995</brightness>
    </gaussSpec>
    <targetEyeWinCoords>
      <x>-18.513876273247703</x>
      <y>-68.0936385838403</y>
    </targetEyeWinCoords>
    <targetEyeWinSize>1.4202205149910987</targetEyeWinSize>
    <duration>1154.8313020988612</duration>
    <data>random</data>
  </VisualTrial>
  <VisualTrial>
    <gaussSpec>
      <xCenter>8.07045809079731</xCenter>
      <yCenter>92.55700127632326</yCenter>
      <size>0.945508638451149</size>
      <brightness>0.867244249875815</brightness>
    </gaussSpec>
    <targetEyeWinCoords>
      <x>8.07045809079731</x>
      <y>92.55700127632326</y>
    </targetEyeWinCoords>
    <targetEyeWinSize>1.891017276902298</targetEyeWinSize>
    <duration>1738.0018796639592</duration>
    <data>random</data>
  </VisualTrial>
  <VisualTrial>
    <gaussSpec>
      <xCenter>-19.79376369231649</xCenter>
      <yCenter>76.37026674021004</yCenter>
      <size>0.8904941531387308</size>
      <brightness>0.185542055646427</brightness>
    </gaussSpec>
    <targetEyeWinCoords>
      <x>-19.79376369231649</x>
      <y>76.37026674021004</y>
    </targetEyeWinCoords>
    <targetEyeWinSize>1.7809883062774616</targetEyeWinSize>
    <duration>1984.969865069469</duration>
    <data>random</data>
  </VisualTrial>
  <VisualTrial>
    <gaussSpec>
      <xCenter>-11.990733242724726</xCenter>
      <yCenter>-18.500179394017294</yCenter>
      <size>0.971654353022581</size>
      <brightness>0.21773630329324833</brightness>
    </gaussSpec>
    <targetEyeWinCoords>
      <x>-11.990733242724726</x>
      <y>-18.500179394017294</y>
    </targetEyeWinCoords>
    <targetEyeWinSize>1.943308706045162</targetEyeWinSize>
    <duration>1028.0963201619243</duration>
    <data>random</data>
  </VisualTrial>
  <VisualTrial>
    <gaussSpec>
      <xCenter>-4.966131451020093</xCenter>
      <yCenter>129.89683730689697</yCenter>
      <size>0.840836712151628</size>
      <brightness>0.5318894303874298</brightness>
    </gaussSpec>
    <targetEyeWinCoords>
      <x>-4.966131451020093</x>
      <y>129.89683730689697</y>
    </targetEyeWinCoords>
    <targetEyeWinSize>1.681673424303256</targetEyeWinSize>
    <duration>1210.4716145378866</duration>
    <data>random</data>
  </VisualTrial>
  <VisualTrial>
    <gaussSpec>
      <xCenter>-1.7393341298250817</xCenter>
      <yCenter>-26.865162397285033</yCenter>
      <size>0.5694275141817298</size>
      <brightness>0.730320085136603</brightness>
    </gaussSpec>
    <targetEyeWinCoords>
      <x>-1.7393341298250817</x>
      <y>-26.865162397285033</y>
    </targetEyeWinCoords>
    <targetEyeWinSize>1.1388550283634595</targetEyeWinSize>
    <duration>1435.562861970002</duration>
    <data>random</data>
  </VisualTrial>
  <VisualTrial>
    <gaussSpec>
      <xCenter>-16.465561044031162</xCenter>
      <yCenter>52.11566002213749</yCenter>
      <size>0.55344833187721</size>
      <brightness>0.09067241520127423</brightness>
    </gaussSpec>
    <targetEyeWinCoords>
      <x>-16.465561044031162</x>
      <y>52.11566002213749</y>
    </targetEyeWinCoords>
    <targetEyeWinSize>1.10689666375442</targetEyeWinSize>
    <duration>1120.3361359256537</duration>
    <data>random</data>
  </VisualTrial>
  <VisualTrial>
    <gaussSpec>
      <xCenter>4.261808029495864</xCenter>
      <yCenter>89.85138956305678</yCenter>
      <size>0.898584058898196</size>
      <brightness>0.1800612850145582</brightness>
    </gaussSpec>
    <targetEyeWinCoords>
      <x>4.261808029495864</x>
      <y>89.85138956305678</y>
    </targetEyeWinCoords>
    <targetEyeWinSize>1.797168117796392</targetEyeWinSize>
    <duration>1683.0146993203548</duration>
    <data>random</data>
  </VisualTrial>
  <VisualTrial>
    <gaussSpec>
      <xCenter>8.264855122631143</xCenter>
      <yCenter>-90.21014977589192</yCenter>
      <size>0.7469799442461424</size>
      <brightness>0.8676527796350195</brightness>
    </gaussSpec>
    <targetEyeWinCoords>
      <x>8.264855122631143</x>
      <y>-90.21014977589192</y>
    </targetEyeWinCoords>
    <targetEyeWinSize>1.493959888492285</targetEyeWinSize>
    <duration>1690.026242134704</duration>
    <data>random</data>
  </VisualTrial>
  <VisualTrial>
    <gaussSpec>
      <xCenter>12.965524788949644</xCenter>
      <yCenter>135.62789249217366</yCenter>
      <size>0.6849807409415043</size>
      <brightness>0.8478969829275431</brightness>
    </gaussSpec>
    <targetEyeWinCoords>
      <x>12.965524788949644</x>
      <y>135.62789249217366</y>
    </targetEyeWinCoords>
    <targetEyeWinSize>1.3699614818830086</targetEyeWinSize>
    <duration>1391.5406472259754</duration>
    <data>random</data>
  </VisualTrial>
  <VisualTrial>
    <gaussSpec>
      <xCenter>15.666753819167543</xCenter>
      <yCenter>105.24620129305748</yCenter>
      <size>0.6100140536150989</size>
      <brightness>0.6864706549094197</brightness>
    </gaussSpec>
    <targetEyeWinCoords>
      <x>15.666753819167543</x>
      <y>105.24620129305748</y>
    </targetEyeWinCoords>
    <targetEyeWinSize>1.2200281072301977</targetEyeWinSize>
    <duration>1361.4483988495704</duration>
    <data>random</data>
  </VisualTrial>
  <VisualTrial>
    <gaussSpec>
      <xCenter>-19.74962309228433</xCenter>
      <yCenter>77.8356787387842</yCenter>
      <size>0.9098564461344607</size>
      <brightness>0.5339213842973096</brightness>
    </gaussSpec>
    <targetEyeWinCoords>
      <x>-19.74962309228433</x>
      <y>77.8356787387842</y>
    </targetEyeWinCoords>
    <targetEyeWinSize>1.8197128922689214</targetEyeWinSize>
    <duration>1315.9475986489597</duration>
    <data>random</data>
  </VisualTrial>
  <VisualTrial>
    <gaussSpec>
      <xCenter>-19.00449595617739</xCenter>
      <yCenter>111.84141620225418</yCenter>
      <size>0.7734373384879749</size>
      <brightness>0.5247650287504481</brightness>
    </gaussSpec>
    <targetEyeWinCoords>
      <x>-19.00449595617739</x>
      <y>111.84141620225418</y>
    </targetEyeWinCoords>
    <targetEyeWinSize>1.5468746769759498</targetEyeWinSize>
    <duration>1492.848794525236</duration>
    <data>random</data>
  </VisualTrial>
  <VisualTrial>
    <gaussSpec>
      <xCenter>-4.566717732495688</xCenter>
      <yCenter>46.3053424057415</yCenter>
      <size>0.7733249480818397</size>
      <brightness>0.3933629284569201</brightness>
    </gaussSpec>
    <targetEyeWinCoords>
      <x>-4.566717732495688</x>
      <y>46.3053424057415</y>
    </targetEyeWinCoords>
    <targetEyeWinSize>1.5466498961636794</targetEyeWinSize>
    <duration>1449.3829858955528</duration>
    <data>random</data>
  </VisualTrial>
  <VisualTrial>
    <gaussSpec>
      <xCenter>-4.109463127808375</xCenter>
      <yCenter>107.63050660407177</yCenter>
      <size>0.8497041882993368</size>
      <brightness>0.7106970821139215</brightness>
    </gaussSpec>
    <targetEyeWinCoords>
      <x>-4.109463127808375</x>
      <y>107.63050660407177</y>
    </targetEyeWinCoords>
    <targetEyeWinSize>1.6994083765986736</targetEyeWinSize>
    <duration>1526.4069891579354</duration>
    <data>random</data>
  </VisualTrial>
  <VisualTrial>
    <gaussSpec>
      <xCenter>-19.273123926515307</xCenter>
      <yCenter>6.218923806910453</yCenter>
      <size>0.7689980930545639</size>
      <brightness>0.4124460646275214</brightness>
    </gaussSpec>
    <targetEyeWinCoords>
      <x>-19.273123926515307</x>
      <y>6.218923806910453</y>
    </targetEyeWinCoords>
    <targetEyeWinSize>1.5379961861091278</targetEyeWinSize>
    <duration>1010.4997509689815</duration>
    <data>random</data>
  </VisualTrial>
  <VisualTrial>
    <gaussSpec>
      <xCenter>7.955098279220113</xCenter>
      <yCenter>-26.305071256419183</yCenter>
      <size>0.5674757688747265</size>
      <brightness>0.800951024879903</brightness>
    </gaussSpec>
    <targetEyeWinCoords>
      <x>7.955098279220113</x>
      <y>-26.305071256419183</y>
    </targetEyeWinCoords>
    <targetEyeWinSize>1.134951537749453</targetEyeWinSize>
    <duration>1595.6009800430575</duration>
    <data>random</data>
  </VisualTrial>
  <VisualTrial>
    <gaussSpec>
      <xCenter>-9.248081924358534</xCenter>
      <yCenter>-87.1187337522266</yCenter>
      <size>0.7964061763657913</size>
      <brightness>0.33447845661327835</brightness>
    </gaussSpec>
    <targetEyeWinCoords>
      <x>-9.248081924358534</x>
      <y>-87.1187337522266</y>
    </targetEyeWinCoords>
    <targetEyeWinSize>1.5928123527315825</targetEyeWinSize>
    <duration>1103.4351390584382</duration>
    <data>random</data>
  </VisualTrial>
  <VisualTrial>
    <gaussSpec>
      <xCenter>3.8454180915708847</xCenter>
      <yCenter>40.98878072237653</yCenter>
      <size>0.7317768903267323</size>
      <brightness>0.8971985113240286</brightness>
    </gaussSpec>
    <targetEyeWinCoords>
      <x>3.8454180915708847</x>
      <y>40.98878072237653</y>
    </targetEyeWinCoords>
    <targetEyeWinSize>1.4635537806534646</targetEyeWinSize>
    <duration>1932.0156583631265</duration>
    <data>random</data>
  </VisualTrial>
  <VisualTrial>
    <gaussSpec>
      <xCenter>1.7141235147510017</xCenter>
      <yCenter>-36.35400397734843</yCenter>
      <size>0.9302900943037433</size>
      <brightness>0.25228951364076013</brightness>
    </gaussSpec>
    <targetEyeWinCoords>
      <x>1.7141235147510017</x>
      <y>-36.35400397734843</y>
    </targetEyeWinCoords>
    <targetEyeWinSize>1.8605801886074866</targetEyeWinSize>
    <duration>1939.0562360212193</duration>
    <data>random</data>
  </VisualTrial>
  <VisualTrial>
    <gaussSpec>
      <xCenter>-15.015067660001828</xCenter>
      <yCenter>-139.0093680006223</yCenter>
      <size>0.5671346024323842</size>
      <brightness>0.6740734298846394</brightness>
    </gaussSpec>
    <targetEyeWinCoords>
      <x>-15.015067660001828</x>
      <y>-139.0093680006223</y>
    </targetEyeWinCoords>
    <targetEyeWinSize>1.1342692048647685</targetEyeWinSize>
    <duration>1376.2472006475834</duration>
    <data>random</data>
  </VisualTrial>
  <VisualTrial>
    <gaussSpec>
      <xCenter>-2.234713251423031</xCenter>
      <yCenter>1.4176354311512398</yCenter>
      <size>0.8236563716932545</size>
      <brightness>0.4711454100589778</brightness>
    </gaussSpec>
    <targetEyeWinCoords>
      <x>-2.234713251423031</x>
      <y>1.4176354311512398</y>
    </targetEyeWinCoords>
    <targetEyeWinSize>1.647312743386509</targetEyeWinSize>
    <duration>1213.3392629404557</duration>
    <data>random</data>
  </VisualTrial>
  <VisualTrial>
    <gaussSpec>
      <xCenter>8.781284084660765</xCenter>
      <yCenter>-52.063748089119</yCenter>
      <size>0.7866486627476879</size>
      <brightness>0.9977882591509382</brightness>
    </gaussSpec>
    <targetEyeWinCoords>
      <x>8.781284084660765</x>
      <y>-52.063748089119</y>
    </targetEyeWinCoords>
    <targetEyeWinSize>1.5732973254953757</targetEyeWinSize>
    <duration>1111.1142792192998</duration>
    <data>random</data>
  </VisualTrial>
  <VisualTrial>
    <gaussSpec>
      <xCenter>-12.779721090040105</xCenter>
      <yCenter>-85.268823262951</yCenter>
      <size>0.7400600032926523</size>
      <brightness>0.18733262794365213</brightness>
    </gaussSpec>
    <targetEyeWinCoords>
      <x>-12.779721090040105</x>
      <y>-85.268823262951</y>
    </targetEyeWinCoords>
    <targetEyeWinSize>1.4801200065853046</targetEyeWinSize>
    <duration>1221.0481849699838</duration>
    <data>random</data>
  </VisualTrial>
  <VisualTrial>
    <gaussSpec>
      <xCenter>18.441835943600076</xCenter>
      <yCenter>130.23772231169855</yCenter>
      <size>0.6568266869612321</size>
      <brightness>0.12388372533615999</brightness>
    </gaussSpec>
    <targetEyeWinCoords>
      <x>18.441835943600076</x>
      <y>130.23772231169855</y>
    </targetEyeWinCoords>
    <targetEyeWinSize>1.3136533739224643</targetEyeWinSize>
    <duration>1689.2231207589243</duration>
    <data>random</data>
  </VisualTrial>
  <VisualTrial>
    <gaussSpec>
      <xCenter>-1.5091486728450931</xCenter>
      <yCenter>80.29397364592191</yCenter>
      <size>0.913687207230754</size>
      <brightness>0.05939299539155529</brightness>
    </gaussSpec>
    <targetEyeWinCoords>
      <x>-1.5091486728450931</x>
      <y>80.29397364592191</y>
    </targetEyeWinCoords>
    <targetEyeWinSize>1.827374414461508</targetEyeWinSize>
    <duration>1188.0773207314642</duration>
    <data>random</data>
  </VisualTrial>
  <VisualTrial>
    <gaussSpec>
      <xCenter>10.151263133104703</xCenter>
      <yCenter>-116.24341997075169</yCenter>
      <size>0.7608834011278832</size>
      <brightness>0.17139374331724033</brightness>
    </gaussSpec>
    <targetEyeWinCoords>
      <x>10.151263133104703</x>
      <y>-116.24341997075169</y>
    </targetEyeWinCoords>
    <targetEyeWinSize>1.5217668022557664</targetEyeWinSize>
    <duration>1126.0993789985673</duration>
    <data>random</data>
  </VisualTrial>
  <VisualTrial>
    <gaussSpec>
      <xCenter>2.987819302329818</xCenter>
      <yCenter>-140.78190909099075</yCenter>
      <size>0.6900261966981334</size>
      <brightness>0.21160426441576374</brightness>
    </gaussSpec>
    <targetEyeWinCoords>
      <x>2.987819302329818</x>
      <y>-140.78190909099075</y>
    </targetEyeWinCoords>
    <targetEyeWinSize>1.3800523933962667</targetEyeWinSize>
    <duration>1609.2152389980683</duration>
    <data>random</data>
  </VisualTrial>
  <VisualTrial>
    <gaussSpec>
      <xCenter>-18.38004140548832</xCenter>
      <yCenter>-148.0079436116931</yCenter>
      <size>0.5274781617280571</size>
      <brightness>0.23286978615652154</brightness>
    </gaussSpec>
    <targetEyeWinCoords>
      <x>-18.38004140548832</x>
      <y>-148.0079436116931</y>
    </targetEyeWinCoords>
    <targetEyeWinSize>1.0549563234561141</targetEyeWinSize>
    <duration>1610.7148042313615</duration>
    <data>random</data>
  </VisualTrial>
  <VisualTrial>
    <gaussSpec>
      <xCenter>-1.6864076196297795</xCenter>
      <yCenter>-145.11929515384813</yCenter>
      <size>0.9441143752632667</size>
      <brightness>0.28925312581342955</brightness>
    </gaussSpec>
    <targetEyeWinCoords>
      <x>-1.6864076196297795</x>
      <y>-145.11929515384813</y>
    </targetEyeWinCoords>
    <targetEyeWinSize>1.8882287505265334</targetEyeWinSize>
    <duration>1220.113008803009</duration>
    <data>random</data>
  </VisualTrial>
  <VisualTrial>
    <gaussSpec>
      <xCenter>13.6685589351086</xCenter>
      <yCenter>-19.373042423442485</yCenter>
      <size>0.8554475709561948</size>
      <brightness>0.8244346215744148</brightness>
    </gaussSpec>
    <targetEyeWinCoords>
      <x>13.6685589351086</x>
      <y>-19.373042423442485</y>
    </targetEyeWinCoords>
    <targetEyeWinSize>1.7108951419123897</targetEyeWinSize>
    <duration>1081.6611143935854</duration>
    <data>random</data>
  </VisualTrial>
  <VisualTrial>
    <gaussSpec>
      <xCenter>-18.24427271326308</xCenter>
      <yCenter>103.63620372946039</yCenter>
      <size>0.523300258123798</size>
      <brightness>0.6835349979075978</brightness>
    </gaussSpec>
    <targetEyeWinCoords>
      <x>-18.24427271326308</x>
      <y>103.63620372946039</y>
    </targetEyeWinCoords>
    <targetEyeWinSize>1.046600516247596</targetEyeWinSize>
    <duration>1637.4579822521678</duration>
    <data>random</data>
  </VisualTrial>
  <VisualTrial>
    <gaussSpec>
      <xCenter>-6.216893403176352</xCenter>
      <yCenter>-89.04625203456946</yCenter>
      <size>0.7762778520747604</size>
      <brightness>0.8161873078746268</brightness>
    </gaussSpec>
    <targetEyeWinCoords>
      <x>-6.216893403176352</x>
      <y>-89.04625203456946</y>
    </targetEyeWinCoords>
    <targetEyeWinSize>1.5525557041495208</targetEyeWinSize>
    <duration>1072.417782700579</duration>
    <data>random</data>
  </VisualTrial>
</list>