<?xml version="1.0" encoding="UTF-8" standalone="no"?><list>
  <VisualTrial>
    <gaussSpec>
      <xCenter>-6.742382003680149</xCenter>
      <yCenter>119.05068485945657</yCenter>
      <size>5.0</size>
      <brightness>0.9449000785874979</brightness>
    </gaussSpec>
    <targetEyeWinCoords>
      <x>-6.742382003680149</x>
      <y>119.05068485945657</y>
    </targetEyeWinCoords>
    <targetEyeWinSize>5.0</targetEyeWinSize>
    <duration>1071.2362430204353</duration>
    <data>random</data>
  </VisualTrial>
  <VisualTrial>
    <gaussSpec>
      <xCenter>-100.5476557637391</xCenter>
      <yCenter>-91.8216782661811</yCenter>
      <size>5.0</size>
      <brightness>0.03453258713374652</brightness>
    </gaussSpec>
    <targetEyeWinCoords>
      <x>-100.5476557637391</x>
      <y>-91.8216782661811</y>
    </targetEyeWinCoords>
    <targetEyeWinSize>5.0</targetEyeWinSize>
    <duration>1936.923812178022</duration>
    <data>random</data>
  </VisualTrial>
  <VisualTrial>
    <gaussSpec>
      <xCenter>-2.12253147110755</xCenter>
      <yCenter>-141.96364269937334</yCenter>
      <size>5.0</size>
      <brightness>0.42743966606798456</brightness>
    </gaussSpec>
    <targetEyeWinCoords>
      <x>-2.12253147110755</x>
      <y>-141.96364269937334</y>
    </targetEyeWinCoords>
    <targetEyeWinSize>5.0</targetEyeWinSize>
    <duration>1323.6797066395977</duration>
    <data>random</data>
  </VisualTrial>
  <VisualTrial>
    <gaussSpec>
      <xCenter>-160.29834108299852</xCenter>
      <yCenter>-117.15329337194767</yCenter>
      <size>5.0</size>
      <brightness>0.40864017862345714</brightness>
    </gaussSpec>
    <targetEyeWinCoords>
      <x>-160.29834108299852</x>
      <y>-117.15329337194767</y>
    </targetEyeWinCoords>
    <targetEyeWinSize>5.0</targetEyeWinSize>
    <duration>1793.0641498789132</duration>
    <data>random</data>
  </VisualTrial>
  <VisualTrial>
    <gaussSpec>
      <xCenter>31.1703407172445</xCenter>
      <yCenter>-8.939404797001401</yCenter>
      <size>5.0</size>
      <brightness>0.08290637222736608</brightness>
    </gaussSpec>
    <targetEyeWinCoords>
      <x>31.1703407172445</x>
      <y>-8.939404797001401</y>
    </targetEyeWinCoords>
    <targetEyeWinSize>5.0</targetEyeWinSize>
    <duration>1285.452587951014</duration>
    <data>random</data>
  </VisualTrial>
  <VisualTrial>
    <gaussSpec>
      <xCenter>168.90847504146853</xCenter>
      <yCenter>3.7549893617272403</yCenter>
      <size>5.0</size>
      <brightness>0.041270960918464494</brightness>
    </gaussSpec>
    <targetEyeWinCoords>
      <x>168.90847504146853</x>
      <y>3.7549893617272403</y>
    </targetEyeWinCoords>
    <targetEyeWinSize>5.0</targetEyeWinSize>
    <duration>1581.1670438077372</duration>
    <data>random</data>
  </VisualTrial>
  <VisualTrial>
    <gaussSpec>
      <xCenter>122.27212358493108</xCenter>
      <yCenter>105.76668516501599</yCenter>
      <size>5.0</size>
      <brightness>0.858091455698396</brightness>
    </gaussSpec>
    <targetEyeWinCoords>
      <x>122.27212358493108</x>
      <y>105.76668516501599</y>
    </targetEyeWinCoords>
    <targetEyeWinSize>5.0</targetEyeWinSize>
    <duration>1114.4765675678523</duration>
    <data>random</data>
  </VisualTrial>
  <VisualTrial>
    <gaussSpec>
      <xCenter>102.60600340763949</xCenter>
      <yCenter>16.009664753628016</yCenter>
      <size>5.0</size>
      <brightness>0.5284904581118911</brightness>
    </gaussSpec>
    <targetEyeWinCoords>
      <x>102.60600340763949</x>
      <y>16.009664753628016</y>
    </targetEyeWinCoords>
    <targetEyeWinSize>5.0</targetEyeWinSize>
    <duration>1580.5319845193853</duration>
    <data>random</data>
  </VisualTrial>
  <VisualTrial>
    <gaussSpec>
      <xCenter>-120.82445283922604</xCenter>
      <yCenter>48.58523663756134</yCenter>
      <size>5.0</size>
      <brightness>0.3325108394947801</brightness>
    </gaussSpec>
    <targetEyeWinCoords>
      <x>-120.82445283922604</x>
      <y>48.58523663756134</y>
    </targetEyeWinCoords>
    <targetEyeWinSize>5.0</targetEyeWinSize>
    <duration>1203.0118834161628</duration>
    <data>random</data>
  </VisualTrial>
  <VisualTrial>
    <gaussSpec>
      <xCenter>-61.16627812841887</xCenter>
      <yCenter>139.70797687414296</yCenter>
      <size>5.0</size>
      <brightness>0.8562269195788529</brightness>
    </gaussSpec>
    <targetEyeWinCoords>
      <x>-61.16627812841887</x>
      <y>139.70797687414296</y>
    </targetEyeWinCoords>
    <targetEyeWinSize>5.0</targetEyeWinSize>
    <duration>1257.7515001426896</duration>
    <data>random</data>
  </VisualTrial>
  <VisualTrial>
    <gaussSpec>
      <xCenter>5.123340370288645</xCenter>
      <yCenter>25.020519729415724</yCenter>
      <size>5.0</size>
      <brightness>0.9240473588493647</brightness>
    </gaussSpec>
    <targetEyeWinCoords>
      <x>5.123340370288645</x>
      <y>25.020519729415724</y>
    </targetEyeWinCoords>
    <targetEyeWinSize>5.0</targetEyeWinSize>
    <duration>1051.934675035338</duration>
    <data>random</data>
  </VisualTrial>
  <VisualTrial>
    <gaussSpec>
      <xCenter>188.84579438575344</xCenter>
      <yCenter>63.119529337911814</yCenter>
      <size>5.0</size>
      <brightness>0.7910623624393068</brightness>
    </gaussSpec>
    <targetEyeWinCoords>
      <x>188.84579438575344</x>
      <y>63.119529337911814</y>
    </targetEyeWinCoords>
    <targetEyeWinSize>5.0</targetEyeWinSize>
    <duration>1955.8986581715099</duration>
    <data>random</data>
  </VisualTrial>
  <VisualTrial>
    <gaussSpec>
      <xCenter>100.51502797979111</xCenter>
      <yCenter>88.49121324108606</yCenter>
      <size>5.0</size>
      <brightness>0.1744342643934168</brightness>
    </gaussSpec>
    <targetEyeWinCoords>
      <x>100.51502797979111</x>
      <y>88.49121324108606</y>
    </targetEyeWinCoords>
    <targetEyeWinSize>5.0</targetEyeWinSize>
    <duration>1325.7124952781373</duration>
    <data>random</data>
  </VisualTrial>
  <VisualTrial>
    <gaussSpec>
      <xCenter>145.85049374664948</xCenter>
      <yCenter>46.366113176998226</yCenter>
      <size>5.0</size>
      <brightness>0.5523972165337644</brightness>
    </gaussSpec>
    <targetEyeWinCoords>
      <x>145.85049374664948</x>
      <y>46.366113176998226</y>
    </targetEyeWinCoords>
    <targetEyeWinSize>5.0</targetEyeWinSize>
    <duration>1719.1268333067794</duration>
    <data>random</data>
  </VisualTrial>
  <VisualTrial>
    <gaussSpec>
      <xCenter>-148.85525524659465</xCenter>
      <yCenter>113.09294454679866</yCenter>
      <size>5.0</size>
      <brightness>0.5979699201767611</brightness>
    </gaussSpec>
    <targetEyeWinCoords>
      <x>-148.85525524659465</x>
      <y>113.09294454679866</y>
    </targetEyeWinCoords>
    <targetEyeWinSize>5.0</targetEyeWinSize>
    <duration>1348.4205390191105</duration>
    <data>random</data>
  </VisualTrial>
  <VisualTrial>
    <gaussSpec>
      <xCenter>-139.75866922296768</xCenter>
      <yCenter>72.65205329169459</yCenter>
      <size>5.0</size>
      <brightness>0.7794713356357164</brightness>
    </gaussSpec>
    <targetEyeWinCoords>
      <x>-139.75866922296768</x>
      <y>72.65205329169459</y>
    </targetEyeWinCoords>
    <targetEyeWinSize>5.0</targetEyeWinSize>
    <duration>1584.9741405359791</duration>
    <data>random</data>
  </VisualTrial>
  <VisualTrial>
    <gaussSpec>
      <xCenter>21.360814096255638</xCenter>
      <yCenter>-35.44936816189514</yCenter>
      <size>5.0</size>
      <brightness>0.8296920549041695</brightness>
    </gaussSpec>
    <targetEyeWinCoords>
      <x>21.360814096255638</x>
      <y>-35.44936816189514</y>
    </targetEyeWinCoords>
    <targetEyeWinSize>5.0</targetEyeWinSize>
    <duration>1094.9976817239103</duration>
    <data>random</data>
  </VisualTrial>
  <VisualTrial>
    <gaussSpec>
      <xCenter>187.92448532026697</xCenter>
      <yCenter>-21.997474447178206</yCenter>
      <size>5.0</size>
      <brightness>0.5593309013281824</brightness>
    </gaussSpec>
    <targetEyeWinCoords>
      <x>187.92448532026697</x>
      <y>-21.997474447178206</y>
    </targetEyeWinCoords>
    <targetEyeWinSize>5.0</targetEyeWinSize>
    <duration>1786.8575671237804</duration>
    <data>random</data>
  </VisualTrial>
  <VisualTrial>
    <gaussSpec>
      <xCenter>-89.01163488491581</xCenter>
      <yCenter>-119.42250688234483</yCenter>
      <size>5.0</size>
      <brightness>0.037764069448281146</brightness>
    </gaussSpec>
    <targetEyeWinCoords>
      <x>-89.01163488491581</x>
      <y>-119.42250688234483</y>
    </targetEyeWinCoords>
    <targetEyeWinSize>5.0</targetEyeWinSize>
    <duration>1302.9042861782577</duration>
    <data>random</data>
  </VisualTrial>
  <VisualTrial>
    <gaussSpec>
      <xCenter>25.86075626078761</xCenter>
      <yCenter>92.10748889110008</yCenter>
      <size>5.0</size>
      <brightness>0.7604252358852489</brightness>
    </gaussSpec>
    <targetEyeWinCoords>
      <x>25.86075626078761</x>
      <y>92.10748889110008</y>
    </targetEyeWinCoords>
    <targetEyeWinSize>5.0</targetEyeWinSize>
    <duration>1501.3219699750389</duration>
    <data>random</data>
  </VisualTrial>
  <VisualTrial>
    <gaussSpec>
      <xCenter>78.22625874908789</xCenter>
      <yCenter>-76.60350890392199</yCenter>
      <size>5.0</size>
      <brightness>0.839559337648791</brightness>
    </gaussSpec>
    <targetEyeWinCoords>
      <x>78.22625874908789</x>
      <y>-76.60350890392199</y>
    </targetEyeWinCoords>
    <targetEyeWinSize>5.0</targetEyeWinSize>
    <duration>1337.1765518943212</duration>
    <data>random</data>
  </VisualTrial>
  <VisualTrial>
    <gaussSpec>
      <xCenter>133.39206729466537</xCenter>
      <yCenter>-58.8287562217495</yCenter>
      <size>5.0</size>
      <brightness>0.28051947613621</brightness>
    </gaussSpec>
    <targetEyeWinCoords>
      <x>133.39206729466537</x>
      <y>-58.8287562217495</y>
    </targetEyeWinCoords>
    <targetEyeWinSize>5.0</targetEyeWinSize>
    <duration>1004.352330526767</duration>
    <data>random</data>
  </VisualTrial>
  <VisualTrial>
    <gaussSpec>
      <xCenter>148.99404947649913</xCenter>
      <yCenter>-113.56271730653242</yCenter>
      <size>5.0</size>
      <brightness>0.23923086884748923</brightness>
    </gaussSpec>
    <targetEyeWinCoords>
      <x>148.99404947649913</x>
      <y>-113.56271730653242</y>
    </targetEyeWinCoords>
    <targetEyeWinSize>5.0</targetEyeWinSize>
    <duration>1378.5726377069525</duration>
    <data>random</data>
  </VisualTrial>
  <VisualTrial>
    <gaussSpec>
      <xCenter>-180.92178277077753</xCenter>
      <yCenter>-70.7709066385641</yCenter>
      <size>5.0</size>
      <brightness>0.8889608450951069</brightness>
    </gaussSpec>
    <targetEyeWinCoords>
      <x>-180.92178277077753</x>
      <y>-70.7709066385641</y>
    </targetEyeWinCoords>
    <targetEyeWinSize>5.0</targetEyeWinSize>
    <duration>1088.9111181247838</duration>
    <data>random</data>
  </VisualTrial>
  <VisualTrial>
    <gaussSpec>
      <xCenter>166.50592137678848</xCenter>
      <yCenter>-17.613827056473298</yCenter>
      <size>5.0</size>
      <brightness>0.25452482400537624</brightness>
    </gaussSpec>
    <targetEyeWinCoords>
      <x>166.50592137678848</x>
      <y>-17.613827056473298</y>
    </targetEyeWinCoords>
    <targetEyeWinSize>5.0</targetEyeWinSize>
    <duration>1368.998535199245</duration>
    <data>random</data>
  </VisualTrial>
  <VisualTrial>
    <gaussSpec>
      <xCenter>-69.22625163768382</xCenter>
      <yCenter>-79.40949254361965</yCenter>
      <size>5.0</size>
      <brightness>0.6432040464502252</brightness>
    </gaussSpec>
    <targetEyeWinCoords>
      <x>-69.22625163768382</x>
      <y>-79.40949254361965</y>
    </targetEyeWinCoords>
    <targetEyeWinSize>5.0</targetEyeWinSize>
    <duration>1717.0538641591315</duration>
    <data>random</data>
  </VisualTrial>
  <VisualTrial>
    <gaussSpec>
      <xCenter>-161.15285275380927</xCenter>
      <yCenter>-24.338919949517404</yCenter>
      <size>5.0</size>
      <brightness>0.9969330601480809</brightness>
    </gaussSpec>
    <targetEyeWinCoords>
      <x>-161.15285275380927</x>
      <y>-24.338919949517404</y>
    </targetEyeWinCoords>
    <targetEyeWinSize>5.0</targetEyeWinSize>
    <duration>1784.8927529209845</duration>
    <data>random</data>
  </VisualTrial>
  <VisualTrial>
    <gaussSpec>
      <xCenter>162.57076645910212</xCenter>
      <yCenter>62.44410838940493</yCenter>
      <size>5.0</size>
      <brightness>0.5729340163638013</brightness>
    </gaussSpec>
    <targetEyeWinCoords>
      <x>162.57076645910212</x>
      <y>62.44410838940493</y>
    </targetEyeWinCoords>
    <targetEyeWinSize>5.0</targetEyeWinSize>
    <duration>1825.0187612663726</duration>
    <data>random</data>
  </VisualTrial>
  <VisualTrial>
    <gaussSpec>
      <xCenter>46.85114109846697</xCenter>
      <yCenter>84.4107675717676</yCenter>
      <size>5.0</size>
      <brightness>0.9901982687106065</brightness>
    </gaussSpec>
    <targetEyeWinCoords>
      <x>46.85114109846697</x>
      <y>84.4107675717676</y>
    </targetEyeWinCoords>
    <targetEyeWinSize>5.0</targetEyeWinSize>
    <duration>1613.9152612747569</duration>
    <data>random</data>
  </VisualTrial>
  <VisualTrial>
    <gaussSpec>
      <xCenter>-128.2716543856878</xCenter>
      <yCenter>-9.61292613452676</yCenter>
      <size>5.0</size>
      <brightness>0.928681486236971</brightness>
    </gaussSpec>
    <targetEyeWinCoords>
      <x>-128.2716543856878</x>
      <y>-9.61292613452676</y>
    </targetEyeWinCoords>
    <targetEyeWinSize>5.0</targetEyeWinSize>
    <duration>1442.6791950889224</duration>
    <data>random</data>
  </VisualTrial>
  <VisualTrial>
    <gaussSpec>
      <xCenter>75.23807375421711</xCenter>
      <yCenter>-62.96477925513507</yCenter>
      <size>5.0</size>
      <brightness>0.16387363195680704</brightness>
    </gaussSpec>
    <targetEyeWinCoords>
      <x>75.23807375421711</x>
      <y>-62.96477925513507</y>
    </targetEyeWinCoords>
    <targetEyeWinSize>5.0</targetEyeWinSize>
    <duration>1856.860855610565</duration>
    <data>random</data>
  </VisualTrial>
  <VisualTrial>
    <gaussSpec>
      <xCenter>33.826915768494615</xCenter>
      <yCenter>-28.84145466101866</yCenter>
      <size>5.0</size>
      <brightness>0.6879422868669559</brightness>
    </gaussSpec>
    <targetEyeWinCoords>
      <x>33.826915768494615</x>
      <y>-28.84145466101866</y>
    </targetEyeWinCoords>
    <targetEyeWinSize>5.0</targetEyeWinSize>
    <duration>1054.089864245262</duration>
    <data>random</data>
  </VisualTrial>
  <VisualTrial>
    <gaussSpec>
      <xCenter>167.11952181791986</xCenter>
      <yCenter>-38.71595632400884</yCenter>
      <size>5.0</size>
      <brightness>0.026506026416019624</brightness>
    </gaussSpec>
    <targetEyeWinCoords>
      <x>167.11952181791986</x>
      <y>-38.71595632400884</y>
    </targetEyeWinCoords>
    <targetEyeWinSize>5.0</targetEyeWinSize>
    <duration>1230.0070224518213</duration>
    <data>random</data>
  </VisualTrial>
  <VisualTrial>
    <gaussSpec>
      <xCenter>-128.50531893302724</xCenter>
      <yCenter>144.20231039271818</yCenter>
      <size>5.0</size>
      <brightness>0.031658425039883364</brightness>
    </gaussSpec>
    <targetEyeWinCoords>
      <x>-128.50531893302724</x>
      <y>144.20231039271818</y>
    </targetEyeWinCoords>
    <targetEyeWinSize>5.0</targetEyeWinSize>
    <duration>1289.5100885003055</duration>
    <data>random</data>
  </VisualTrial>
  <VisualTrial>
    <gaussSpec>
      <xCenter>136.95296433790912</xCenter>
      <yCenter>-42.21919233690522</yCenter>
      <size>5.0</size>
      <brightness>0.230516903064938</brightness>
    </gaussSpec>
    <targetEyeWinCoords>
      <x>136.95296433790912</x>
      <y>-42.21919233690522</y>
    </targetEyeWinCoords>
    <targetEyeWinSize>5.0</targetEyeWinSize>
    <duration>1116.5430097207468</duration>
    <data>random</data>
  </VisualTrial>
  <VisualTrial>
    <gaussSpec>
      <xCenter>-60.71339143788177</xCenter>
      <yCenter>115.87756725162001</yCenter>
      <size>5.0</size>
      <brightness>0.4037226859625669</brightness>
    </gaussSpec>
    <targetEyeWinCoords>
      <x>-60.71339143788177</x>
      <y>115.87756725162001</y>
    </targetEyeWinCoords>
    <targetEyeWinSize>5.0</targetEyeWinSize>
    <duration>1171.9319170406475</duration>
    <data>random</data>
  </VisualTrial>
  <VisualTrial>
    <gaussSpec>
      <xCenter>-31.5610598108793</xCenter>
      <yCenter>-23.252618585138222</yCenter>
      <size>5.0</size>
      <brightness>0.6800898157844966</brightness>
    </gaussSpec>
    <targetEyeWinCoords>
      <x>-31.5610598108793</x>
      <y>-23.252618585138222</y>
    </targetEyeWinCoords>
    <targetEyeWinSize>5.0</targetEyeWinSize>
    <duration>1187.0102185838841</duration>
    <data>random</data>
  </VisualTrial>
  <VisualTrial>
    <gaussSpec>
      <xCenter>182.12805865090468</xCenter>
      <yCenter>121.83484189711322</yCenter>
      <size>5.0</size>
      <brightness>0.896542925293685</brightness>
    </gaussSpec>
    <targetEyeWinCoords>
      <x>182.12805865090468</x>
      <y>121.83484189711322</y>
    </targetEyeWinCoords>
    <targetEyeWinSize>5.0</targetEyeWinSize>
    <duration>1114.2806195603198</duration>
    <data>random</data>
  </VisualTrial>
  <VisualTrial>
    <gaussSpec>
      <xCenter>54.27019712999709</xCenter>
      <yCenter>-5.530854732671486</yCenter>
      <size>5.0</size>
      <brightness>0.28246494000723144</brightness>
    </gaussSpec>
    <targetEyeWinCoords>
      <x>54.27019712999709</x>
      <y>-5.530854732671486</y>
    </targetEyeWinCoords>
    <targetEyeWinSize>5.0</targetEyeWinSize>
    <duration>1193.4941136608559</duration>
    <data>random</data>
  </VisualTrial>
  <VisualTrial>
    <gaussSpec>
      <xCenter>101.70524447432922</xCenter>
      <yCenter>-0.5768056787135265</yCenter>
      <size>5.0</size>
      <brightness>0.6617804348860703</brightness>
    </gaussSpec>
    <targetEyeWinCoords>
      <x>101.70524447432922</x>
      <y>-0.5768056787135265</y>
    </targetEyeWinCoords>
    <targetEyeWinSize>5.0</targetEyeWinSize>
    <duration>1092.9065336732615</duration>
    <data>random</data>
  </VisualTrial>
  <VisualTrial>
    <gaussSpec>
      <xCenter>-45.35568030209876</xCenter>
      <yCenter>31.69373090153013</yCenter>
      <size>5.0</size>
      <brightness>0.7729231190994291</brightness>
    </gaussSpec>
    <targetEyeWinCoords>
      <x>-45.35568030209876</x>
      <y>31.69373090153013</y>
    </targetEyeWinCoords>
    <targetEyeWinSize>5.0</targetEyeWinSize>
    <duration>1346.200872330449</duration>
    <data>random</data>
  </VisualTrial>
  <VisualTrial>
    <gaussSpec>
      <xCenter>145.0543643802897</xCenter>
      <yCenter>-32.83103549945001</yCenter>
      <size>5.0</size>
      <brightness>0.5327774466938299</brightness>
    </gaussSpec>
    <targetEyeWinCoords>
      <x>145.0543643802897</x>
      <y>-32.83103549945001</y>
    </targetEyeWinCoords>
    <targetEyeWinSize>5.0</targetEyeWinSize>
    <duration>1552.0145212385955</duration>
    <data>random</data>
  </VisualTrial>
  <VisualTrial>
    <gaussSpec>
      <xCenter>132.00455979454028</xCenter>
      <yCenter>38.581703005922606</yCenter>
      <size>5.0</size>
      <brightness>0.16409490966558626</brightness>
    </gaussSpec>
    <targetEyeWinCoords>
      <x>132.00455979454028</x>
      <y>38.581703005922606</y>
    </targetEyeWinCoords>
    <targetEyeWinSize>5.0</targetEyeWinSize>
    <duration>1153.0220577572877</duration>
    <data>random</data>
  </VisualTrial>
  <VisualTrial>
    <gaussSpec>
      <xCenter>92.11470298166034</xCenter>
      <yCenter>-127.0914067595922</yCenter>
      <size>5.0</size>
      <brightness>0.470168203501963</brightness>
    </gaussSpec>
    <targetEyeWinCoords>
      <x>92.11470298166034</x>
      <y>-127.0914067595922</y>
    </targetEyeWinCoords>
    <targetEyeWinSize>5.0</targetEyeWinSize>
    <duration>1446.2269897473172</duration>
    <data>random</data>
  </VisualTrial>
  <VisualTrial>
    <gaussSpec>
      <xCenter>194.9325973305119</xCenter>
      <yCenter>92.03101090997885</yCenter>
      <size>5.0</size>
      <brightness>0.26711906704220967</brightness>
    </gaussSpec>
    <targetEyeWinCoords>
      <x>194.9325973305119</x>
      <y>92.03101090997885</y>
    </targetEyeWinCoords>
    <targetEyeWinSize>5.0</targetEyeWinSize>
    <duration>1348.1906153848472</duration>
    <data>random</data>
  </VisualTrial>
  <VisualTrial>
    <gaussSpec>
      <xCenter>-134.274840974987</xCenter>
      <yCenter>-64.075497438733</yCenter>
      <size>5.0</size>
      <brightness>0.12353471046890485</brightness>
    </gaussSpec>
    <targetEyeWinCoords>
      <x>-134.274840974987</x>
      <y>-64.075497438733</y>
    </targetEyeWinCoords>
    <targetEyeWinSize>5.0</targetEyeWinSize>
    <duration>1091.7128404728592</duration>
    <data>random</data>
  </VisualTrial>
  <VisualTrial>
    <gaussSpec>
      <xCenter>168.93273406593397</xCenter>
      <yCenter>114.81488894991634</yCenter>
      <size>5.0</size>
      <brightness>0.3981875963768946</brightness>
    </gaussSpec>
    <targetEyeWinCoords>
      <x>168.93273406593397</x>
      <y>114.81488894991634</y>
    </targetEyeWinCoords>
    <targetEyeWinSize>5.0</targetEyeWinSize>
    <duration>1703.866095290215</duration>
    <data>random</data>
  </VisualTrial>
  <VisualTrial>
    <gaussSpec>
      <xCenter>-85.02399760268355</xCenter>
      <yCenter>28.693498722618784</yCenter>
      <size>5.0</size>
      <brightness>0.39964168184879867</brightness>
    </gaussSpec>
    <targetEyeWinCoords>
      <x>-85.02399760268355</x>
      <y>28.693498722618784</y>
    </targetEyeWinCoords>
    <targetEyeWinSize>5.0</targetEyeWinSize>
    <duration>1934.6937851513176</duration>
    <data>random</data>
  </VisualTrial>
  <VisualTrial>
    <gaussSpec>
      <xCenter>-50.37739305005269</xCenter>
      <yCenter>131.5275292466368</yCenter>
      <size>5.0</size>
      <brightness>0.7908539895401618</brightness>
    </gaussSpec>
    <targetEyeWinCoords>
      <x>-50.37739305005269</x>
      <y>131.5275292466368</y>
    </targetEyeWinCoords>
    <targetEyeWinSize>5.0</targetEyeWinSize>
    <duration>1076.4909547768953</duration>
    <data>random</data>
  </VisualTrial>
  <VisualTrial>
    <gaussSpec>
      <xCenter>-64.6445605487205</xCenter>
      <yCenter>119.01776060348999</yCenter>
      <size>5.0</size>
      <brightness>0.8462870546320242</brightness>
    </gaussSpec>
    <targetEyeWinCoords>
      <x>-64.6445605487205</x>
      <y>119.01776060348999</y>
    </targetEyeWinCoords>
    <targetEyeWinSize>5.0</targetEyeWinSize>
    <duration>1277.4300626622467</duration>
    <data>random</data>
  </VisualTrial>
  <VisualTrial>
    <gaussSpec>
      <xCenter>132.47534390312825</xCenter>
      <yCenter>-17.856307927044497</yCenter>
      <size>5.0</size>
      <brightness>0.4257623513605405</brightness>
    </gaussSpec>
    <targetEyeWinCoords>
      <x>132.47534390312825</x>
      <y>-17.856307927044497</y>
    </targetEyeWinCoords>
    <targetEyeWinSize>5.0</targetEyeWinSize>
    <duration>1719.814035451453</duration>
    <data>random</data>
  </VisualTrial>
  <VisualTrial>
    <gaussSpec>
      <xCenter>111.40186576095908</xCenter>
      <yCenter>-147.44666172336704</yCenter>
      <size>5.0</size>
      <brightness>0.6384527439190363</brightness>
    </gaussSpec>
    <targetEyeWinCoords>
      <x>111.40186576095908</x>
      <y>-147.44666172336704</y>
    </targetEyeWinCoords>
    <targetEyeWinSize>5.0</targetEyeWinSize>
    <duration>1845.1530084650035</duration>
    <data>random</data>
  </VisualTrial>
  <VisualTrial>
    <gaussSpec>
      <xCenter>-144.61698932059946</xCenter>
      <yCenter>-34.02503464441331</yCenter>
      <size>5.0</size>
      <brightness>0.8486825909307828</brightness>
    </gaussSpec>
    <targetEyeWinCoords>
      <x>-144.61698932059946</x>
      <y>-34.02503464441331</y>
    </targetEyeWinCoords>
    <targetEyeWinSize>5.0</targetEyeWinSize>
    <duration>1440.2684038678726</duration>
    <data>random</data>
  </VisualTrial>
  <VisualTrial>
    <gaussSpec>
      <xCenter>181.8679485540269</xCenter>
      <yCenter>23.45193885793003</yCenter>
      <size>5.0</size>
      <brightness>0.7549336594740769</brightness>
    </gaussSpec>
    <targetEyeWinCoords>
      <x>181.8679485540269</x>
      <y>23.45193885793003</y>
    </targetEyeWinCoords>
    <targetEyeWinSize>5.0</targetEyeWinSize>
    <duration>1997.4162275170106</duration>
    <data>random</data>
  </VisualTrial>
  <VisualTrial>
    <gaussSpec>
      <xCenter>-152.2189444280919</xCenter>
      <yCenter>122.29984155987682</yCenter>
      <size>5.0</size>
      <brightness>0.38828625020250085</brightness>
    </gaussSpec>
    <targetEyeWinCoords>
      <x>-152.2189444280919</x>
      <y>122.29984155987682</y>
    </targetEyeWinCoords>
    <targetEyeWinSize>5.0</targetEyeWinSize>
    <duration>1547.0656489316698</duration>
    <data>random</data>
  </VisualTrial>
  <VisualTrial>
    <gaussSpec>
      <xCenter>167.8367569262602</xCenter>
      <yCenter>-136.1825462321806</yCenter>
      <size>5.0</size>
      <brightness>0.72453435017928</brightness>
    </gaussSpec>
    <targetEyeWinCoords>
      <x>167.8367569262602</x>
      <y>-136.1825462321806</y>
    </targetEyeWinCoords>
    <targetEyeWinSize>5.0</targetEyeWinSize>
    <duration>1503.3887960274874</duration>
    <data>random</data>
  </VisualTrial>
  <VisualTrial>
    <gaussSpec>
      <xCenter>20.828987535349796</xCenter>
      <yCenter>7.159511816918666</yCenter>
      <size>5.0</size>
      <brightness>0.5235208125962544</brightness>
    </gaussSpec>
    <targetEyeWinCoords>
      <x>20.828987535349796</x>
      <y>7.159511816918666</y>
    </targetEyeWinCoords>
    <targetEyeWinSize>5.0</targetEyeWinSize>
    <duration>1935.3528290189688</duration>
    <data>random</data>
  </VisualTrial>
  <VisualTrial>
    <gaussSpec>
      <xCenter>120.0664456509549</xCenter>
      <yCenter>-124.54073285758398</yCenter>
      <size>5.0</size>
      <brightness>0.37212144450109064</brightness>
    </gaussSpec>
    <targetEyeWinCoords>
      <x>120.0664456509549</x>
      <y>-124.54073285758398</y>
    </targetEyeWinCoords>
    <targetEyeWinSize>5.0</targetEyeWinSize>
    <duration>1102.2229162063127</duration>
    <data>random</data>
  </VisualTrial>
  <VisualTrial>
    <gaussSpec>
      <xCenter>187.24690511364054</xCenter>
      <yCenter>-95.31117824085206</yCenter>
      <size>5.0</size>
      <brightness>0.9476365216193744</brightness>
    </gaussSpec>
    <targetEyeWinCoords>
      <x>187.24690511364054</x>
      <y>-95.31117824085206</y>
    </targetEyeWinCoords>
    <targetEyeWinSize>5.0</targetEyeWinSize>
    <duration>1753.793577645024</duration>
    <data>random</data>
  </VisualTrial>
  <VisualTrial>
    <gaussSpec>
      <xCenter>90.27547961312149</xCenter>
      <yCenter>120.32534795671916</yCenter>
      <size>5.0</size>
      <brightness>0.8500320619398646</brightness>
    </gaussSpec>
    <targetEyeWinCoords>
      <x>90.27547961312149</x>
      <y>120.32534795671916</y>
    </targetEyeWinCoords>
    <targetEyeWinSize>5.0</targetEyeWinSize>
    <duration>1358.9320312800785</duration>
    <data>random</data>
  </VisualTrial>
  <VisualTrial>
    <gaussSpec>
      <xCenter>-152.91618858559218</xCenter>
      <yCenter>-87.58451363224262</yCenter>
      <size>5.0</size>
      <brightness>0.27975130479276766</brightness>
    </gaussSpec>
    <targetEyeWinCoords>
      <x>-152.91618858559218</x>
      <y>-87.58451363224262</y>
    </targetEyeWinCoords>
    <targetEyeWinSize>5.0</targetEyeWinSize>
    <duration>1308.0148383083463</duration>
    <data>random</data>
  </VisualTrial>
  <VisualTrial>
    <gaussSpec>
      <xCenter>-165.17282153919874</xCenter>
      <yCenter>144.98829884763887</yCenter>
      <size>5.0</size>
      <brightness>0.7962590153689095</brightness>
    </gaussSpec>
    <targetEyeWinCoords>
      <x>-165.17282153919874</x>
      <y>144.98829884763887</y>
    </targetEyeWinCoords>
    <targetEyeWinSize>5.0</targetEyeWinSize>
    <duration>1946.0848667631672</duration>
    <data>random</data>
  </VisualTrial>
  <VisualTrial>
    <gaussSpec>
      <xCenter>-168.7275904428016</xCenter>
      <yCenter>-70.28748710084861</yCenter>
      <size>5.0</size>
      <brightness>0.9484573174148889</brightness>
    </gaussSpec>
    <targetEyeWinCoords>
      <x>-168.7275904428016</x>
      <y>-70.28748710084861</y>
    </targetEyeWinCoords>
    <targetEyeWinSize>5.0</targetEyeWinSize>
    <duration>1846.5287851653543</duration>
    <data>random</data>
  </VisualTrial>
  <VisualTrial>
    <gaussSpec>
      <xCenter>81.55778410270193</xCenter>
      <yCenter>10.932645653966006</yCenter>
      <size>5.0</size>
      <brightness>0.35898166473777415</brightness>
    </gaussSpec>
    <targetEyeWinCoords>
      <x>81.55778410270193</x>
      <y>10.932645653966006</y>
    </targetEyeWinCoords>
    <targetEyeWinSize>5.0</targetEyeWinSize>
    <duration>1761.9600741680076</duration>
    <data>random</data>
  </VisualTrial>
  <VisualTrial>
    <gaussSpec>
      <xCenter>50.30027518537986</xCenter>
      <yCenter>106.21901550468021</yCenter>
      <size>5.0</size>
      <brightness>0.46496334681513674</brightness>
    </gaussSpec>
    <targetEyeWinCoords>
      <x>50.30027518537986</x>
      <y>106.21901550468021</y>
    </targetEyeWinCoords>
    <targetEyeWinSize>5.0</targetEyeWinSize>
    <duration>1350.1308967538478</duration>
    <data>random</data>
  </VisualTrial>
  <VisualTrial>
    <gaussSpec>
      <xCenter>173.96746685442616</xCenter>
      <yCenter>53.90758794754345</yCenter>
      <size>5.0</size>
      <brightness>0.20527614430027952</brightness>
    </gaussSpec>
    <targetEyeWinCoords>
      <x>173.96746685442616</x>
      <y>53.90758794754345</y>
    </targetEyeWinCoords>
    <targetEyeWinSize>5.0</targetEyeWinSize>
    <duration>1377.19749872706</duration>
    <data>random</data>
  </VisualTrial>
  <VisualTrial>
    <gaussSpec>
      <xCenter>16.404237551238708</xCenter>
      <yCenter>33.16477909591751</yCenter>
      <size>5.0</size>
      <brightness>0.730314476555215</brightness>
    </gaussSpec>
    <targetEyeWinCoords>
      <x>16.404237551238708</x>
      <y>33.16477909591751</y>
    </targetEyeWinCoords>
    <targetEyeWinSize>5.0</targetEyeWinSize>
    <duration>1360.724517997803</duration>
    <data>random</data>
  </VisualTrial>
  <VisualTrial>
    <gaussSpec>
      <xCenter>30.16816645629632</xCenter>
      <yCenter>-38.42727526971379</yCenter>
      <size>5.0</size>
      <brightness>0.7073093783597798</brightness>
    </gaussSpec>
    <targetEyeWinCoords>
      <x>30.16816645629632</x>
      <y>-38.42727526971379</y>
    </targetEyeWinCoords>
    <targetEyeWinSize>5.0</targetEyeWinSize>
    <duration>1083.0047510872876</duration>
    <data>random</data>
  </VisualTrial>
  <VisualTrial>
    <gaussSpec>
      <xCenter>-121.91213142507291</xCenter>
      <yCenter>-54.55506071422175</yCenter>
      <size>5.0</size>
      <brightness>0.2987652843716403</brightness>
    </gaussSpec>
    <targetEyeWinCoords>
      <x>-121.91213142507291</x>
      <y>-54.55506071422175</y>
    </targetEyeWinCoords>
    <targetEyeWinSize>5.0</targetEyeWinSize>
    <duration>1768.5304868157314</duration>
    <data>random</data>
  </VisualTrial>
  <VisualTrial>
    <gaussSpec>
      <xCenter>165.79147477768055</xCenter>
      <yCenter>-39.11941778062237</yCenter>
      <size>5.0</size>
      <brightness>0.24002236583773862</brightness>
    </gaussSpec>
    <targetEyeWinCoords>
      <x>165.79147477768055</x>
      <y>-39.11941778062237</y>
    </targetEyeWinCoords>
    <targetEyeWinSize>5.0</targetEyeWinSize>
    <duration>1252.1981587728924</duration>
    <data>random</data>
  </VisualTrial>
  <VisualTrial>
    <gaussSpec>
      <xCenter>-119.38582675191307</xCenter>
      <yCenter>89.44456819663307</yCenter>
      <size>5.0</size>
      <brightness>0.048299948580758145</brightness>
    </gaussSpec>
    <targetEyeWinCoords>
      <x>-119.38582675191307</x>
      <y>89.44456819663307</y>
    </targetEyeWinCoords>
    <targetEyeWinSize>5.0</targetEyeWinSize>
    <duration>1219.9669975008844</duration>
    <data>random</data>
  </VisualTrial>
  <VisualTrial>
    <gaussSpec>
      <xCenter>-30.031341558388505</xCenter>
      <yCenter>122.9005456687305</yCenter>
      <size>5.0</size>
      <brightness>0.43585794856448246</brightness>
    </gaussSpec>
    <targetEyeWinCoords>
      <x>-30.031341558388505</x>
      <y>122.9005456687305</y>
    </targetEyeWinCoords>
    <targetEyeWinSize>5.0</targetEyeWinSize>
    <duration>1470.8853645218799</duration>
    <data>random</data>
  </VisualTrial>
  <VisualTrial>
    <gaussSpec>
      <xCenter>-196.13992843949038</xCenter>
      <yCenter>-34.9267880956487</yCenter>
      <size>5.0</size>
      <brightness>0.7502913733982974</brightness>
    </gaussSpec>
    <targetEyeWinCoords>
      <x>-196.13992843949038</x>
      <y>-34.9267880956487</y>
    </targetEyeWinCoords>
    <targetEyeWinSize>5.0</targetEyeWinSize>
    <duration>1045.8578028520442</duration>
    <data>random</data>
  </VisualTrial>
  <VisualTrial>
    <gaussSpec>
      <xCenter>28.690313200473923</xCenter>
      <yCenter>-78.64415272022165</yCenter>
      <size>5.0</size>
      <brightness>0.7440460210557507</brightness>
    </gaussSpec>
    <targetEyeWinCoords>
      <x>28.690313200473923</x>
      <y>-78.64415272022165</y>
    </targetEyeWinCoords>
    <targetEyeWinSize>5.0</targetEyeWinSize>
    <duration>1166.5409081166888</duration>
    <data>random</data>
  </VisualTrial>
  <VisualTrial>
    <gaussSpec>
      <xCenter>166.32985098763942</xCenter>
      <yCenter>-39.444166210495766</yCenter>
      <size>5.0</size>
      <brightness>0.8718002565656718</brightness>
    </gaussSpec>
    <targetEyeWinCoords>
      <x>166.32985098763942</x>
      <y>-39.444166210495766</y>
    </targetEyeWinCoords>
    <targetEyeWinSize>5.0</targetEyeWinSize>
    <duration>1703.2460914658068</duration>
    <data>random</data>
  </VisualTrial>
  <VisualTrial>
    <gaussSpec>
      <xCenter>151.8442450676963</xCenter>
      <yCenter>144.71707474683257</yCenter>
      <size>5.0</size>
      <brightness>0.8742380256084881</brightness>
    </gaussSpec>
    <targetEyeWinCoords>
      <x>151.8442450676963</x>
      <y>144.71707474683257</y>
    </targetEyeWinCoords>
    <targetEyeWinSize>5.0</targetEyeWinSize>
    <duration>1444.0509129887964</duration>
    <data>random</data>
  </VisualTrial>
  <VisualTrial>
    <gaussSpec>
      <xCenter>13.654616111697635</xCenter>
      <yCenter>18.34693717684243</yCenter>
      <size>5.0</size>
      <brightness>0.09162766575511039</brightness>
    </gaussSpec>
    <targetEyeWinCoords>
      <x>13.654616111697635</x>
      <y>18.34693717684243</y>
    </targetEyeWinCoords>
    <targetEyeWinSize>5.0</targetEyeWinSize>
    <duration>1628.978283758483</duration>
    <data>random</data>
  </VisualTrial>
  <VisualTrial>
    <gaussSpec>
      <xCenter>3.2089743799686232</xCenter>
      <yCenter>52.698557173654166</yCenter>
      <size>5.0</size>
      <brightness>0.057096110294000524</brightness>
    </gaussSpec>
    <targetEyeWinCoords>
      <x>3.2089743799686232</x>
      <y>52.698557173654166</y>
    </targetEyeWinCoords>
    <targetEyeWinSize>5.0</targetEyeWinSize>
    <duration>1746.0524363510026</duration>
    <data>random</data>
  </VisualTrial>
  <VisualTrial>
    <gaussSpec>
      <xCenter>135.80118120856838</xCenter>
      <yCenter>-25.189060811142838</yCenter>
      <size>5.0</size>
      <brightness>0.9968912708887172</brightness>
    </gaussSpec>
    <targetEyeWinCoords>
      <x>135.80118120856838</x>
      <y>-25.189060811142838</y>
    </targetEyeWinCoords>
    <targetEyeWinSize>5.0</targetEyeWinSize>
    <duration>1648.4011382901813</duration>
    <data>random</data>
  </VisualTrial>
  <VisualTrial>
    <gaussSpec>
      <xCenter>-27.522625852650748</xCenter>
      <yCenter>-12.131994122909958</yCenter>
      <size>5.0</size>
      <brightness>0.5567817823091696</brightness>
    </gaussSpec>
    <targetEyeWinCoords>
      <x>-27.522625852650748</x>
      <y>-12.131994122909958</y>
    </targetEyeWinCoords>
    <targetEyeWinSize>5.0</targetEyeWinSize>
    <duration>1334.1567130225083</duration>
    <data>random</data>
  </VisualTrial>
  <VisualTrial>
    <gaussSpec>
      <xCenter>179.28558470454453</xCenter>
      <yCenter>48.9650823616667</yCenter>
      <size>5.0</size>
      <brightness>0.9116621455914076</brightness>
    </gaussSpec>
    <targetEyeWinCoords>
      <x>179.28558470454453</x>
      <y>48.9650823616667</y>
    </targetEyeWinCoords>
    <targetEyeWinSize>5.0</targetEyeWinSize>
    <duration>1002.1850398439624</duration>
    <data>random</data>
  </VisualTrial>
  <VisualTrial>
    <gaussSpec>
      <xCenter>181.02737175329673</xCenter>
      <yCenter>146.3334044566019</yCenter>
      <size>5.0</size>
      <brightness>0.2077392071064238</brightness>
    </gaussSpec>
    <targetEyeWinCoords>
      <x>181.02737175329673</x>
      <y>146.3334044566019</y>
    </targetEyeWinCoords>
    <targetEyeWinSize>5.0</targetEyeWinSize>
    <duration>1323.1248063835938</duration>
    <data>random</data>
  </VisualTrial>
  <VisualTrial>
    <gaussSpec>
      <xCenter>-26.804488245057087</xCenter>
      <yCenter>-57.68048938766479</yCenter>
      <size>5.0</size>
      <brightness>0.5475167381730606</brightness>
    </gaussSpec>
    <targetEyeWinCoords>
      <x>-26.804488245057087</x>
      <y>-57.68048938766479</y>
    </targetEyeWinCoords>
    <targetEyeWinSize>5.0</targetEyeWinSize>
    <duration>1746.6789808139351</duration>
    <data>random</data>
  </VisualTrial>
  <VisualTrial>
    <gaussSpec>
      <xCenter>129.68472578308138</xCenter>
      <yCenter>-117.66555021590676</yCenter>
      <size>5.0</size>
      <brightness>0.9093982101637132</brightness>
    </gaussSpec>
    <targetEyeWinCoords>
      <x>129.68472578308138</x>
      <y>-117.66555021590676</y>
    </targetEyeWinCoords>
    <targetEyeWinSize>5.0</targetEyeWinSize>
    <duration>1175.8462918962125</duration>
    <data>random</data>
  </VisualTrial>
  <VisualTrial>
    <gaussSpec>
      <xCenter>78.09821002769405</xCenter>
      <yCenter>137.3459507662584</yCenter>
      <size>5.0</size>
      <brightness>0.9402588409964276</brightness>
    </gaussSpec>
    <targetEyeWinCoords>
      <x>78.09821002769405</x>
      <y>137.3459507662584</y>
    </targetEyeWinCoords>
    <targetEyeWinSize>5.0</targetEyeWinSize>
    <duration>1124.2270607545554</duration>
    <data>random</data>
  </VisualTrial>
  <VisualTrial>
    <gaussSpec>
      <xCenter>168.00374869452986</xCenter>
      <yCenter>42.00798830973417</yCenter>
      <size>5.0</size>
      <brightness>0.7269095495258294</brightness>
    </gaussSpec>
    <targetEyeWinCoords>
      <x>168.00374869452986</x>
      <y>42.00798830973417</y>
    </targetEyeWinCoords>
    <targetEyeWinSize>5.0</targetEyeWinSize>
    <duration>1864.9641179225741</duration>
    <data>random</data>
  </VisualTrial>
  <VisualTrial>
    <gaussSpec>
      <xCenter>-180.29397243736557</xCenter>
      <yCenter>66.55357811462494</yCenter>
      <size>5.0</size>
      <brightness>0.9606182405483574</brightness>
    </gaussSpec>
    <targetEyeWinCoords>
      <x>-180.29397243736557</x>
      <y>66.55357811462494</y>
    </targetEyeWinCoords>
    <targetEyeWinSize>5.0</targetEyeWinSize>
    <duration>1398.4002413753776</duration>
    <data>random</data>
  </VisualTrial>
  <VisualTrial>
    <gaussSpec>
      <xCenter>52.411115572282256</xCenter>
      <yCenter>75.21452843593443</yCenter>
      <size>5.0</size>
      <brightness>0.23825249487849431</brightness>
    </gaussSpec>
    <targetEyeWinCoords>
      <x>52.411115572282256</x>
      <y>75.21452843593443</y>
    </targetEyeWinCoords>
    <targetEyeWinSize>5.0</targetEyeWinSize>
    <duration>1887.6606802358156</duration>
    <data>random</data>
  </VisualTrial>
  <VisualTrial>
    <gaussSpec>
      <xCenter>-132.29017830804554</xCenter>
      <yCenter>-52.36087050484349</yCenter>
      <size>5.0</size>
      <brightness>0.4980664493317779</brightness>
    </gaussSpec>
    <targetEyeWinCoords>
      <x>-132.29017830804554</x>
      <y>-52.36087050484349</y>
    </targetEyeWinCoords>
    <targetEyeWinSize>5.0</targetEyeWinSize>
    <duration>1545.9790111208988</duration>
    <data>random</data>
  </VisualTrial>
  <VisualTrial>
    <gaussSpec>
      <xCenter>-139.10609488759812</xCenter>
      <yCenter>51.37738524276159</yCenter>
      <size>5.0</size>
      <brightness>0.34553027985841245</brightness>
    </gaussSpec>
    <targetEyeWinCoords>
      <x>-139.10609488759812</x>
      <y>51.37738524276159</y>
    </targetEyeWinCoords>
    <targetEyeWinSize>5.0</targetEyeWinSize>
    <duration>1697.2170484751434</duration>
    <data>random</data>
  </VisualTrial>
  <VisualTrial>
    <gaussSpec>
      <xCenter>8.026213703305558</xCenter>
      <yCenter>16.783327365838886</yCenter>
      <size>5.0</size>
      <brightness>0.19753360785740437</brightness>
    </gaussSpec>
    <targetEyeWinCoords>
      <x>8.026213703305558</x>
      <y>16.783327365838886</y>
    </targetEyeWinCoords>
    <targetEyeWinSize>5.0</targetEyeWinSize>
    <duration>1569.4383531710444</duration>
    <data>random</data>
  </VisualTrial>
  <VisualTrial>
    <gaussSpec>
      <xCenter>-162.9172693592917</xCenter>
      <yCenter>109.26171276774897</yCenter>
      <size>5.0</size>
      <brightness>0.8431355444719136</brightness>
    </gaussSpec>
    <targetEyeWinCoords>
      <x>-162.9172693592917</x>
      <y>109.26171276774897</y>
    </targetEyeWinCoords>
    <targetEyeWinSize>5.0</targetEyeWinSize>
    <duration>1428.3388239436424</duration>
    <data>random</data>
  </VisualTrial>
  <VisualTrial>
    <gaussSpec>
      <xCenter>8.34298157910311</xCenter>
      <yCenter>22.539501738080077</yCenter>
      <size>5.0</size>
      <brightness>0.16414371862275157</brightness>
    </gaussSpec>
    <targetEyeWinCoords>
      <x>8.34298157910311</x>
      <y>22.539501738080077</y>
    </targetEyeWinCoords>
    <targetEyeWinSize>5.0</targetEyeWinSize>
    <duration>1441.753880447276</duration>
    <data>random</data>
  </VisualTrial>
  <VisualTrial>
    <gaussSpec>
      <xCenter>-88.67983452476716</xCenter>
      <yCenter>-64.28873573318212</yCenter>
      <size>5.0</size>
      <brightness>0.14037888085097416</brightness>
    </gaussSpec>
    <targetEyeWinCoords>
      <x>-88.67983452476716</x>
      <y>-64.28873573318212</y>
    </targetEyeWinCoords>
    <targetEyeWinSize>5.0</targetEyeWinSize>
    <duration>1377.4192567683028</duration>
    <data>random</data>
  </VisualTrial>
  <VisualTrial>
    <gaussSpec>
      <xCenter>85.35726935212432</xCenter>
      <yCenter>108.35422083718669</yCenter>
      <size>5.0</size>
      <brightness>0.49607488610327377</brightness>
    </gaussSpec>
    <targetEyeWinCoords>
      <x>85.35726935212432</x>
      <y>108.35422083718669</y>
    </targetEyeWinCoords>
    <targetEyeWinSize>5.0</targetEyeWinSize>
    <duration>1235.3041405466977</duration>
    <data>random</data>
  </VisualTrial>
  <VisualTrial>
    <gaussSpec>
      <xCenter>-152.50947302226467</xCenter>
      <yCenter>-58.961033893041886</yCenter>
      <size>5.0</size>
      <brightness>0.0993576397706083</brightness>
    </gaussSpec>
    <targetEyeWinCoords>
      <x>-152.50947302226467</x>
      <y>-58.961033893041886</y>
    </targetEyeWinCoords>
    <targetEyeWinSize>5.0</targetEyeWinSize>
    <duration>1317.5076486768246</duration>
    <data>random</data>
  </VisualTrial>
  <VisualTrial>
    <gaussSpec>
      <xCenter>-186.89884994573583</xCenter>
      <yCenter>-70.61087409818414</yCenter>
      <size>5.0</size>
      <brightness>0.7073161200705489</brightness>
    </gaussSpec>
    <targetEyeWinCoords>
      <x>-186.89884994573583</x>
      <y>-70.61087409818414</y>
    </targetEyeWinCoords>
    <targetEyeWinSize>5.0</targetEyeWinSize>
    <duration>1318.665862785233</duration>
    <data>random</data>
  </VisualTrial>
  <VisualTrial>
    <gaussSpec>
      <xCenter>69.26700000631331</xCenter>
      <yCenter>100.13825390519273</yCenter>
      <size>5.0</size>
      <brightness>0.14794973370180098</brightness>
    </gaussSpec>
    <targetEyeWinCoords>
      <x>69.26700000631331</x>
      <y>100.13825390519273</y>
    </targetEyeWinCoords>
    <targetEyeWinSize>5.0</targetEyeWinSize>
    <duration>1063.4300276768822</duration>
    <data>random</data>
  </VisualTrial>
  <VisualTrial>
    <gaussSpec>
      <xCenter>122.55574741453154</xCenter>
      <yCenter>129.82367965506876</yCenter>
      <size>5.0</size>
      <brightness>0.3749781946915609</brightness>
    </gaussSpec>
    <targetEyeWinCoords>
      <x>122.55574741453154</x>
      <y>129.82367965506876</y>
    </targetEyeWinCoords>
    <targetEyeWinSize>5.0</targetEyeWinSize>
    <duration>1098.4105969622174</duration>
    <data>random</data>
  </VisualTrial>
  <VisualTrial>
    <gaussSpec>
      <xCenter>12.321280226419134</xCenter>
      <yCenter>-86.46471603879561</yCenter>
      <size>5.0</size>
      <brightness>0.29073186153574904</brightness>
    </gaussSpec>
    <targetEyeWinCoords>
      <x>12.321280226419134</x>
      <y>-86.46471603879561</y>
    </targetEyeWinCoords>
    <targetEyeWinSize>5.0</targetEyeWinSize>
    <duration>1009.106713520968</duration>
    <data>random</data>
  </VisualTrial>
</list>