<?xml version="1.0" encoding="UTF-8" standalone="no"?><list>
  <GaussSpec>
    <xCenter>-69.48103813851574</xCenter>
    <yCenter>121.39606816818804</yCenter>
    <size>5.0</size>
    <brightness>0.9122312291074365</brightness>
    <duration>1190.5696712069239</duration>
  </GaussSpec>
  <GaussSpec>
    <xCenter>-107.17127672999975</xCenter>
    <yCenter>60.25253993819305</yCenter>
    <size>5.0</size>
    <brightness>0.9240267000715404</brightness>
    <duration>1318.0720680900104</duration>
  </GaussSpec>
  <GaussSpec>
    <xCenter>43.76080873879323</xCenter>
    <yCenter>-128.01947501637622</yCenter>
    <size>5.0</size>
    <brightness>0.8578636168340924</brightness>
    <duration>1694.8619850154141</duration>
  </GaussSpec>
  <GaussSpec>
    <xCenter>-156.630087215072</xCenter>
    <yCenter>127.78608962499999</yCenter>
    <size>5.0</size>
    <brightness>0.322041221101232</brightness>
    <duration>1269.408225961263</duration>
  </GaussSpec>
  <GaussSpec>
    <xCenter>-60.670479294339685</xCenter>
    <yCenter>-131.1262253724688</yCenter>
    <size>5.0</size>
    <brightness>0.7885545105566582</brightness>
    <duration>1564.983461143152</duration>
  </GaussSpec>
  <GaussSpec>
    <xCenter>-132.21478583891593</xCenter>
    <yCenter>-9.63992423744466</yCenter>
    <size>5.0</size>
    <brightness>0.6487671457568386</brightness>
    <duration>1522.6208340887338</duration>
  </GaussSpec>
  <GaussSpec>
    <xCenter>-79.20759435785905</xCenter>
    <yCenter>90.95935344668516</yCenter>
    <size>5.0</size>
    <brightness>0.7894037297794707</brightness>
    <duration>1456.4712020267734</duration>
  </GaussSpec>
  <GaussSpec>
    <xCenter>-176.8835146753528</xCenter>
    <yCenter>-101.8488090688731</yCenter>
    <size>5.0</size>
    <brightness>0.8136010849584983</brightness>
    <duration>1052.3007064353392</duration>
  </GaussSpec>
  <GaussSpec>
    <xCenter>-35.1760769881721</xCenter>
    <yCenter>-35.191100343023095</yCenter>
    <size>5.0</size>
    <brightness>0.6142193174076936</brightness>
    <duration>1335.3688171141594</duration>
  </GaussSpec>
  <GaussSpec>
    <xCenter>137.32222310176655</xCenter>
    <yCenter>90.43424133593766</yCenter>
    <size>5.0</size>
    <brightness>0.8590343544977613</brightness>
    <duration>1376.3394915565843</duration>
  </GaussSpec>
  <GaussSpec>
    <xCenter>158.41224198975397</xCenter>
    <yCenter>-95.90974830649489</yCenter>
    <size>5.0</size>
    <brightness>0.5779630707979232</brightness>
    <duration>1254.6492544492164</duration>
  </GaussSpec>
  <GaussSpec>
    <xCenter>-108.00420566304162</xCenter>
    <yCenter>-9.4133844573673</yCenter>
    <size>5.0</size>
    <brightness>0.5899915963639003</brightness>
    <duration>1430.8238024310429</duration>
  </GaussSpec>
  <GaussSpec>
    <xCenter>-143.3252552057205</xCenter>
    <yCenter>147.03557507321204</yCenter>
    <size>5.0</size>
    <brightness>0.9930902663500976</brightness>
    <duration>1522.6687028774913</duration>
  </GaussSpec>
  <GaussSpec>
    <xCenter>94.49616936015019</xCenter>
    <yCenter>-36.62339266991167</yCenter>
    <size>5.0</size>
    <brightness>0.1274212972454163</brightness>
    <duration>1882.8884280576444</duration>
  </GaussSpec>
  <GaussSpec>
    <xCenter>20.4348897852245</xCenter>
    <yCenter>-90.09112482779224</yCenter>
    <size>5.0</size>
    <brightness>0.15618365484737284</brightness>
    <duration>1616.8753360196818</duration>
  </GaussSpec>
  <GaussSpec>
    <xCenter>84.48090092185066</xCenter>
    <yCenter>64.35704250352975</yCenter>
    <size>5.0</size>
    <brightness>0.7415257308477944</brightness>
    <duration>1935.160856658954</duration>
  </GaussSpec>
  <GaussSpec>
    <xCenter>-163.65977850933342</xCenter>
    <yCenter>73.31667484731156</yCenter>
    <size>5.0</size>
    <brightness>0.1735831116453852</brightness>
    <duration>1030.2048427857487</duration>
  </GaussSpec>
  <GaussSpec>
    <xCenter>-14.982972406786729</xCenter>
    <yCenter>-47.52284733441169</yCenter>
    <size>5.0</size>
    <brightness>0.49183195135268154</brightness>
    <duration>1090.5774647321762</duration>
  </GaussSpec>
  <GaussSpec>
    <xCenter>-100.0790857502646</xCenter>
    <yCenter>-15.185304094625565</yCenter>
    <size>5.0</size>
    <brightness>0.39607940468154057</brightness>
    <duration>1584.4432339181574</duration>
  </GaussSpec>
  <GaussSpec>
    <xCenter>-164.5441351046345</xCenter>
    <yCenter>64.21213112068278</yCenter>
    <size>5.0</size>
    <brightness>0.26004240255074995</brightness>
    <duration>1228.5032207527593</duration>
  </GaussSpec>
  <GaussSpec>
    <xCenter>161.33104444148307</xCenter>
    <yCenter>-37.049895696364175</yCenter>
    <size>5.0</size>
    <brightness>0.3842633666327573</brightness>
    <duration>1124.7566654903535</duration>
  </GaussSpec>
  <GaussSpec>
    <xCenter>28.43332882916792</xCenter>
    <yCenter>28.92722815066233</yCenter>
    <size>5.0</size>
    <brightness>0.44988670277387155</brightness>
    <duration>1734.5068760434006</duration>
  </GaussSpec>
  <GaussSpec>
    <xCenter>31.13697777135971</xCenter>
    <yCenter>-7.01929060675613</yCenter>
    <size>5.0</size>
    <brightness>0.07538578685111996</brightness>
    <duration>1566.0609190118532</duration>
  </GaussSpec>
  <GaussSpec>
    <xCenter>133.7634201732016</xCenter>
    <yCenter>115.14880983146662</yCenter>
    <size>5.0</size>
    <brightness>0.7884972744025671</brightness>
    <duration>1423.0295612850352</duration>
  </GaussSpec>
  <GaussSpec>
    <xCenter>-129.81276920594348</xCenter>
    <yCenter>-110.76018323123624</yCenter>
    <size>5.0</size>
    <brightness>0.9280033592863631</brightness>
    <duration>1375.3725192502473</duration>
  </GaussSpec>
  <GaussSpec>
    <xCenter>49.39717952115075</xCenter>
    <yCenter>65.14531235068569</yCenter>
    <size>5.0</size>
    <brightness>0.05228246772279688</brightness>
    <duration>1457.6249692009462</duration>
  </GaussSpec>
  <GaussSpec>
    <xCenter>-142.90239215312403</xCenter>
    <yCenter>-98.31126625168301</yCenter>
    <size>5.0</size>
    <brightness>0.2464191283446141</brightness>
    <duration>1543.7427723950996</duration>
  </GaussSpec>
  <GaussSpec>
    <xCenter>-176.17435771368736</xCenter>
    <yCenter>-108.97642344496049</yCenter>
    <size>5.0</size>
    <brightness>0.12612292940814473</brightness>
    <duration>1497.2954748447044</duration>
  </GaussSpec>
  <GaussSpec>
    <xCenter>47.17989883289897</xCenter>
    <yCenter>101.51461112025197</yCenter>
    <size>5.0</size>
    <brightness>0.5287639163393526</brightness>
    <duration>1411.2601223631464</duration>
  </GaussSpec>
  <GaussSpec>
    <xCenter>-144.20275575477632</xCenter>
    <yCenter>-69.6680146551715</yCenter>
    <size>5.0</size>
    <brightness>0.24550007997565948</brightness>
    <duration>1252.7427269093596</duration>
  </GaussSpec>
  <GaussSpec>
    <xCenter>-98.11847861574917</xCenter>
    <yCenter>-58.61332069754985</yCenter>
    <size>5.0</size>
    <brightness>0.5899874475976061</brightness>
    <duration>1649.497166319978</duration>
  </GaussSpec>
  <GaussSpec>
    <xCenter>-70.73023777807654</xCenter>
    <yCenter>-8.60328556766288</yCenter>
    <size>5.0</size>
    <brightness>0.5610735549626287</brightness>
    <duration>1223.5526617934886</duration>
  </GaussSpec>
  <GaussSpec>
    <xCenter>98.15857937476079</xCenter>
    <yCenter>-3.823550357609008</yCenter>
    <size>5.0</size>
    <brightness>0.36002757643002803</brightness>
    <duration>1860.572216520146</duration>
  </GaussSpec>
  <GaussSpec>
    <xCenter>116.57850441292481</xCenter>
    <yCenter>77.2812993261353</yCenter>
    <size>5.0</size>
    <brightness>0.9005973953254854</brightness>
    <duration>1324.9437081991714</duration>
  </GaussSpec>
  <GaussSpec>
    <xCenter>51.833946626719666</xCenter>
    <yCenter>-48.679962609344074</yCenter>
    <size>5.0</size>
    <brightness>0.2500585000963187</brightness>
    <duration>1185.8971248786017</duration>
  </GaussSpec>
  <GaussSpec>
    <xCenter>50.490606129387515</xCenter>
    <yCenter>62.474627455350515</yCenter>
    <size>5.0</size>
    <brightness>0.27477822053247236</brightness>
    <duration>1075.4025610961728</duration>
  </GaussSpec>
  <GaussSpec>
    <xCenter>-59.56764553296807</xCenter>
    <yCenter>-52.10974038061711</yCenter>
    <size>5.0</size>
    <brightness>0.2734796676179746</brightness>
    <duration>1792.0054295625955</duration>
  </GaussSpec>
  <GaussSpec>
    <xCenter>-18.025129313162722</xCenter>
    <yCenter>-144.69264252123463</yCenter>
    <size>5.0</size>
    <brightness>0.996438872125524</brightness>
    <duration>1031.6830156817673</duration>
  </GaussSpec>
  <GaussSpec>
    <xCenter>165.8190865908232</xCenter>
    <yCenter>-121.14135703572354</yCenter>
    <size>5.0</size>
    <brightness>0.06325716941318138</brightness>
    <duration>1213.9735930779245</duration>
  </GaussSpec>
  <GaussSpec>
    <xCenter>-5.208668137756177</xCenter>
    <yCenter>-15.979509901167745</yCenter>
    <size>5.0</size>
    <brightness>0.966062288304625</brightness>
    <duration>1557.1741308709343</duration>
  </GaussSpec>
  <GaussSpec>
    <xCenter>-172.6196539862042</xCenter>
    <yCenter>-130.45138853370585</yCenter>
    <size>5.0</size>
    <brightness>0.9000003592099642</brightness>
    <duration>1507.64929575505</duration>
  </GaussSpec>
  <GaussSpec>
    <xCenter>119.9177429940492</xCenter>
    <yCenter>134.21067389741233</yCenter>
    <size>5.0</size>
    <brightness>0.8985738900922938</brightness>
    <duration>1137.7189946040792</duration>
  </GaussSpec>
  <GaussSpec>
    <xCenter>-135.22025120565235</xCenter>
    <yCenter>44.52077015764655</yCenter>
    <size>5.0</size>
    <brightness>0.418624064559147</brightness>
    <duration>1824.2516219953577</duration>
  </GaussSpec>
  <GaussSpec>
    <xCenter>73.97423420948968</xCenter>
    <yCenter>-127.77807399121963</yCenter>
    <size>5.0</size>
    <brightness>0.4115456429592308</brightness>
    <duration>1594.081315592748</duration>
  </GaussSpec>
  <GaussSpec>
    <xCenter>-178.3449523430304</xCenter>
    <yCenter>-144.68798268797542</yCenter>
    <size>5.0</size>
    <brightness>0.6983873326384</brightness>
    <duration>1816.0549259554368</duration>
  </GaussSpec>
  <GaussSpec>
    <xCenter>-162.69612817310912</xCenter>
    <yCenter>111.87287822051638</yCenter>
    <size>5.0</size>
    <brightness>0.8515371316653153</brightness>
    <duration>1435.3682794791512</duration>
  </GaussSpec>
  <GaussSpec>
    <xCenter>176.80723048297364</xCenter>
    <yCenter>-136.45156433485468</yCenter>
    <size>5.0</size>
    <brightness>0.9782338460270826</brightness>
    <duration>1500.1381322407615</duration>
  </GaussSpec>
  <GaussSpec>
    <xCenter>182.9957811355955</xCenter>
    <yCenter>-11.70789127210827</yCenter>
    <size>5.0</size>
    <brightness>0.8426121478213904</brightness>
    <duration>1253.0710077625426</duration>
  </GaussSpec>
  <GaussSpec>
    <xCenter>45.50715894294217</xCenter>
    <yCenter>-75.86201617769409</yCenter>
    <size>5.0</size>
    <brightness>0.18052729640233278</brightness>
    <duration>1569.491434849685</duration>
  </GaussSpec>
  <GaussSpec>
    <xCenter>67.13789760997128</xCenter>
    <yCenter>-106.32073881684633</yCenter>
    <size>5.0</size>
    <brightness>0.011288923579671262</brightness>
    <duration>1176.3172329152426</duration>
  </GaussSpec>
  <GaussSpec>
    <xCenter>-77.0494637673918</xCenter>
    <yCenter>82.78109219171381</yCenter>
    <size>5.0</size>
    <brightness>0.17377054795875957</brightness>
    <duration>1596.1705624668007</duration>
  </GaussSpec>
  <GaussSpec>
    <xCenter>-174.1745577796541</xCenter>
    <yCenter>17.659326304027047</yCenter>
    <size>5.0</size>
    <brightness>0.3274063237156646</brightness>
    <duration>1303.8256078094166</duration>
  </GaussSpec>
  <GaussSpec>
    <xCenter>26.367207467855906</xCenter>
    <yCenter>-72.24878309203535</yCenter>
    <size>5.0</size>
    <brightness>0.32366003001113397</brightness>
    <duration>1006.9387704970884</duration>
  </GaussSpec>
  <GaussSpec>
    <xCenter>151.4036562179258</xCenter>
    <yCenter>-20.392063277860302</yCenter>
    <size>5.0</size>
    <brightness>0.91217993781089</brightness>
    <duration>1312.0281779815875</duration>
  </GaussSpec>
  <GaussSpec>
    <xCenter>168.51818702758976</xCenter>
    <yCenter>49.45681828467116</yCenter>
    <size>5.0</size>
    <brightness>0.1948529865931249</brightness>
    <duration>1082.8714131744932</duration>
  </GaussSpec>
  <GaussSpec>
    <xCenter>47.018319379288215</xCenter>
    <yCenter>-52.41483928848966</yCenter>
    <size>5.0</size>
    <brightness>0.5468347785688589</brightness>
    <duration>1357.020812223802</duration>
  </GaussSpec>
  <GaussSpec>
    <xCenter>-0.23087071850153507</xCenter>
    <yCenter>-118.2065302401173</yCenter>
    <size>5.0</size>
    <brightness>0.40008170941396903</brightness>
    <duration>1651.5139556046006</duration>
  </GaussSpec>
  <GaussSpec>
    <xCenter>-104.6204779984422</xCenter>
    <yCenter>102.00015977623227</yCenter>
    <size>5.0</size>
    <brightness>0.8472664795894859</brightness>
    <duration>1456.832124041478</duration>
  </GaussSpec>
  <GaussSpec>
    <xCenter>101.7341764010713</xCenter>
    <yCenter>-68.92959509634372</yCenter>
    <size>5.0</size>
    <brightness>0.1265880598660032</brightness>
    <duration>1238.961695909351</duration>
  </GaussSpec>
  <GaussSpec>
    <xCenter>-144.0392556915814</xCenter>
    <yCenter>-38.7280367498754</yCenter>
    <size>5.0</size>
    <brightness>0.45342688472022585</brightness>
    <duration>1163.3354148366461</duration>
  </GaussSpec>
  <GaussSpec>
    <xCenter>1.1400555860113855</xCenter>
    <yCenter>46.34299568937371</yCenter>
    <size>5.0</size>
    <brightness>0.04933423396059944</brightness>
    <duration>1487.716343594536</duration>
  </GaussSpec>
  <GaussSpec>
    <xCenter>28.3507968939289</xCenter>
    <yCenter>-45.966930905955536</yCenter>
    <size>5.0</size>
    <brightness>0.7829224020397886</brightness>
    <duration>1716.5106782180796</duration>
  </GaussSpec>
  <GaussSpec>
    <xCenter>-120.30479923551671</xCenter>
    <yCenter>45.618136605698425</yCenter>
    <size>5.0</size>
    <brightness>0.8518243081940315</brightness>
    <duration>1824.47385833046</duration>
  </GaussSpec>
  <GaussSpec>
    <xCenter>-42.85510651086952</xCenter>
    <yCenter>14.390667785780465</yCenter>
    <size>5.0</size>
    <brightness>0.6945497267596632</brightness>
    <duration>1514.2493351443954</duration>
  </GaussSpec>
  <GaussSpec>
    <xCenter>-70.05802461088527</xCenter>
    <yCenter>-76.10971813083044</yCenter>
    <size>5.0</size>
    <brightness>0.15260284111958033</brightness>
    <duration>1318.4425208248026</duration>
  </GaussSpec>
  <GaussSpec>
    <xCenter>-77.75388633244131</xCenter>
    <yCenter>-113.17804488905759</yCenter>
    <size>5.0</size>
    <brightness>0.4124444853669571</brightness>
    <duration>1804.2544516032071</duration>
  </GaussSpec>
  <GaussSpec>
    <xCenter>-19.55001185989974</xCenter>
    <yCenter>-32.84056500314341</yCenter>
    <size>5.0</size>
    <brightness>0.4091452355448073</brightness>
    <duration>1669.8902543120676</duration>
  </GaussSpec>
  <GaussSpec>
    <xCenter>146.94507956550905</xCenter>
    <yCenter>69.44451802271342</yCenter>
    <size>5.0</size>
    <brightness>0.476333065562916</brightness>
    <duration>1529.1029828027508</duration>
  </GaussSpec>
  <GaussSpec>
    <xCenter>95.04429083441039</xCenter>
    <yCenter>-52.445192145946606</yCenter>
    <size>5.0</size>
    <brightness>0.392211762239825</brightness>
    <duration>1206.1408042119451</duration>
  </GaussSpec>
  <GaussSpec>
    <xCenter>-110.45594106093623</xCenter>
    <yCenter>56.5157422558336</yCenter>
    <size>5.0</size>
    <brightness>0.039827767570638106</brightness>
    <duration>1830.1405879821345</duration>
  </GaussSpec>
  <GaussSpec>
    <xCenter>-2.5724981390782773</xCenter>
    <yCenter>-123.65952046243198</yCenter>
    <size>5.0</size>
    <brightness>0.4308124788204295</brightness>
    <duration>1863.3709048086116</duration>
  </GaussSpec>
  <GaussSpec>
    <xCenter>-40.01839818814386</xCenter>
    <yCenter>-40.91472114646291</yCenter>
    <size>5.0</size>
    <brightness>0.6882898929512087</brightness>
    <duration>1828.592050195808</duration>
  </GaussSpec>
  <GaussSpec>
    <xCenter>29.412936648626783</xCenter>
    <yCenter>132.24647017663636</yCenter>
    <size>5.0</size>
    <brightness>0.45116108026480894</brightness>
    <duration>1103.714642235071</duration>
  </GaussSpec>
  <GaussSpec>
    <xCenter>-49.035681810635964</xCenter>
    <yCenter>-69.07040704247434</yCenter>
    <size>5.0</size>
    <brightness>0.9207653961872854</brightness>
    <duration>1207.8742034341385</duration>
  </GaussSpec>
  <GaussSpec>
    <xCenter>111.45952489865061</xCenter>
    <yCenter>-141.45302918589437</yCenter>
    <size>5.0</size>
    <brightness>0.16614680194982812</brightness>
    <duration>1255.6357146791252</duration>
  </GaussSpec>
  <GaussSpec>
    <xCenter>-1.5790805529862837</xCenter>
    <yCenter>-115.29591984462724</yCenter>
    <size>5.0</size>
    <brightness>0.109781954799685</brightness>
    <duration>1110.9658122851251</duration>
  </GaussSpec>
  <GaussSpec>
    <xCenter>-2.5661691311089783</xCenter>
    <yCenter>109.253721410617</yCenter>
    <size>5.0</size>
    <brightness>0.947058897945247</brightness>
    <duration>1914.2191269779782</duration>
  </GaussSpec>
  <GaussSpec>
    <xCenter>127.73330637123479</xCenter>
    <yCenter>-57.65983572023019</yCenter>
    <size>5.0</size>
    <brightness>0.9881387169935109</brightness>
    <duration>1669.7655276263758</duration>
  </GaussSpec>
  <GaussSpec>
    <xCenter>-44.47581093530195</xCenter>
    <yCenter>90.81512841827623</yCenter>
    <size>5.0</size>
    <brightness>0.17627686005906895</brightness>
    <duration>1398.7639307744532</duration>
  </GaussSpec>
  <GaussSpec>
    <xCenter>-123.41343730595707</xCenter>
    <yCenter>35.51600091536466</yCenter>
    <size>5.0</size>
    <brightness>0.9541207823204659</brightness>
    <duration>1771.1049877278106</duration>
  </GaussSpec>
  <GaussSpec>
    <xCenter>-36.082071485379544</xCenter>
    <yCenter>112.21633947608427</yCenter>
    <size>5.0</size>
    <brightness>0.5690664000582375</brightness>
    <duration>1761.80098053787</duration>
  </GaussSpec>
  <GaussSpec>
    <xCenter>77.63354992817295</xCenter>
    <yCenter>-50.2484671220073</yCenter>
    <size>5.0</size>
    <brightness>0.4976658152515093</brightness>
    <duration>1014.2152188908278</duration>
  </GaussSpec>
  <GaussSpec>
    <xCenter>-170.595173261636</xCenter>
    <yCenter>-49.408300609957394</yCenter>
    <size>5.0</size>
    <brightness>0.967618265209923</brightness>
    <duration>1298.7951981374033</duration>
  </GaussSpec>
  <GaussSpec>
    <xCenter>46.03411794654522</xCenter>
    <yCenter>-75.48418617367942</yCenter>
    <size>5.0</size>
    <brightness>0.32109239060330763</brightness>
    <duration>1738.5971424065233</duration>
  </GaussSpec>
  <GaussSpec>
    <xCenter>49.982550984194404</xCenter>
    <yCenter>-91.93527404788918</yCenter>
    <size>5.0</size>
    <brightness>0.4808960502515327</brightness>
    <duration>1757.0459463893199</duration>
  </GaussSpec>
  <GaussSpec>
    <xCenter>-147.43043675670782</xCenter>
    <yCenter>-12.537238262297052</yCenter>
    <size>5.0</size>
    <brightness>0.9211913770638417</brightness>
    <duration>1010.7996508294901</duration>
  </GaussSpec>
  <GaussSpec>
    <xCenter>155.98867263013977</xCenter>
    <yCenter>4.879310718206938</yCenter>
    <size>5.0</size>
    <brightness>0.28583363910675463</brightness>
    <duration>1643.8787471885012</duration>
  </GaussSpec>
  <GaussSpec>
    <xCenter>71.961253492286</xCenter>
    <yCenter>-3.1538519195428023</yCenter>
    <size>5.0</size>
    <brightness>0.7046211705652662</brightness>
    <duration>1068.2659427061974</duration>
  </GaussSpec>
  <GaussSpec>
    <xCenter>140.01629572775067</xCenter>
    <yCenter>144.79826912533537</yCenter>
    <size>5.0</size>
    <brightness>0.939028386431985</brightness>
    <duration>1660.0280387270086</duration>
  </GaussSpec>
  <GaussSpec>
    <xCenter>112.37252788133924</xCenter>
    <yCenter>-95.3872762824903</yCenter>
    <size>5.0</size>
    <brightness>0.1610329166849357</brightness>
    <duration>1584.7590780614046</duration>
  </GaussSpec>
  <GaussSpec>
    <xCenter>-28.616207636317597</xCenter>
    <yCenter>-96.57861845219892</yCenter>
    <size>5.0</size>
    <brightness>0.4982122384754758</brightness>
    <duration>1466.669447830238</duration>
  </GaussSpec>
  <GaussSpec>
    <xCenter>-191.74578845211465</xCenter>
    <yCenter>-136.25726353129824</yCenter>
    <size>5.0</size>
    <brightness>0.017142251838045075</brightness>
    <duration>1945.723319300263</duration>
  </GaussSpec>
  <GaussSpec>
    <xCenter>-27.816257723185885</xCenter>
    <yCenter>-4.776819809987387</yCenter>
    <size>5.0</size>
    <brightness>0.3018486249754381</brightness>
    <duration>1401.9169754664658</duration>
  </GaussSpec>
  <GaussSpec>
    <xCenter>147.87260169770525</xCenter>
    <yCenter>107.5240541464882</yCenter>
    <size>5.0</size>
    <brightness>0.8968379722295555</brightness>
    <duration>1215.771752263083</duration>
  </GaussSpec>
  <GaussSpec>
    <xCenter>130.69835267227194</xCenter>
    <yCenter>145.34398742521466</yCenter>
    <size>5.0</size>
    <brightness>0.04274942229895384</brightness>
    <duration>1238.4460016232322</duration>
  </GaussSpec>
  <GaussSpec>
    <xCenter>-152.6288400674176</xCenter>
    <yCenter>10.182731727375597</yCenter>
    <size>5.0</size>
    <brightness>0.14057329486464065</brightness>
    <duration>1032.4024236444886</duration>
  </GaussSpec>
  <GaussSpec>
    <xCenter>-49.55783102986939</xCenter>
    <yCenter>39.56541087129867</yCenter>
    <size>5.0</size>
    <brightness>0.728489432381214</brightness>
    <duration>1896.6155957174178</duration>
  </GaussSpec>
  <GaussSpec>
    <xCenter>103.48237225996724</xCenter>
    <yCenter>26.149645334581805</yCenter>
    <size>5.0</size>
    <brightness>0.2409506205551325</brightness>
    <duration>1855.5643203756267</duration>
  </GaussSpec>
  <GaussSpec>
    <xCenter>-94.73846908512189</xCenter>
    <yCenter>63.17161905198452</yCenter>
    <size>5.0</size>
    <brightness>0.9229683021132651</brightness>
    <duration>1791.4066860860864</duration>
  </GaussSpec>
  <GaussSpec>
    <xCenter>-197.02409770682354</xCenter>
    <yCenter>52.297107119884345</yCenter>
    <size>5.0</size>
    <brightness>0.45872554573879754</brightness>
    <duration>1611.346721415307</duration>
  </GaussSpec>
</list>