<?xml version="1.0" encoding="UTF-8" standalone="no"?><list>
  <GaussSpec>
    <xCenter>168.49411918676685</xCenter>
    <yCenter>-40.7669918351812</yCenter>
    <size>9.791057296289715</size>
    <brightness>0.1337999801955303</brightness>
  </GaussSpec>
  <GaussSpec>
    <xCenter>4.667139575894566</xCenter>
    <yCenter>-119.67241681748507</yCenter>
    <size>11.025316198697814</size>
    <brightness>0.2469223295620422</brightness>
  </GaussSpec>
  <GaussSpec>
    <xCenter>116.06564757371513</xCenter>
    <yCenter>112.92036385923439</yCenter>
    <size>11.943004606473073</size>
    <brightness>0.421911303579215</brightness>
  </GaussSpec>
  <GaussSpec>
    <xCenter>98.48099825344815</xCenter>
    <yCenter>-91.43874759148875</yCenter>
    <size>13.95464658974399</size>
    <brightness>0.7148077187122527</brightness>
  </GaussSpec>
  <GaussSpec>
    <xCenter>56.465884723044155</xCenter>
    <yCenter>-126.70619130793108</yCenter>
    <size>14.821064313837415</size>
    <brightness>0.6431387954656133</brightness>
  </GaussSpec>
  <GaussSpec>
    <xCenter>13.114905251457202</xCenter>
    <yCenter>98.65065550045483</yCenter>
    <size>11.150487361284908</size>
    <brightness>0.5200995164174613</brightness>
  </GaussSpec>
  <GaussSpec>
    <xCenter>-100.59794587867022</xCenter>
    <yCenter>-135.37102262243496</yCenter>
    <size>15.678878793122214</size>
    <brightness>0.8776885560020592</brightness>
  </GaussSpec>
  <GaussSpec>
    <xCenter>-134.32009714566266</xCenter>
    <yCenter>-148.22241672709828</yCenter>
    <size>19.724959839688488</size>
    <brightness>0.4958101371489835</brightness>
  </GaussSpec>
  <GaussSpec>
    <xCenter>-99.94281637672323</xCenter>
    <yCenter>114.71601629956905</yCenter>
    <size>18.01099398300924</size>
    <brightness>0.5009839184854511</brightness>
  </GaussSpec>
  <GaussSpec>
    <xCenter>159.8042089865828</xCenter>
    <yCenter>-136.32162637546094</yCenter>
    <size>19.84683030224207</size>
    <brightness>0.9530546766802982</brightness>
  </GaussSpec>
  <GaussSpec>
    <xCenter>196.19376615376012</xCenter>
    <yCenter>43.3141244510837</yCenter>
    <size>12.10823872619564</size>
    <brightness>0.69245707188917</brightness>
  </GaussSpec>
  <GaussSpec>
    <xCenter>174.2646397751585</xCenter>
    <yCenter>-25.445346264516672</yCenter>
    <size>13.291300607321599</size>
    <brightness>0.6668604913209896</brightness>
  </GaussSpec>
  <GaussSpec>
    <xCenter>20.795886161140146</xCenter>
    <yCenter>-27.644187081041068</yCenter>
    <size>12.017616230550423</size>
    <brightness>0.9812197699475876</brightness>
  </GaussSpec>
  <GaussSpec>
    <xCenter>5.084391906505061</xCenter>
    <yCenter>-48.0727845915963</yCenter>
    <size>17.90028674068228</size>
    <brightness>0.37505661666655576</brightness>
  </GaussSpec>
  <GaussSpec>
    <xCenter>77.69097627137273</xCenter>
    <yCenter>-137.26878815199942</yCenter>
    <size>18.259404886229753</size>
    <brightness>0.558563172764814</brightness>
  </GaussSpec>
  <GaussSpec>
    <xCenter>29.206688265900283</xCenter>
    <yCenter>136.34800084171434</yCenter>
    <size>17.97110608293071</size>
    <brightness>0.6516024377348165</brightness>
  </GaussSpec>
  <GaussSpec>
    <xCenter>-124.9355373056308</xCenter>
    <yCenter>13.210098382966237</yCenter>
    <size>6.784259026460427</size>
    <brightness>0.591401637829405</brightness>
  </GaussSpec>
  <GaussSpec>
    <xCenter>76.54782624991486</xCenter>
    <yCenter>40.842174868545186</yCenter>
    <size>10.360953445742659</size>
    <brightness>0.7987371665781213</brightness>
  </GaussSpec>
  <GaussSpec>
    <xCenter>-24.88423220705576</xCenter>
    <yCenter>33.17145743625258</yCenter>
    <size>6.368858167243413</size>
    <brightness>0.12567262339934604</brightness>
  </GaussSpec>
  <GaussSpec>
    <xCenter>160.59194053469446</xCenter>
    <yCenter>7.1563788402191335</yCenter>
    <size>19.970661341052534</size>
    <brightness>0.4114623350485537</brightness>
  </GaussSpec>
  <GaussSpec>
    <xCenter>175.29935483831827</xCenter>
    <yCenter>15.218182387587177</yCenter>
    <size>18.538620785756315</size>
    <brightness>0.8548955219430234</brightness>
  </GaussSpec>
  <GaussSpec>
    <xCenter>14.92858301753111</xCenter>
    <yCenter>-124.89127059475882</yCenter>
    <size>7.7413295647989955</size>
    <brightness>0.794100085463279</brightness>
  </GaussSpec>
  <GaussSpec>
    <xCenter>65.1069996259672</xCenter>
    <yCenter>-102.82553840185588</yCenter>
    <size>15.896363935961654</size>
    <brightness>0.30145300594298263</brightness>
  </GaussSpec>
  <GaussSpec>
    <xCenter>-128.55056221101503</xCenter>
    <yCenter>-95.59420875429619</yCenter>
    <size>6.709903138211159</size>
    <brightness>0.454871394907314</brightness>
  </GaussSpec>
  <GaussSpec>
    <xCenter>-36.42364100770223</xCenter>
    <yCenter>-59.15780727115673</yCenter>
    <size>17.26949177372355</size>
    <brightness>0.9228807582417555</brightness>
  </GaussSpec>
  <GaussSpec>
    <xCenter>86.52520308210109</xCenter>
    <yCenter>-63.001332151199634</yCenter>
    <size>11.663882453425707</size>
    <brightness>0.01116940498406993</brightness>
  </GaussSpec>
  <GaussSpec>
    <xCenter>202.52540044938547</xCenter>
    <yCenter>38.677246483501335</yCenter>
    <size>9.210366541375942</size>
    <brightness>0.4121248206448822</brightness>
  </GaussSpec>
  <GaussSpec>
    <xCenter>128.83111942638607</xCenter>
    <yCenter>18.973340207505117</yCenter>
    <size>11.26162379485122</size>
    <brightness>0.7113785784768284</brightness>
  </GaussSpec>
  <GaussSpec>
    <xCenter>114.01284749981318</xCenter>
    <yCenter>-93.07894542583622</yCenter>
    <size>18.042142199379427</size>
    <brightness>0.6813927638707127</brightness>
  </GaussSpec>
  <GaussSpec>
    <xCenter>11.415075985851075</xCenter>
    <yCenter>146.2325594848155</yCenter>
    <size>18.932587380414688</size>
    <brightness>0.2745605794122714</brightness>
  </GaussSpec>
  <GaussSpec>
    <xCenter>126.18491898730616</xCenter>
    <yCenter>2.352913939475684</yCenter>
    <size>11.164451735607159</size>
    <brightness>0.10632155901790352</brightness>
  </GaussSpec>
  <GaussSpec>
    <xCenter>-123.02402711492806</xCenter>
    <yCenter>50.50391047071844</yCenter>
    <size>11.874035309408898</size>
    <brightness>0.8950993381459952</brightness>
  </GaussSpec>
  <GaussSpec>
    <xCenter>25.49383340333094</xCenter>
    <yCenter>63.316518054190084</yCenter>
    <size>8.225070545956116</size>
    <brightness>0.2460493213587437</brightness>
  </GaussSpec>
  <GaussSpec>
    <xCenter>53.85200621093861</xCenter>
    <yCenter>5.409817949351293</yCenter>
    <size>18.40556807118856</size>
    <brightness>0.536616388730643</brightness>
  </GaussSpec>
  <GaussSpec>
    <xCenter>202.09725812258785</xCenter>
    <yCenter>3.817647596212538</yCenter>
    <size>15.669970018189822</size>
    <brightness>0.05994157466097827</brightness>
  </GaussSpec>
  <GaussSpec>
    <xCenter>43.02083541313877</xCenter>
    <yCenter>20.756921114979917</yCenter>
    <size>8.626547822783465</size>
    <brightness>0.7276879547921609</brightness>
  </GaussSpec>
  <GaussSpec>
    <xCenter>105.45703226827061</xCenter>
    <yCenter>42.7173751336999</yCenter>
    <size>17.553602533597566</size>
    <brightness>0.3136714091790197</brightness>
  </GaussSpec>
  <GaussSpec>
    <xCenter>-148.16521482311336</xCenter>
    <yCenter>-148.96910665777037</yCenter>
    <size>11.919873274335828</size>
    <brightness>0.42165869459794625</brightness>
  </GaussSpec>
  <GaussSpec>
    <xCenter>2.568445727508589</xCenter>
    <yCenter>117.34692644205899</yCenter>
    <size>11.676802090054686</size>
    <brightness>0.8978537798977477</brightness>
  </GaussSpec>
  <GaussSpec>
    <xCenter>133.61394041215397</xCenter>
    <yCenter>-75.14074537996014</yCenter>
    <size>10.05490266026979</size>
    <brightness>0.5150150415814858</brightness>
  </GaussSpec>
  <GaussSpec>
    <xCenter>63.49172470228302</xCenter>
    <yCenter>133.01864395161232</yCenter>
    <size>6.594991762300886</size>
    <brightness>0.43036443148365067</brightness>
  </GaussSpec>
  <GaussSpec>
    <xCenter>128.6286919895021</xCenter>
    <yCenter>140.98160317591675</yCenter>
    <size>6.493255992937028</size>
    <brightness>0.9246966863335928</brightness>
  </GaussSpec>
  <GaussSpec>
    <xCenter>-8.802742986257783</xCenter>
    <yCenter>-34.175553222856976</yCenter>
    <size>8.70485850635448</size>
    <brightness>0.6157640715118257</brightness>
  </GaussSpec>
  <GaussSpec>
    <xCenter>-43.441812907951714</xCenter>
    <yCenter>29.246121924358192</yCenter>
    <size>17.127565458770494</size>
    <brightness>0.7302438345961938</brightness>
  </GaussSpec>
  <GaussSpec>
    <xCenter>-18.336936695586218</xCenter>
    <yCenter>131.96168901242368</yCenter>
    <size>13.10977015430948</size>
    <brightness>0.6873746944942584</brightness>
  </GaussSpec>
  <GaussSpec>
    <xCenter>152.92264961345876</xCenter>
    <yCenter>-91.40465101013356</yCenter>
    <size>17.85891176490279</size>
    <brightness>0.8848884961266033</brightness>
  </GaussSpec>
  <GaussSpec>
    <xCenter>-57.62787186656192</xCenter>
    <yCenter>-96.63170343160405</yCenter>
    <size>17.089330588660815</size>
    <brightness>0.3958681935727639</brightness>
  </GaussSpec>
  <GaussSpec>
    <xCenter>47.54705800071875</xCenter>
    <yCenter>90.53827703340002</yCenter>
    <size>7.194875782061969</size>
    <brightness>0.8586610993169748</brightness>
  </GaussSpec>
  <GaussSpec>
    <xCenter>86.58062873876389</xCenter>
    <yCenter>108.76729926998013</yCenter>
    <size>13.764171739567495</size>
    <brightness>0.3162049244381291</brightness>
  </GaussSpec>
  <GaussSpec>
    <xCenter>94.3514764636505</xCenter>
    <yCenter>-75.97623021392272</yCenter>
    <size>5.875351709471809</size>
    <brightness>0.7731884123101895</brightness>
  </GaussSpec>
  <GaussSpec>
    <xCenter>143.2492444123855</xCenter>
    <yCenter>95.36710603806486</yCenter>
    <size>5.166698549090017</size>
    <brightness>0.39132894884129843</brightness>
  </GaussSpec>
  <GaussSpec>
    <xCenter>-104.05096857302328</xCenter>
    <yCenter>124.08653295159138</yCenter>
    <size>10.155005692019468</size>
    <brightness>0.8697961128767646</brightness>
  </GaussSpec>
  <GaussSpec>
    <xCenter>90.19102943420154</xCenter>
    <yCenter>-86.83609777170972</yCenter>
    <size>8.412854426907776</size>
    <brightness>0.11533428603535889</brightness>
  </GaussSpec>
  <GaussSpec>
    <xCenter>116.34585248085085</xCenter>
    <yCenter>17.00974626006436</yCenter>
    <size>14.991515835601707</size>
    <brightness>0.26930157152179657</brightness>
  </GaussSpec>
  <GaussSpec>
    <xCenter>104.98441940454535</xCenter>
    <yCenter>-134.88152114932754</yCenter>
    <size>8.42516209207962</size>
    <brightness>0.5280567346374015</brightness>
  </GaussSpec>
  <GaussSpec>
    <xCenter>-109.49608554898552</xCenter>
    <yCenter>-67.3785361867866</yCenter>
    <size>6.916322640205048</size>
    <brightness>0.2586380668251853</brightness>
  </GaussSpec>
  <GaussSpec>
    <xCenter>-123.90875874942361</xCenter>
    <yCenter>-142.77803823039608</yCenter>
    <size>16.69737041395973</size>
    <brightness>0.5450051931226804</brightness>
  </GaussSpec>
  <GaussSpec>
    <xCenter>53.128824849774446</xCenter>
    <yCenter>127.36212458206836</yCenter>
    <size>5.31586129975244</size>
    <brightness>0.492949665426226</brightness>
  </GaussSpec>
  <GaussSpec>
    <xCenter>-123.19658259341995</xCenter>
    <yCenter>-120.03772438483587</yCenter>
    <size>16.796167792642187</size>
    <brightness>0.8386334134692864</brightness>
  </GaussSpec>
  <GaussSpec>
    <xCenter>-10.566428081978614</xCenter>
    <yCenter>103.58952009605048</yCenter>
    <size>18.105326556721757</size>
    <brightness>0.7335931842464267</brightness>
  </GaussSpec>
  <GaussSpec>
    <xCenter>-27.637385651495237</xCenter>
    <yCenter>87.63547861893832</yCenter>
    <size>6.857747175370403</size>
    <brightness>0.030410172668387747</brightness>
  </GaussSpec>
  <GaussSpec>
    <xCenter>-94.585084931772</xCenter>
    <yCenter>-5.712063692194249</yCenter>
    <size>18.191204744388564</size>
    <brightness>0.02188740747218798</brightness>
  </GaussSpec>
  <GaussSpec>
    <xCenter>-17.420924936753835</xCenter>
    <yCenter>103.24317542647896</yCenter>
    <size>10.19951924532802</size>
    <brightness>0.21176759841441972</brightness>
  </GaussSpec>
  <GaussSpec>
    <xCenter>-178.09394455834354</xCenter>
    <yCenter>88.1414849276963</yCenter>
    <size>14.978579362669551</size>
    <brightness>0.8323998867830444</brightness>
  </GaussSpec>
  <GaussSpec>
    <xCenter>-132.89946229898737</xCenter>
    <yCenter>18.41919199765391</yCenter>
    <size>14.312146894502552</size>
    <brightness>0.4076494895295616</brightness>
  </GaussSpec>
  <GaussSpec>
    <xCenter>98.76854490857136</xCenter>
    <yCenter>33.67022197899277</yCenter>
    <size>14.178085576291492</size>
    <brightness>0.9249302569063738</brightness>
  </GaussSpec>
  <GaussSpec>
    <xCenter>97.386858253777</xCenter>
    <yCenter>33.94365403237296</yCenter>
    <size>5.920482151014795</size>
    <brightness>0.7760915081809449</brightness>
  </GaussSpec>
  <GaussSpec>
    <xCenter>-111.34750569340599</xCenter>
    <yCenter>-73.23241206699507</yCenter>
    <size>13.567796201180109</size>
    <brightness>0.4240682921417068</brightness>
  </GaussSpec>
  <GaussSpec>
    <xCenter>39.36340095817451</xCenter>
    <yCenter>-150.14544836809233</yCenter>
    <size>11.303308581477063</size>
    <brightness>0.45075916413556916</brightness>
  </GaussSpec>
  <GaussSpec>
    <xCenter>107.6074850610122</xCenter>
    <yCenter>20.13878315095363</yCenter>
    <size>12.831263618889778</size>
    <brightness>0.42648336149556343</brightness>
  </GaussSpec>
  <GaussSpec>
    <xCenter>196.99573307468148</xCenter>
    <yCenter>65.45108576979578</yCenter>
    <size>16.115398557331893</size>
    <brightness>0.9694402111505185</brightness>
  </GaussSpec>
  <GaussSpec>
    <xCenter>174.18657307630076</xCenter>
    <yCenter>148.83026192669467</yCenter>
    <size>14.585614044388716</size>
    <brightness>0.30058128710246956</brightness>
  </GaussSpec>
  <GaussSpec>
    <xCenter>64.02715874593645</xCenter>
    <yCenter>-12.43210171708128</yCenter>
    <size>12.731685093100154</size>
    <brightness>0.07105446501573354</brightness>
  </GaussSpec>
  <GaussSpec>
    <xCenter>-75.39493090421858</xCenter>
    <yCenter>-139.57116819663057</yCenter>
    <size>17.64807522101824</size>
    <brightness>0.726514776204018</brightness>
  </GaussSpec>
  <GaussSpec>
    <xCenter>-133.3998967901688</xCenter>
    <yCenter>43.000151766683615</yCenter>
    <size>12.91851821823542</size>
    <brightness>0.028191574209645687</brightness>
  </GaussSpec>
  <GaussSpec>
    <xCenter>-58.671238802666096</xCenter>
    <yCenter>-60.833351752061574</yCenter>
    <size>12.492238796769504</size>
    <brightness>0.1904466100235035</brightness>
  </GaussSpec>
  <GaussSpec>
    <xCenter>-119.10822138155355</xCenter>
    <yCenter>73.65885139651553</yCenter>
    <size>13.998708100362569</size>
    <brightness>0.7663081249757314</brightness>
  </GaussSpec>
  <GaussSpec>
    <xCenter>-169.40706077548265</xCenter>
    <yCenter>57.44496082630235</yCenter>
    <size>8.863241720852606</size>
    <brightness>0.9324039035256239</brightness>
  </GaussSpec>
  <GaussSpec>
    <xCenter>16.89473229712371</xCenter>
    <yCenter>-84.08191066208565</yCenter>
    <size>9.6761248878745</size>
    <brightness>0.028093540560447217</brightness>
  </GaussSpec>
  <GaussSpec>
    <xCenter>23.409378387615362</xCenter>
    <yCenter>55.07487921101668</yCenter>
    <size>17.247904673730602</size>
    <brightness>0.4068538151571818</brightness>
  </GaussSpec>
  <GaussSpec>
    <xCenter>-134.5073331982859</xCenter>
    <yCenter>-32.44660791354411</yCenter>
    <size>17.439456633631565</size>
    <brightness>0.2648582412356515</brightness>
  </GaussSpec>
  <GaussSpec>
    <xCenter>148.23331016261443</xCenter>
    <yCenter>-53.58909627525816</yCenter>
    <size>5.867313647413033</size>
    <brightness>0.8728534183311226</brightness>
  </GaussSpec>
  <GaussSpec>
    <xCenter>112.91862140718337</xCenter>
    <yCenter>150.6259223004949</yCenter>
    <size>11.555644632125226</size>
    <brightness>0.8406242918533522</brightness>
  </GaussSpec>
  <GaussSpec>
    <xCenter>-184.88381435194202</xCenter>
    <yCenter>-84.7643316040242</yCenter>
    <size>18.38282537322577</size>
    <brightness>0.5691532850497846</brightness>
  </GaussSpec>
  <GaussSpec>
    <xCenter>69.69964482698214</xCenter>
    <yCenter>-42.71232523860337</yCenter>
    <size>13.438227522636668</size>
    <brightness>0.36193479186455446</brightness>
  </GaussSpec>
  <GaussSpec>
    <xCenter>126.00037734755301</xCenter>
    <yCenter>10.50019081211829</yCenter>
    <size>12.099107866803147</size>
    <brightness>0.729412735936686</brightness>
  </GaussSpec>
  <GaussSpec>
    <xCenter>-39.67651606094856</xCenter>
    <yCenter>-65.91605156135464</yCenter>
    <size>14.174224449295792</size>
    <brightness>0.6951175412483411</brightness>
  </GaussSpec>
  <GaussSpec>
    <xCenter>-142.54736307113313</xCenter>
    <yCenter>-45.37982518311868</yCenter>
    <size>10.13098911396484</size>
    <brightness>0.5446223781056796</brightness>
  </GaussSpec>
  <GaussSpec>
    <xCenter>-70.17260095070887</xCenter>
    <yCenter>73.31601428031198</yCenter>
    <size>18.218562726095605</size>
    <brightness>0.8844449826831015</brightness>
  </GaussSpec>
  <GaussSpec>
    <xCenter>136.02251395963344</xCenter>
    <yCenter>117.91802468739087</yCenter>
    <size>7.2500551293075794</size>
    <brightness>0.44347212611180153</brightness>
  </GaussSpec>
  <GaussSpec>
    <xCenter>148.89715056805136</xCenter>
    <yCenter>34.028909082052365</yCenter>
    <size>6.433715539858875</size>
    <brightness>0.8326024382090151</brightness>
  </GaussSpec>
  <GaussSpec>
    <xCenter>-83.98648556420659</xCenter>
    <yCenter>-123.82201288056532</yCenter>
    <size>12.827956354502415</size>
    <brightness>0.16275488864931875</brightness>
  </GaussSpec>
  <GaussSpec>
    <xCenter>18.211683537744165</xCenter>
    <yCenter>116.31799268446696</yCenter>
    <size>16.84399571979576</size>
    <brightness>0.27635817248168626</brightness>
  </GaussSpec>
  <GaussSpec>
    <xCenter>166.16851443524172</xCenter>
    <yCenter>86.41127220550086</yCenter>
    <size>9.174768046870394</size>
    <brightness>0.551059592984103</brightness>
  </GaussSpec>
  <GaussSpec>
    <xCenter>-34.16601000353461</xCenter>
    <yCenter>99.97761845404187</yCenter>
    <size>8.131510677639998</size>
    <brightness>0.9970642130514324</brightness>
  </GaussSpec>
  <GaussSpec>
    <xCenter>47.35259020277127</xCenter>
    <yCenter>96.8789570919298</yCenter>
    <size>12.793150803826883</size>
    <brightness>0.9485736152158566</brightness>
  </GaussSpec>
  <GaussSpec>
    <xCenter>-189.57624152772974</xCenter>
    <yCenter>-120.77438344660597</yCenter>
    <size>16.324009124270635</size>
    <brightness>0.2894562309045646</brightness>
  </GaussSpec>
  <GaussSpec>
    <xCenter>-130.95738895489018</xCenter>
    <yCenter>-138.82192116362037</yCenter>
    <size>9.348878106182509</size>
    <brightness>0.10664360047911914</brightness>
  </GaussSpec>
  <GaussSpec>
    <xCenter>94.79208775859121</xCenter>
    <yCenter>126.79774980055072</yCenter>
    <size>15.925251587958092</size>
    <brightness>0.8237100378184558</brightness>
  </GaussSpec>
  <GaussSpec>
    <xCenter>192.14614213975744</xCenter>
    <yCenter>73.54292127495751</yCenter>
    <size>7.164133639333709</size>
    <brightness>0.9982656425048204</brightness>
  </GaussSpec>
</list>