<?xml version="1.0" encoding="UTF-8" standalone="no"?><list>
  <VisualTrial>
    <gaussSpec>
      <xCenter>3.180002317136605</xCenter>
      <yCenter>-57.38419950204704</yCenter>
      <size>5.0</size>
      <brightness>0.5990955034028651</brightness>
    </gaussSpec>
    <targetEyeWinCoords>
      <x>3.180002317136605</x>
      <y>-57.38419950204704</y>
    </targetEyeWinCoords>
    <targetEyeWinSize>10.0</targetEyeWinSize>
    <duration>1074.346608454401</duration>
    <data>random</data>
  </VisualTrial>
  <VisualTrial>
    <gaussSpec>
      <xCenter>10.095276608603843</xCenter>
      <yCenter>-0.8060920678239825</yCenter>
      <size>5.0</size>
      <brightness>0.8555242768572814</brightness>
    </gaussSpec>
    <targetEyeWinCoords>
      <x>10.095276608603843</x>
      <y>-0.8060920678239825</y>
    </targetEyeWinCoords>
    <targetEyeWinSize>10.0</targetEyeWinSize>
    <duration>1457.6756612608488</duration>
    <data>random</data>
  </VisualTrial>
  <VisualTrial>
    <gaussSpec>
      <xCenter>13.747847490133292</xCenter>
      <yCenter>88.81364235915285</yCenter>
      <size>5.0</size>
      <brightness>0.09265447103292679</brightness>
    </gaussSpec>
    <targetEyeWinCoords>
      <x>13.747847490133292</x>
      <y>88.81364235915285</y>
    </targetEyeWinCoords>
    <targetEyeWinSize>10.0</targetEyeWinSize>
    <duration>1072.083374127149</duration>
    <data>random</data>
  </VisualTrial>
  <VisualTrial>
    <gaussSpec>
      <xCenter>-14.70141690880801</xCenter>
      <yCenter>76.00825913847177</yCenter>
      <size>5.0</size>
      <brightness>0.17936968639129258</brightness>
    </gaussSpec>
    <targetEyeWinCoords>
      <x>-14.70141690880801</x>
      <y>76.00825913847177</y>
    </targetEyeWinCoords>
    <targetEyeWinSize>10.0</targetEyeWinSize>
    <duration>1101.3645159808027</duration>
    <data>random</data>
  </VisualTrial>
  <VisualTrial>
    <gaussSpec>
      <xCenter>7.294832066794108</xCenter>
      <yCenter>-40.0304012776639</yCenter>
      <size>5.0</size>
      <brightness>0.6211362669687044</brightness>
    </gaussSpec>
    <targetEyeWinCoords>
      <x>7.294832066794108</x>
      <y>-40.0304012776639</y>
    </targetEyeWinCoords>
    <targetEyeWinSize>10.0</targetEyeWinSize>
    <duration>1584.179945809377</duration>
    <data>random</data>
  </VisualTrial>
  <VisualTrial>
    <gaussSpec>
      <xCenter>7.29431892371726</xCenter>
      <yCenter>-37.44207630204802</yCenter>
      <size>5.0</size>
      <brightness>0.35895316460105564</brightness>
    </gaussSpec>
    <targetEyeWinCoords>
      <x>7.29431892371726</x>
      <y>-37.44207630204802</y>
    </targetEyeWinCoords>
    <targetEyeWinSize>10.0</targetEyeWinSize>
    <duration>1163.5375262479674</duration>
    <data>random</data>
  </VisualTrial>
  <VisualTrial>
    <gaussSpec>
      <xCenter>-5.384909769207088</xCenter>
      <yCenter>-83.2704119403386</yCenter>
      <size>5.0</size>
      <brightness>0.8964597442754902</brightness>
    </gaussSpec>
    <targetEyeWinCoords>
      <x>-5.384909769207088</x>
      <y>-83.2704119403386</y>
    </targetEyeWinCoords>
    <targetEyeWinSize>10.0</targetEyeWinSize>
    <duration>1013.7174342005993</duration>
    <data>random</data>
  </VisualTrial>
  <VisualTrial>
    <gaussSpec>
      <xCenter>13.4015591570173</xCenter>
      <yCenter>91.61606794576701</yCenter>
      <size>5.0</size>
      <brightness>0.24149145528811766</brightness>
    </gaussSpec>
    <targetEyeWinCoords>
      <x>13.4015591570173</x>
      <y>91.61606794576701</y>
    </targetEyeWinCoords>
    <targetEyeWinSize>10.0</targetEyeWinSize>
    <duration>1281.6033368624066</duration>
    <data>random</data>
  </VisualTrial>
  <VisualTrial>
    <gaussSpec>
      <xCenter>-16.068037903738585</xCenter>
      <yCenter>-93.1710269417692</yCenter>
      <size>5.0</size>
      <brightness>0.663986063299343</brightness>
    </gaussSpec>
    <targetEyeWinCoords>
      <x>-16.068037903738585</x>
      <y>-93.1710269417692</y>
    </targetEyeWinCoords>
    <targetEyeWinSize>10.0</targetEyeWinSize>
    <duration>1057.0687152785838</duration>
    <data>random</data>
  </VisualTrial>
  <VisualTrial>
    <gaussSpec>
      <xCenter>-5.704198762625666</xCenter>
      <yCenter>26.46605398189348</yCenter>
      <size>5.0</size>
      <brightness>0.26712664588273305</brightness>
    </gaussSpec>
    <targetEyeWinCoords>
      <x>-5.704198762625666</x>
      <y>26.46605398189348</y>
    </targetEyeWinCoords>
    <targetEyeWinSize>10.0</targetEyeWinSize>
    <duration>1364.966215977059</duration>
    <data>random</data>
  </VisualTrial>
  <VisualTrial>
    <gaussSpec>
      <xCenter>5.199770800197776</xCenter>
      <yCenter>-140.76624710706662</yCenter>
      <size>5.0</size>
      <brightness>0.7871948038582461</brightness>
    </gaussSpec>
    <targetEyeWinCoords>
      <x>5.199770800197776</x>
      <y>-140.76624710706662</y>
    </targetEyeWinCoords>
    <targetEyeWinSize>10.0</targetEyeWinSize>
    <duration>1415.0005201858762</duration>
    <data>random</data>
  </VisualTrial>
  <VisualTrial>
    <gaussSpec>
      <xCenter>-1.7318653364151189</xCenter>
      <yCenter>-27.169180854405838</yCenter>
      <size>5.0</size>
      <brightness>0.4450408483391808</brightness>
    </gaussSpec>
    <targetEyeWinCoords>
      <x>-1.7318653364151189</x>
      <y>-27.169180854405838</y>
    </targetEyeWinCoords>
    <targetEyeWinSize>10.0</targetEyeWinSize>
    <duration>1671.4614308555967</duration>
    <data>random</data>
  </VisualTrial>
  <VisualTrial>
    <gaussSpec>
      <xCenter>2.152506040877526</xCenter>
      <yCenter>5.221839125212142</yCenter>
      <size>5.0</size>
      <brightness>0.7271923750091157</brightness>
    </gaussSpec>
    <targetEyeWinCoords>
      <x>2.152506040877526</x>
      <y>5.221839125212142</y>
    </targetEyeWinCoords>
    <targetEyeWinSize>10.0</targetEyeWinSize>
    <duration>1285.6535161238185</duration>
    <data>random</data>
  </VisualTrial>
  <VisualTrial>
    <gaussSpec>
      <xCenter>-15.715272250563412</xCenter>
      <yCenter>-13.814956448763951</yCenter>
      <size>5.0</size>
      <brightness>0.2456952442082715</brightness>
    </gaussSpec>
    <targetEyeWinCoords>
      <x>-15.715272250563412</x>
      <y>-13.814956448763951</y>
    </targetEyeWinCoords>
    <targetEyeWinSize>10.0</targetEyeWinSize>
    <duration>1092.9847238864882</duration>
    <data>random</data>
  </VisualTrial>
  <VisualTrial>
    <gaussSpec>
      <xCenter>-2.340282126306718</xCenter>
      <yCenter>129.23458389836065</yCenter>
      <size>5.0</size>
      <brightness>0.022184021731515458</brightness>
    </gaussSpec>
    <targetEyeWinCoords>
      <x>-2.340282126306718</x>
      <y>129.23458389836065</y>
    </targetEyeWinCoords>
    <targetEyeWinSize>10.0</targetEyeWinSize>
    <duration>1511.0854118509378</duration>
    <data>random</data>
  </VisualTrial>
  <VisualTrial>
    <gaussSpec>
      <xCenter>0.6009761361962944</xCenter>
      <yCenter>-92.9244386856025</yCenter>
      <size>5.0</size>
      <brightness>0.28509341686233824</brightness>
    </gaussSpec>
    <targetEyeWinCoords>
      <x>0.6009761361962944</x>
      <y>-92.9244386856025</y>
    </targetEyeWinCoords>
    <targetEyeWinSize>10.0</targetEyeWinSize>
    <duration>1625.9051931085426</duration>
    <data>random</data>
  </VisualTrial>
  <VisualTrial>
    <gaussSpec>
      <xCenter>-8.035481750349549</xCenter>
      <yCenter>-119.5616045396097</yCenter>
      <size>5.0</size>
      <brightness>0.09728037759729102</brightness>
    </gaussSpec>
    <targetEyeWinCoords>
      <x>-8.035481750349549</x>
      <y>-119.5616045396097</y>
    </targetEyeWinCoords>
    <targetEyeWinSize>10.0</targetEyeWinSize>
    <duration>1746.3310561509916</duration>
    <data>random</data>
  </VisualTrial>
  <VisualTrial>
    <gaussSpec>
      <xCenter>15.734925971134412</xCenter>
      <yCenter>-51.480766934669234</yCenter>
      <size>5.0</size>
      <brightness>0.022900604542171688</brightness>
    </gaussSpec>
    <targetEyeWinCoords>
      <x>15.734925971134412</x>
      <y>-51.480766934669234</y>
    </targetEyeWinCoords>
    <targetEyeWinSize>10.0</targetEyeWinSize>
    <duration>1342.0640733895686</duration>
    <data>random</data>
  </VisualTrial>
  <VisualTrial>
    <gaussSpec>
      <xCenter>-15.00643084875093</xCenter>
      <yCenter>44.7201129566524</yCenter>
      <size>5.0</size>
      <brightness>0.15582435288038954</brightness>
    </gaussSpec>
    <targetEyeWinCoords>
      <x>-15.00643084875093</x>
      <y>44.7201129566524</y>
    </targetEyeWinCoords>
    <targetEyeWinSize>10.0</targetEyeWinSize>
    <duration>1500.0335003938203</duration>
    <data>random</data>
  </VisualTrial>
  <VisualTrial>
    <gaussSpec>
      <xCenter>-5.637119382178762</xCenter>
      <yCenter>39.164023488475976</yCenter>
      <size>5.0</size>
      <brightness>0.9476287024181255</brightness>
    </gaussSpec>
    <targetEyeWinCoords>
      <x>-5.637119382178762</x>
      <y>39.164023488475976</y>
    </targetEyeWinCoords>
    <targetEyeWinSize>10.0</targetEyeWinSize>
    <duration>1597.2615849521012</duration>
    <data>random</data>
  </VisualTrial>
  <VisualTrial>
    <gaussSpec>
      <xCenter>4.763795777605107</xCenter>
      <yCenter>55.513255280202344</yCenter>
      <size>5.0</size>
      <brightness>0.12570082311633146</brightness>
    </gaussSpec>
    <targetEyeWinCoords>
      <x>4.763795777605107</x>
      <y>55.513255280202344</y>
    </targetEyeWinCoords>
    <targetEyeWinSize>10.0</targetEyeWinSize>
    <duration>1175.809460436297</duration>
    <data>random</data>
  </VisualTrial>
  <VisualTrial>
    <gaussSpec>
      <xCenter>5.189137314372974</xCenter>
      <yCenter>75.63453461803314</yCenter>
      <size>5.0</size>
      <brightness>0.01382342214533161</brightness>
    </gaussSpec>
    <targetEyeWinCoords>
      <x>5.189137314372974</x>
      <y>75.63453461803314</y>
    </targetEyeWinCoords>
    <targetEyeWinSize>10.0</targetEyeWinSize>
    <duration>1938.0139156195778</duration>
    <data>random</data>
  </VisualTrial>
  <VisualTrial>
    <gaussSpec>
      <xCenter>-9.563284460266331</xCenter>
      <yCenter>22.491701417319973</yCenter>
      <size>5.0</size>
      <brightness>0.6513064820442291</brightness>
    </gaussSpec>
    <targetEyeWinCoords>
      <x>-9.563284460266331</x>
      <y>22.491701417319973</y>
    </targetEyeWinCoords>
    <targetEyeWinSize>10.0</targetEyeWinSize>
    <duration>1538.9663775443712</duration>
    <data>random</data>
  </VisualTrial>
  <VisualTrial>
    <gaussSpec>
      <xCenter>8.244069726957004</xCenter>
      <yCenter>109.41543903712716</yCenter>
      <size>5.0</size>
      <brightness>0.6666525602332043</brightness>
    </gaussSpec>
    <targetEyeWinCoords>
      <x>8.244069726957004</x>
      <y>109.41543903712716</y>
    </targetEyeWinCoords>
    <targetEyeWinSize>10.0</targetEyeWinSize>
    <duration>1810.6013092680178</duration>
    <data>random</data>
  </VisualTrial>
  <VisualTrial>
    <gaussSpec>
      <xCenter>6.510295112609995</xCenter>
      <yCenter>-82.51299717877988</yCenter>
      <size>5.0</size>
      <brightness>0.023782695223022787</brightness>
    </gaussSpec>
    <targetEyeWinCoords>
      <x>6.510295112609995</x>
      <y>-82.51299717877988</y>
    </targetEyeWinCoords>
    <targetEyeWinSize>10.0</targetEyeWinSize>
    <duration>1861.0615297796912</duration>
    <data>random</data>
  </VisualTrial>
  <VisualTrial>
    <gaussSpec>
      <xCenter>2.252024951092956</xCenter>
      <yCenter>41.122181901192334</yCenter>
      <size>5.0</size>
      <brightness>0.47947154870093567</brightness>
    </gaussSpec>
    <targetEyeWinCoords>
      <x>2.252024951092956</x>
      <y>41.122181901192334</y>
    </targetEyeWinCoords>
    <targetEyeWinSize>10.0</targetEyeWinSize>
    <duration>1302.1346214634432</duration>
    <data>random</data>
  </VisualTrial>
  <VisualTrial>
    <gaussSpec>
      <xCenter>-13.41995524539863</xCenter>
      <yCenter>-3.8053435179106145</yCenter>
      <size>5.0</size>
      <brightness>0.17887778544032062</brightness>
    </gaussSpec>
    <targetEyeWinCoords>
      <x>-13.41995524539863</x>
      <y>-3.8053435179106145</y>
    </targetEyeWinCoords>
    <targetEyeWinSize>10.0</targetEyeWinSize>
    <duration>1506.8084134306428</duration>
    <data>random</data>
  </VisualTrial>
  <VisualTrial>
    <gaussSpec>
      <xCenter>2.452697639436682</xCenter>
      <yCenter>-59.075872057092226</yCenter>
      <size>5.0</size>
      <brightness>0.7502701112672432</brightness>
    </gaussSpec>
    <targetEyeWinCoords>
      <x>2.452697639436682</x>
      <y>-59.075872057092226</y>
    </targetEyeWinCoords>
    <targetEyeWinSize>10.0</targetEyeWinSize>
    <duration>1564.2747397807752</duration>
    <data>random</data>
  </VisualTrial>
  <VisualTrial>
    <gaussSpec>
      <xCenter>7.485639842055587</xCenter>
      <yCenter>97.16261189371306</yCenter>
      <size>5.0</size>
      <brightness>0.01144817297229861</brightness>
    </gaussSpec>
    <targetEyeWinCoords>
      <x>7.485639842055587</x>
      <y>97.16261189371306</y>
    </targetEyeWinCoords>
    <targetEyeWinSize>10.0</targetEyeWinSize>
    <duration>1987.4401093208721</duration>
    <data>random</data>
  </VisualTrial>
  <VisualTrial>
    <gaussSpec>
      <xCenter>2.4603678868899763</xCenter>
      <yCenter>120.15966961706516</yCenter>
      <size>5.0</size>
      <brightness>0.624172685771492</brightness>
    </gaussSpec>
    <targetEyeWinCoords>
      <x>2.4603678868899763</x>
      <y>120.15966961706516</y>
    </targetEyeWinCoords>
    <targetEyeWinSize>10.0</targetEyeWinSize>
    <duration>1493.8873742127053</duration>
    <data>random</data>
  </VisualTrial>
  <VisualTrial>
    <gaussSpec>
      <xCenter>10.379773544485555</xCenter>
      <yCenter>-37.42352910488354</yCenter>
      <size>5.0</size>
      <brightness>0.5667918544458368</brightness>
    </gaussSpec>
    <targetEyeWinCoords>
      <x>10.379773544485555</x>
      <y>-37.42352910488354</y>
    </targetEyeWinCoords>
    <targetEyeWinSize>10.0</targetEyeWinSize>
    <duration>1004.1749077293786</duration>
    <data>random</data>
  </VisualTrial>
  <VisualTrial>
    <gaussSpec>
      <xCenter>7.452512965450008</xCenter>
      <yCenter>56.54850099379183</yCenter>
      <size>5.0</size>
      <brightness>0.19733142464826936</brightness>
    </gaussSpec>
    <targetEyeWinCoords>
      <x>7.452512965450008</x>
      <y>56.54850099379183</y>
    </targetEyeWinCoords>
    <targetEyeWinSize>10.0</targetEyeWinSize>
    <duration>1035.35789379761</duration>
    <data>random</data>
  </VisualTrial>
  <VisualTrial>
    <gaussSpec>
      <xCenter>-1.0851208301671083</xCenter>
      <yCenter>-110.42042388906341</yCenter>
      <size>5.0</size>
      <brightness>0.9701783450341069</brightness>
    </gaussSpec>
    <targetEyeWinCoords>
      <x>-1.0851208301671083</x>
      <y>-110.42042388906341</y>
    </targetEyeWinCoords>
    <targetEyeWinSize>10.0</targetEyeWinSize>
    <duration>1630.630111922072</duration>
    <data>random</data>
  </VisualTrial>
  <VisualTrial>
    <gaussSpec>
      <xCenter>-9.56300101505661</xCenter>
      <yCenter>26.78869674355741</yCenter>
      <size>5.0</size>
      <brightness>0.8581869100362145</brightness>
    </gaussSpec>
    <targetEyeWinCoords>
      <x>-9.56300101505661</x>
      <y>26.78869674355741</y>
    </targetEyeWinCoords>
    <targetEyeWinSize>10.0</targetEyeWinSize>
    <duration>1874.1615301699278</duration>
    <data>random</data>
  </VisualTrial>
  <VisualTrial>
    <gaussSpec>
      <xCenter>2.6245337935356794</xCenter>
      <yCenter>-41.24092125739246</yCenter>
      <size>5.0</size>
      <brightness>0.33530816013273446</brightness>
    </gaussSpec>
    <targetEyeWinCoords>
      <x>2.6245337935356794</x>
      <y>-41.24092125739246</y>
    </targetEyeWinCoords>
    <targetEyeWinSize>10.0</targetEyeWinSize>
    <duration>1591.4566043990085</duration>
    <data>random</data>
  </VisualTrial>
  <VisualTrial>
    <gaussSpec>
      <xCenter>2.9893363269145574</xCenter>
      <yCenter>144.85205972978565</yCenter>
      <size>5.0</size>
      <brightness>0.5989553071150702</brightness>
    </gaussSpec>
    <targetEyeWinCoords>
      <x>2.9893363269145574</x>
      <y>144.85205972978565</y>
    </targetEyeWinCoords>
    <targetEyeWinSize>10.0</targetEyeWinSize>
    <duration>1901.957426086581</duration>
    <data>random</data>
  </VisualTrial>
  <VisualTrial>
    <gaussSpec>
      <xCenter>-15.661789697473184</xCenter>
      <yCenter>58.201129307579635</yCenter>
      <size>5.0</size>
      <brightness>0.9891972623719658</brightness>
    </gaussSpec>
    <targetEyeWinCoords>
      <x>-15.661789697473184</x>
      <y>58.201129307579635</y>
    </targetEyeWinCoords>
    <targetEyeWinSize>10.0</targetEyeWinSize>
    <duration>1988.4868413352533</duration>
    <data>random</data>
  </VisualTrial>
  <VisualTrial>
    <gaussSpec>
      <xCenter>0.4138072842302485</xCenter>
      <yCenter>67.5563402154794</yCenter>
      <size>5.0</size>
      <brightness>0.2704625097144201</brightness>
    </gaussSpec>
    <targetEyeWinCoords>
      <x>0.4138072842302485</x>
      <y>67.5563402154794</y>
    </targetEyeWinCoords>
    <targetEyeWinSize>10.0</targetEyeWinSize>
    <duration>1523.2432780830673</duration>
    <data>random</data>
  </VisualTrial>
  <VisualTrial>
    <gaussSpec>
      <xCenter>6.325515236443309</xCenter>
      <yCenter>37.298208181302044</yCenter>
      <size>5.0</size>
      <brightness>0.24094229849010795</brightness>
    </gaussSpec>
    <targetEyeWinCoords>
      <x>6.325515236443309</x>
      <y>37.298208181302044</y>
    </targetEyeWinCoords>
    <targetEyeWinSize>10.0</targetEyeWinSize>
    <duration>1039.023322430664</duration>
    <data>random</data>
  </VisualTrial>
  <VisualTrial>
    <gaussSpec>
      <xCenter>9.861665784895386</xCenter>
      <yCenter>-26.56342025165577</yCenter>
      <size>5.0</size>
      <brightness>0.6960283659040891</brightness>
    </gaussSpec>
    <targetEyeWinCoords>
      <x>9.861665784895386</x>
      <y>-26.56342025165577</y>
    </targetEyeWinCoords>
    <targetEyeWinSize>10.0</targetEyeWinSize>
    <duration>1355.622206971988</duration>
    <data>random</data>
  </VisualTrial>
  <VisualTrial>
    <gaussSpec>
      <xCenter>13.231193064205353</xCenter>
      <yCenter>-56.65214703923266</yCenter>
      <size>5.0</size>
      <brightness>0.06267238314447321</brightness>
    </gaussSpec>
    <targetEyeWinCoords>
      <x>13.231193064205353</x>
      <y>-56.65214703923266</y>
    </targetEyeWinCoords>
    <targetEyeWinSize>10.0</targetEyeWinSize>
    <duration>1509.6090426250364</duration>
    <data>random</data>
  </VisualTrial>
  <VisualTrial>
    <gaussSpec>
      <xCenter>-15.71039076483401</xCenter>
      <yCenter>-10.516474232971007</yCenter>
      <size>5.0</size>
      <brightness>0.9029939154865827</brightness>
    </gaussSpec>
    <targetEyeWinCoords>
      <x>-15.71039076483401</x>
      <y>-10.516474232971007</y>
    </targetEyeWinCoords>
    <targetEyeWinSize>10.0</targetEyeWinSize>
    <duration>1896.0763948699146</duration>
    <data>random</data>
  </VisualTrial>
  <VisualTrial>
    <gaussSpec>
      <xCenter>14.309640203750966</xCenter>
      <yCenter>-97.85878447393637</yCenter>
      <size>5.0</size>
      <brightness>0.4053476243886519</brightness>
    </gaussSpec>
    <targetEyeWinCoords>
      <x>14.309640203750966</x>
      <y>-97.85878447393637</y>
    </targetEyeWinCoords>
    <targetEyeWinSize>10.0</targetEyeWinSize>
    <duration>1284.202687250181</duration>
    <data>random</data>
  </VisualTrial>
  <VisualTrial>
    <gaussSpec>
      <xCenter>-14.340312498959698</xCenter>
      <yCenter>70.44955870183904</yCenter>
      <size>5.0</size>
      <brightness>0.07490405416754198</brightness>
    </gaussSpec>
    <targetEyeWinCoords>
      <x>-14.340312498959698</x>
      <y>70.44955870183904</y>
    </targetEyeWinCoords>
    <targetEyeWinSize>10.0</targetEyeWinSize>
    <duration>1945.052656959832</duration>
    <data>random</data>
  </VisualTrial>
  <VisualTrial>
    <gaussSpec>
      <xCenter>-10.9908348398378</xCenter>
      <yCenter>-50.04106702745763</yCenter>
      <size>5.0</size>
      <brightness>0.7249523231012683</brightness>
    </gaussSpec>
    <targetEyeWinCoords>
      <x>-10.9908348398378</x>
      <y>-50.04106702745763</y>
    </targetEyeWinCoords>
    <targetEyeWinSize>10.0</targetEyeWinSize>
    <duration>1379.6764307970413</duration>
    <data>random</data>
  </VisualTrial>
  <VisualTrial>
    <gaussSpec>
      <xCenter>-9.513422670536222</xCenter>
      <yCenter>16.231225419804417</yCenter>
      <size>5.0</size>
      <brightness>0.31666573330795733</brightness>
    </gaussSpec>
    <targetEyeWinCoords>
      <x>-9.513422670536222</x>
      <y>16.231225419804417</y>
    </targetEyeWinCoords>
    <targetEyeWinSize>10.0</targetEyeWinSize>
    <duration>1648.7945607542827</duration>
    <data>random</data>
  </VisualTrial>
  <VisualTrial>
    <gaussSpec>
      <xCenter>7.5932335970233105</xCenter>
      <yCenter>8.02202703558126</yCenter>
      <size>5.0</size>
      <brightness>0.04802982570987724</brightness>
    </gaussSpec>
    <targetEyeWinCoords>
      <x>7.5932335970233105</x>
      <y>8.02202703558126</y>
    </targetEyeWinCoords>
    <targetEyeWinSize>10.0</targetEyeWinSize>
    <duration>1216.700647330599</duration>
    <data>random</data>
  </VisualTrial>
  <VisualTrial>
    <gaussSpec>
      <xCenter>1.454559096505573</xCenter>
      <yCenter>-115.30214488060726</yCenter>
      <size>5.0</size>
      <brightness>0.13998938925910898</brightness>
    </gaussSpec>
    <targetEyeWinCoords>
      <x>1.454559096505573</x>
      <y>-115.30214488060726</y>
    </targetEyeWinCoords>
    <targetEyeWinSize>10.0</targetEyeWinSize>
    <duration>1435.747638622769</duration>
    <data>random</data>
  </VisualTrial>
  <VisualTrial>
    <gaussSpec>
      <xCenter>12.982616693547879</xCenter>
      <yCenter>-140.14769801079888</yCenter>
      <size>5.0</size>
      <brightness>0.9206194818412893</brightness>
    </gaussSpec>
    <targetEyeWinCoords>
      <x>12.982616693547879</x>
      <y>-140.14769801079888</y>
    </targetEyeWinCoords>
    <targetEyeWinSize>10.0</targetEyeWinSize>
    <duration>1451.8833191308827</duration>
    <data>random</data>
  </VisualTrial>
  <VisualTrial>
    <gaussSpec>
      <xCenter>3.4797685127913134</xCenter>
      <yCenter>117.93311498643322</yCenter>
      <size>5.0</size>
      <brightness>0.2727066609614063</brightness>
    </gaussSpec>
    <targetEyeWinCoords>
      <x>3.4797685127913134</x>
      <y>117.93311498643322</y>
    </targetEyeWinCoords>
    <targetEyeWinSize>10.0</targetEyeWinSize>
    <duration>1195.5007854172836</duration>
    <data>random</data>
  </VisualTrial>
  <VisualTrial>
    <gaussSpec>
      <xCenter>10.94496341394234</xCenter>
      <yCenter>13.662693376028272</yCenter>
      <size>5.0</size>
      <brightness>0.07052397955835521</brightness>
    </gaussSpec>
    <targetEyeWinCoords>
      <x>10.94496341394234</x>
      <y>13.662693376028272</y>
    </targetEyeWinCoords>
    <targetEyeWinSize>10.0</targetEyeWinSize>
    <duration>1133.5016791163316</duration>
    <data>random</data>
  </VisualTrial>
  <VisualTrial>
    <gaussSpec>
      <xCenter>6.34189841954182</xCenter>
      <yCenter>-138.48346820308845</yCenter>
      <size>5.0</size>
      <brightness>0.7391317025188135</brightness>
    </gaussSpec>
    <targetEyeWinCoords>
      <x>6.34189841954182</x>
      <y>-138.48346820308845</y>
    </targetEyeWinCoords>
    <targetEyeWinSize>10.0</targetEyeWinSize>
    <duration>1513.237708146943</duration>
    <data>random</data>
  </VisualTrial>
  <VisualTrial>
    <gaussSpec>
      <xCenter>-1.7916586472941312</xCenter>
      <yCenter>139.71113664276515</yCenter>
      <size>5.0</size>
      <brightness>0.021649915710080347</brightness>
    </gaussSpec>
    <targetEyeWinCoords>
      <x>-1.7916586472941312</x>
      <y>139.71113664276515</y>
    </targetEyeWinCoords>
    <targetEyeWinSize>10.0</targetEyeWinSize>
    <duration>1059.255380071141</duration>
    <data>random</data>
  </VisualTrial>
  <VisualTrial>
    <gaussSpec>
      <xCenter>-1.1141284339571982</xCenter>
      <yCenter>-24.9231143412745</yCenter>
      <size>5.0</size>
      <brightness>0.29517488602354547</brightness>
    </gaussSpec>
    <targetEyeWinCoords>
      <x>-1.1141284339571982</x>
      <y>-24.9231143412745</y>
    </targetEyeWinCoords>
    <targetEyeWinSize>10.0</targetEyeWinSize>
    <duration>1930.1819851588252</duration>
    <data>random</data>
  </VisualTrial>
  <VisualTrial>
    <gaussSpec>
      <xCenter>-9.1915748399601</xCenter>
      <yCenter>36.05847475454934</yCenter>
      <size>5.0</size>
      <brightness>0.1505771722341629</brightness>
    </gaussSpec>
    <targetEyeWinCoords>
      <x>-9.1915748399601</x>
      <y>36.05847475454934</y>
    </targetEyeWinCoords>
    <targetEyeWinSize>10.0</targetEyeWinSize>
    <duration>1541.3249982184184</duration>
    <data>random</data>
  </VisualTrial>
  <VisualTrial>
    <gaussSpec>
      <xCenter>-2.717255068386798</xCenter>
      <yCenter>-52.442518596533844</yCenter>
      <size>5.0</size>
      <brightness>0.6536312170843622</brightness>
    </gaussSpec>
    <targetEyeWinCoords>
      <x>-2.717255068386798</x>
      <y>-52.442518596533844</y>
    </targetEyeWinCoords>
    <targetEyeWinSize>10.0</targetEyeWinSize>
    <duration>1523.0635686692156</duration>
    <data>random</data>
  </VisualTrial>
  <VisualTrial>
    <gaussSpec>
      <xCenter>-9.275367421540388</xCenter>
      <yCenter>-3.296846768087164</yCenter>
      <size>5.0</size>
      <brightness>0.8420715313371979</brightness>
    </gaussSpec>
    <targetEyeWinCoords>
      <x>-9.275367421540388</x>
      <y>-3.296846768087164</y>
    </targetEyeWinCoords>
    <targetEyeWinSize>10.0</targetEyeWinSize>
    <duration>1098.9827790535826</duration>
    <data>random</data>
  </VisualTrial>
  <VisualTrial>
    <gaussSpec>
      <xCenter>-10.150210547817988</xCenter>
      <yCenter>-143.83601702648778</yCenter>
      <size>5.0</size>
      <brightness>0.19240481396621456</brightness>
    </gaussSpec>
    <targetEyeWinCoords>
      <x>-10.150210547817988</x>
      <y>-143.83601702648778</y>
    </targetEyeWinCoords>
    <targetEyeWinSize>10.0</targetEyeWinSize>
    <duration>1028.2634947488127</duration>
    <data>random</data>
  </VisualTrial>
  <VisualTrial>
    <gaussSpec>
      <xCenter>1.8916329626520643</xCenter>
      <yCenter>-35.55133701277201</yCenter>
      <size>5.0</size>
      <brightness>0.5975194050994859</brightness>
    </gaussSpec>
    <targetEyeWinCoords>
      <x>1.8916329626520643</x>
      <y>-35.55133701277201</y>
    </targetEyeWinCoords>
    <targetEyeWinSize>10.0</targetEyeWinSize>
    <duration>1592.3494913030381</duration>
    <data>random</data>
  </VisualTrial>
  <VisualTrial>
    <gaussSpec>
      <xCenter>7.6663369691560135</xCenter>
      <yCenter>5.74182744752099</yCenter>
      <size>5.0</size>
      <brightness>0.7828358242807978</brightness>
    </gaussSpec>
    <targetEyeWinCoords>
      <x>7.6663369691560135</x>
      <y>5.74182744752099</y>
    </targetEyeWinCoords>
    <targetEyeWinSize>10.0</targetEyeWinSize>
    <duration>1765.7983721468386</duration>
    <data>random</data>
  </VisualTrial>
  <VisualTrial>
    <gaussSpec>
      <xCenter>9.147145822311476</xCenter>
      <yCenter>25.99447380924255</yCenter>
      <size>5.0</size>
      <brightness>0.6438147961608462</brightness>
    </gaussSpec>
    <targetEyeWinCoords>
      <x>9.147145822311476</x>
      <y>25.99447380924255</y>
    </targetEyeWinCoords>
    <targetEyeWinSize>10.0</targetEyeWinSize>
    <duration>1508.0970826536693</duration>
    <data>random</data>
  </VisualTrial>
  <VisualTrial>
    <gaussSpec>
      <xCenter>-6.901821943028027</xCenter>
      <yCenter>71.9912807601012</yCenter>
      <size>5.0</size>
      <brightness>0.31262588685741555</brightness>
    </gaussSpec>
    <targetEyeWinCoords>
      <x>-6.901821943028027</x>
      <y>71.9912807601012</y>
    </targetEyeWinCoords>
    <targetEyeWinSize>10.0</targetEyeWinSize>
    <duration>1717.1602441013074</duration>
    <data>random</data>
  </VisualTrial>
  <VisualTrial>
    <gaussSpec>
      <xCenter>0.34665300553849576</xCenter>
      <yCenter>43.36312261044725</yCenter>
      <size>5.0</size>
      <brightness>0.9782136146686095</brightness>
    </gaussSpec>
    <targetEyeWinCoords>
      <x>0.34665300553849576</x>
      <y>43.36312261044725</y>
    </targetEyeWinCoords>
    <targetEyeWinSize>10.0</targetEyeWinSize>
    <duration>1209.7500713429652</duration>
    <data>random</data>
  </VisualTrial>
  <VisualTrial>
    <gaussSpec>
      <xCenter>12.168235663298109</xCenter>
      <yCenter>121.99443952389424</yCenter>
      <size>5.0</size>
      <brightness>0.9729974137575494</brightness>
    </gaussSpec>
    <targetEyeWinCoords>
      <x>12.168235663298109</x>
      <y>121.99443952389424</y>
    </targetEyeWinCoords>
    <targetEyeWinSize>10.0</targetEyeWinSize>
    <duration>1352.9035279655127</duration>
    <data>random</data>
  </VisualTrial>
  <VisualTrial>
    <gaussSpec>
      <xCenter>11.58057685960603</xCenter>
      <yCenter>-122.75199054034408</yCenter>
      <size>5.0</size>
      <brightness>0.9691559520153391</brightness>
    </gaussSpec>
    <targetEyeWinCoords>
      <x>11.58057685960603</x>
      <y>-122.75199054034408</y>
    </targetEyeWinCoords>
    <targetEyeWinSize>10.0</targetEyeWinSize>
    <duration>1331.5108466411123</duration>
    <data>random</data>
  </VisualTrial>
  <VisualTrial>
    <gaussSpec>
      <xCenter>12.97535011948765</xCenter>
      <yCenter>-51.82583371317095</yCenter>
      <size>5.0</size>
      <brightness>0.03567699341629105</brightness>
    </gaussSpec>
    <targetEyeWinCoords>
      <x>12.97535011948765</x>
      <y>-51.82583371317095</y>
    </targetEyeWinCoords>
    <targetEyeWinSize>10.0</targetEyeWinSize>
    <duration>1176.3691973441644</duration>
    <data>random</data>
  </VisualTrial>
  <VisualTrial>
    <gaussSpec>
      <xCenter>9.845794794179742</xCenter>
      <yCenter>108.24463708039025</yCenter>
      <size>5.0</size>
      <brightness>0.5177303251520998</brightness>
    </gaussSpec>
    <targetEyeWinCoords>
      <x>9.845794794179742</x>
      <y>108.24463708039025</y>
    </targetEyeWinCoords>
    <targetEyeWinSize>10.0</targetEyeWinSize>
    <duration>1118.518712385813</duration>
    <data>random</data>
  </VisualTrial>
  <VisualTrial>
    <gaussSpec>
      <xCenter>-6.965641095451733</xCenter>
      <yCenter>-21.68273404289883</yCenter>
      <size>5.0</size>
      <brightness>0.20309549404343685</brightness>
    </gaussSpec>
    <targetEyeWinCoords>
      <x>-6.965641095451733</x>
      <y>-21.68273404289883</y>
    </targetEyeWinCoords>
    <targetEyeWinSize>10.0</targetEyeWinSize>
    <duration>1272.1334585150707</duration>
    <data>random</data>
  </VisualTrial>
  <VisualTrial>
    <gaussSpec>
      <xCenter>-15.71179580233081</xCenter>
      <yCenter>-64.61641229951955</yCenter>
      <size>5.0</size>
      <brightness>0.6294129624469444</brightness>
    </gaussSpec>
    <targetEyeWinCoords>
      <x>-15.71179580233081</x>
      <y>-64.61641229951955</y>
    </targetEyeWinCoords>
    <targetEyeWinSize>10.0</targetEyeWinSize>
    <duration>1506.7740915524669</duration>
    <data>random</data>
  </VisualTrial>
  <VisualTrial>
    <gaussSpec>
      <xCenter>-6.601007328067965</xCenter>
      <yCenter>98.6011841399098</yCenter>
      <size>5.0</size>
      <brightness>0.39361515236086164</brightness>
    </gaussSpec>
    <targetEyeWinCoords>
      <x>-6.601007328067965</x>
      <y>98.6011841399098</y>
    </targetEyeWinCoords>
    <targetEyeWinSize>10.0</targetEyeWinSize>
    <duration>1470.5102373864372</duration>
    <data>random</data>
  </VisualTrial>
  <VisualTrial>
    <gaussSpec>
      <xCenter>-11.978615547457071</xCenter>
      <yCenter>66.71553431383506</yCenter>
      <size>5.0</size>
      <brightness>0.422427068994518</brightness>
    </gaussSpec>
    <targetEyeWinCoords>
      <x>-11.978615547457071</x>
      <y>66.71553431383506</y>
    </targetEyeWinCoords>
    <targetEyeWinSize>10.0</targetEyeWinSize>
    <duration>1289.8788219832918</duration>
    <data>random</data>
  </VisualTrial>
  <VisualTrial>
    <gaussSpec>
      <xCenter>0.7287465264824107</xCenter>
      <yCenter>-36.00939410483879</yCenter>
      <size>5.0</size>
      <brightness>0.9521788781083164</brightness>
    </gaussSpec>
    <targetEyeWinCoords>
      <x>0.7287465264824107</x>
      <y>-36.00939410483879</y>
    </targetEyeWinCoords>
    <targetEyeWinSize>10.0</targetEyeWinSize>
    <duration>1938.0983569775158</duration>
    <data>random</data>
  </VisualTrial>
  <VisualTrial>
    <gaussSpec>
      <xCenter>-5.118600988974171</xCenter>
      <yCenter>98.17201141488204</yCenter>
      <size>5.0</size>
      <brightness>0.07320173767321791</brightness>
    </gaussSpec>
    <targetEyeWinCoords>
      <x>-5.118600988974171</x>
      <y>98.17201141488204</y>
    </targetEyeWinCoords>
    <targetEyeWinSize>10.0</targetEyeWinSize>
    <duration>1526.6124479270793</duration>
    <data>random</data>
  </VisualTrial>
  <VisualTrial>
    <gaussSpec>
      <xCenter>13.407545634083363</xCenter>
      <yCenter>82.42863970708703</yCenter>
      <size>5.0</size>
      <brightness>0.7349785640176365</brightness>
    </gaussSpec>
    <targetEyeWinCoords>
      <x>13.407545634083363</x>
      <y>82.42863970708703</y>
    </targetEyeWinCoords>
    <targetEyeWinSize>10.0</targetEyeWinSize>
    <duration>1518.8685967433726</duration>
    <data>random</data>
  </VisualTrial>
  <VisualTrial>
    <gaussSpec>
      <xCenter>3.599716722239723</xCenter>
      <yCenter>-88.9710175818574</yCenter>
      <size>5.0</size>
      <brightness>0.284311486040167</brightness>
    </gaussSpec>
    <targetEyeWinCoords>
      <x>3.599716722239723</x>
      <y>-88.9710175818574</y>
    </targetEyeWinCoords>
    <targetEyeWinSize>10.0</targetEyeWinSize>
    <duration>1008.4726402936444</duration>
    <data>random</data>
  </VisualTrial>
  <VisualTrial>
    <gaussSpec>
      <xCenter>-6.501129895992209</xCenter>
      <yCenter>114.79165891508444</yCenter>
      <size>5.0</size>
      <brightness>0.8742811013783759</brightness>
    </gaussSpec>
    <targetEyeWinCoords>
      <x>-6.501129895992209</x>
      <y>114.79165891508444</y>
    </targetEyeWinCoords>
    <targetEyeWinSize>10.0</targetEyeWinSize>
    <duration>1799.445826247615</duration>
    <data>random</data>
  </VisualTrial>
  <VisualTrial>
    <gaussSpec>
      <xCenter>5.766582677516226</xCenter>
      <yCenter>107.5881965809339</yCenter>
      <size>5.0</size>
      <brightness>0.9943968656213857</brightness>
    </gaussSpec>
    <targetEyeWinCoords>
      <x>5.766582677516226</x>
      <y>107.5881965809339</y>
    </targetEyeWinCoords>
    <targetEyeWinSize>10.0</targetEyeWinSize>
    <duration>1506.5605687436873</duration>
    <data>random</data>
  </VisualTrial>
  <VisualTrial>
    <gaussSpec>
      <xCenter>15.192135829928826</xCenter>
      <yCenter>-52.32668236594701</yCenter>
      <size>5.0</size>
      <brightness>0.8326302275483819</brightness>
    </gaussSpec>
    <targetEyeWinCoords>
      <x>15.192135829928826</x>
      <y>-52.32668236594701</y>
    </targetEyeWinCoords>
    <targetEyeWinSize>10.0</targetEyeWinSize>
    <duration>1426.4368583227656</duration>
    <data>random</data>
  </VisualTrial>
  <VisualTrial>
    <gaussSpec>
      <xCenter>-2.933656103160901</xCenter>
      <yCenter>139.277502598355</yCenter>
      <size>5.0</size>
      <brightness>0.9907909062384198</brightness>
    </gaussSpec>
    <targetEyeWinCoords>
      <x>-2.933656103160901</x>
      <y>139.277502598355</y>
    </targetEyeWinCoords>
    <targetEyeWinSize>10.0</targetEyeWinSize>
    <duration>1374.2806565996843</duration>
    <data>random</data>
  </VisualTrial>
  <VisualTrial>
    <gaussSpec>
      <xCenter>-4.065595872610805</xCenter>
      <yCenter>140.3365045757896</yCenter>
      <size>5.0</size>
      <brightness>0.5462433931444389</brightness>
    </gaussSpec>
    <targetEyeWinCoords>
      <x>-4.065595872610805</x>
      <y>140.3365045757896</y>
    </targetEyeWinCoords>
    <targetEyeWinSize>10.0</targetEyeWinSize>
    <duration>1485.3533631729856</duration>
    <data>random</data>
  </VisualTrial>
  <VisualTrial>
    <gaussSpec>
      <xCenter>7.886720778773103</xCenter>
      <yCenter>138.19428343970816</yCenter>
      <size>5.0</size>
      <brightness>0.41528365976783277</brightness>
    </gaussSpec>
    <targetEyeWinCoords>
      <x>7.886720778773103</x>
      <y>138.19428343970816</y>
    </targetEyeWinCoords>
    <targetEyeWinSize>10.0</targetEyeWinSize>
    <duration>1464.0135530878774</duration>
    <data>random</data>
  </VisualTrial>
  <VisualTrial>
    <gaussSpec>
      <xCenter>-2.9309094396064292</xCenter>
      <yCenter>128.97570389805708</yCenter>
      <size>5.0</size>
      <brightness>0.23422094075503574</brightness>
    </gaussSpec>
    <targetEyeWinCoords>
      <x>-2.9309094396064292</x>
      <y>128.97570389805708</y>
    </targetEyeWinCoords>
    <targetEyeWinSize>10.0</targetEyeWinSize>
    <duration>1391.8444621414137</duration>
    <data>random</data>
  </VisualTrial>
  <VisualTrial>
    <gaussSpec>
      <xCenter>4.306477262498291</xCenter>
      <yCenter>-64.02528205611883</yCenter>
      <size>5.0</size>
      <brightness>0.6213211917114817</brightness>
    </gaussSpec>
    <targetEyeWinCoords>
      <x>4.306477262498291</x>
      <y>-64.02528205611883</y>
    </targetEyeWinCoords>
    <targetEyeWinSize>10.0</targetEyeWinSize>
    <duration>1994.3040205374389</duration>
    <data>random</data>
  </VisualTrial>
  <VisualTrial>
    <gaussSpec>
      <xCenter>-14.649353872410188</xCenter>
      <yCenter>80.24808219801545</yCenter>
      <size>5.0</size>
      <brightness>0.6179338356442979</brightness>
    </gaussSpec>
    <targetEyeWinCoords>
      <x>-14.649353872410188</x>
      <y>80.24808219801545</y>
    </targetEyeWinCoords>
    <targetEyeWinSize>10.0</targetEyeWinSize>
    <duration>1020.9376202173402</duration>
    <data>random</data>
  </VisualTrial>
  <VisualTrial>
    <gaussSpec>
      <xCenter>-7.253511715508997</xCenter>
      <yCenter>61.105779533639634</yCenter>
      <size>5.0</size>
      <brightness>0.542899053011225</brightness>
    </gaussSpec>
    <targetEyeWinCoords>
      <x>-7.253511715508997</x>
      <y>61.105779533639634</y>
    </targetEyeWinCoords>
    <targetEyeWinSize>10.0</targetEyeWinSize>
    <duration>1168.27364213482</duration>
    <data>random</data>
  </VisualTrial>
  <VisualTrial>
    <gaussSpec>
      <xCenter>-6.269589944743595</xCenter>
      <yCenter>-79.64495993668915</yCenter>
      <size>5.0</size>
      <brightness>0.5627930109937127</brightness>
    </gaussSpec>
    <targetEyeWinCoords>
      <x>-6.269589944743595</x>
      <y>-79.64495993668915</y>
    </targetEyeWinCoords>
    <targetEyeWinSize>10.0</targetEyeWinSize>
    <duration>1491.4435505372874</duration>
    <data>random</data>
  </VisualTrial>
  <VisualTrial>
    <gaussSpec>
      <xCenter>5.665756694701344</xCenter>
      <yCenter>-16.196776404307684</yCenter>
      <size>5.0</size>
      <brightness>0.003604005391073195</brightness>
    </gaussSpec>
    <targetEyeWinCoords>
      <x>5.665756694701344</x>
      <y>-16.196776404307684</y>
    </targetEyeWinCoords>
    <targetEyeWinSize>10.0</targetEyeWinSize>
    <duration>1152.3648193941185</duration>
    <data>random</data>
  </VisualTrial>
  <VisualTrial>
    <gaussSpec>
      <xCenter>-11.711796312752153</xCenter>
      <yCenter>128.51465610372054</yCenter>
      <size>5.0</size>
      <brightness>0.1606112230908735</brightness>
    </gaussSpec>
    <targetEyeWinCoords>
      <x>-11.711796312752153</x>
      <y>128.51465610372054</y>
    </targetEyeWinCoords>
    <targetEyeWinSize>10.0</targetEyeWinSize>
    <duration>1891.0469110687477</duration>
    <data>random</data>
  </VisualTrial>
  <VisualTrial>
    <gaussSpec>
      <xCenter>-13.361017521967264</xCenter>
      <yCenter>121.59301622340803</yCenter>
      <size>5.0</size>
      <brightness>0.24030982377503118</brightness>
    </gaussSpec>
    <targetEyeWinCoords>
      <x>-13.361017521967264</x>
      <y>121.59301622340803</y>
    </targetEyeWinCoords>
    <targetEyeWinSize>10.0</targetEyeWinSize>
    <duration>1972.7077387390873</duration>
    <data>random</data>
  </VisualTrial>
  <VisualTrial>
    <gaussSpec>
      <xCenter>14.446130930870613</xCenter>
      <yCenter>31.879465476763045</yCenter>
      <size>5.0</size>
      <brightness>0.6232180779580176</brightness>
    </gaussSpec>
    <targetEyeWinCoords>
      <x>14.446130930870613</x>
      <y>31.879465476763045</y>
    </targetEyeWinCoords>
    <targetEyeWinSize>10.0</targetEyeWinSize>
    <duration>1066.8714020967673</duration>
    <data>random</data>
  </VisualTrial>
  <VisualTrial>
    <gaussSpec>
      <xCenter>10.806260567888597</xCenter>
      <yCenter>59.25141478062571</yCenter>
      <size>5.0</size>
      <brightness>0.32555423173837383</brightness>
    </gaussSpec>
    <targetEyeWinCoords>
      <x>10.806260567888597</x>
      <y>59.25141478062571</y>
    </targetEyeWinCoords>
    <targetEyeWinSize>10.0</targetEyeWinSize>
    <duration>1501.3093075064164</duration>
    <data>random</data>
  </VisualTrial>
  <VisualTrial>
    <gaussSpec>
      <xCenter>5.057549088337208</xCenter>
      <yCenter>-108.40127301474665</yCenter>
      <size>5.0</size>
      <brightness>0.9071015408307678</brightness>
    </gaussSpec>
    <targetEyeWinCoords>
      <x>5.057549088337208</x>
      <y>-108.40127301474665</y>
    </targetEyeWinCoords>
    <targetEyeWinSize>10.0</targetEyeWinSize>
    <duration>1599.9744560122479</duration>
    <data>random</data>
  </VisualTrial>
  <VisualTrial>
    <gaussSpec>
      <xCenter>1.6623484086546014</xCenter>
      <yCenter>-10.510373500391921</yCenter>
      <size>5.0</size>
      <brightness>0.6725363634676317</brightness>
    </gaussSpec>
    <targetEyeWinCoords>
      <x>1.6623484086546014</x>
      <y>-10.510373500391921</y>
    </targetEyeWinCoords>
    <targetEyeWinSize>10.0</targetEyeWinSize>
    <duration>1388.3114854241721</duration>
    <data>random</data>
  </VisualTrial>
  <VisualTrial>
    <gaussSpec>
      <xCenter>15.304900993686594</xCenter>
      <yCenter>92.30653610432208</yCenter>
      <size>5.0</size>
      <brightness>0.5758941921337822</brightness>
    </gaussSpec>
    <targetEyeWinCoords>
      <x>15.304900993686594</x>
      <y>92.30653610432208</y>
    </targetEyeWinCoords>
    <targetEyeWinSize>10.0</targetEyeWinSize>
    <duration>1046.2059919837511</duration>
    <data>random</data>
  </VisualTrial>
  <VisualTrial>
    <gaussSpec>
      <xCenter>-1.0349741896341964</xCenter>
      <yCenter>70.3213514214874</yCenter>
      <size>5.0</size>
      <brightness>0.8234235276868218</brightness>
    </gaussSpec>
    <targetEyeWinCoords>
      <x>-1.0349741896341964</x>
      <y>70.3213514214874</y>
    </targetEyeWinCoords>
    <targetEyeWinSize>10.0</targetEyeWinSize>
    <duration>1914.20646163406</duration>
    <data>random</data>
  </VisualTrial>
  <VisualTrial>
    <gaussSpec>
      <xCenter>-9.637389057099046</xCenter>
      <yCenter>-87.0959878549308</yCenter>
      <size>5.0</size>
      <brightness>0.9640152826538513</brightness>
    </gaussSpec>
    <targetEyeWinCoords>
      <x>-9.637389057099046</x>
      <y>-87.0959878549308</y>
    </targetEyeWinCoords>
    <targetEyeWinSize>10.0</targetEyeWinSize>
    <duration>1412.175083979396</duration>
    <data>random</data>
  </VisualTrial>
  <VisualTrial>
    <gaussSpec>
      <xCenter>-12.748607465945542</xCenter>
      <yCenter>-140.87360690251714</yCenter>
      <size>5.0</size>
      <brightness>0.1886720417629949</brightness>
    </gaussSpec>
    <targetEyeWinCoords>
      <x>-12.748607465945542</x>
      <y>-140.87360690251714</y>
    </targetEyeWinCoords>
    <targetEyeWinSize>10.0</targetEyeWinSize>
    <duration>1809.7753901088727</duration>
    <data>random</data>
  </VisualTrial>
  <VisualTrial>
    <gaussSpec>
      <xCenter>11.449495475094231</xCenter>
      <yCenter>140.40474434603652</yCenter>
      <size>5.0</size>
      <brightness>0.7694994861872195</brightness>
    </gaussSpec>
    <targetEyeWinCoords>
      <x>11.449495475094231</x>
      <y>140.40474434603652</y>
    </targetEyeWinCoords>
    <targetEyeWinSize>10.0</targetEyeWinSize>
    <duration>1353.1585359071473</duration>
    <data>random</data>
  </VisualTrial>
  <VisualTrial>
    <gaussSpec>
      <xCenter>5.408730340129246</xCenter>
      <yCenter>-19.883917469131276</yCenter>
      <size>5.0</size>
      <brightness>0.7673650905213627</brightness>
    </gaussSpec>
    <targetEyeWinCoords>
      <x>5.408730340129246</x>
      <y>-19.883917469131276</y>
    </targetEyeWinCoords>
    <targetEyeWinSize>10.0</targetEyeWinSize>
    <duration>1867.2353575635361</duration>
    <data>random</data>
  </VisualTrial>
  <VisualTrial>
    <gaussSpec>
      <xCenter>6.214531217537765</xCenter>
      <yCenter>-133.1767669494763</yCenter>
      <size>5.0</size>
      <brightness>0.18646494747428866</brightness>
    </gaussSpec>
    <targetEyeWinCoords>
      <x>6.214531217537765</x>
      <y>-133.1767669494763</y>
    </targetEyeWinCoords>
    <targetEyeWinSize>10.0</targetEyeWinSize>
    <duration>1919.901760547817</duration>
    <data>random</data>
  </VisualTrial>
</list>