<?xml version="1.0" encoding="UTF-8" standalone="no"?><list>
  <GaussSpec>
    <xCenter>168.08806977750055</xCenter>
    <yCenter>-136.82497060973995</yCenter>
    <size>5.0</size>
    <brightness>0.4882951610880998</brightness>
  </GaussSpec>
  <GaussSpec>
    <xCenter>-24.447960760867687</xCenter>
    <yCenter>50.25775178819987</yCenter>
    <size>5.0</size>
    <brightness>0.1694065843896262</brightness>
  </GaussSpec>
  <GaussSpec>
    <xCenter>65.4570849574352</xCenter>
    <yCenter>90.49107464533569</yCenter>
    <size>5.0</size>
    <brightness>0.4724322556091656</brightness>
  </GaussSpec>
  <GaussSpec>
    <xCenter>-193.9212741744065</xCenter>
    <yCenter>-145.3820978749754</yCenter>
    <size>5.0</size>
    <brightness>0.07411300046709823</brightness>
  </GaussSpec>
  <GaussSpec>
    <xCenter>-108.98259431575981</xCenter>
    <yCenter>15.282185951342143</yCenter>
    <size>5.0</size>
    <brightness>0.06315313115013643</brightness>
  </GaussSpec>
  <GaussSpec>
    <xCenter>-191.8838944588222</xCenter>
    <yCenter>70.9167462779557</yCenter>
    <size>5.0</size>
    <brightness>0.1700277195653681</brightness>
  </GaussSpec>
  <GaussSpec>
    <xCenter>-65.10462921229916</xCenter>
    <yCenter>-107.61783436955272</yCenter>
    <size>5.0</size>
    <brightness>0.20640570111552137</brightness>
  </GaussSpec>
  <GaussSpec>
    <xCenter>58.096453457402845</xCenter>
    <yCenter>116.19079844814314</yCenter>
    <size>5.0</size>
    <brightness>0.1662859244929109</brightness>
  </GaussSpec>
  <GaussSpec>
    <xCenter>-61.50101701723872</xCenter>
    <yCenter>-76.61160966912351</yCenter>
    <size>5.0</size>
    <brightness>0.7847229746760761</brightness>
  </GaussSpec>
  <GaussSpec>
    <xCenter>145.2729349345795</xCenter>
    <yCenter>94.96185773814565</yCenter>
    <size>5.0</size>
    <brightness>0.8035744943309392</brightness>
  </GaussSpec>
  <GaussSpec>
    <xCenter>191.89784617956133</xCenter>
    <yCenter>1.843397720276414</yCenter>
    <size>5.0</size>
    <brightness>0.6380486608339175</brightness>
  </GaussSpec>
  <GaussSpec>
    <xCenter>-3.863475805430312</xCenter>
    <yCenter>47.40568515678132</yCenter>
    <size>5.0</size>
    <brightness>0.8887287228358313</brightness>
  </GaussSpec>
  <GaussSpec>
    <xCenter>-73.27647300969375</xCenter>
    <yCenter>-119.22764578013866</yCenter>
    <size>5.0</size>
    <brightness>0.38060799025688574</brightness>
  </GaussSpec>
  <GaussSpec>
    <xCenter>-67.79928232750828</xCenter>
    <yCenter>48.34098791279638</yCenter>
    <size>5.0</size>
    <brightness>0.729717601273939</brightness>
  </GaussSpec>
  <GaussSpec>
    <xCenter>-19.499841103000847</xCenter>
    <yCenter>-15.880807169842683</yCenter>
    <size>5.0</size>
    <brightness>0.3623804276211715</brightness>
  </GaussSpec>
  <GaussSpec>
    <xCenter>97.91133374106965</xCenter>
    <yCenter>-125.57747695120453</yCenter>
    <size>5.0</size>
    <brightness>0.8618448365524193</brightness>
  </GaussSpec>
  <GaussSpec>
    <xCenter>-88.54476580387556</xCenter>
    <yCenter>-61.54852662034591</yCenter>
    <size>5.0</size>
    <brightness>0.47030987825065407</brightness>
  </GaussSpec>
  <GaussSpec>
    <xCenter>128.16805275761857</xCenter>
    <yCenter>-29.281765718669433</yCenter>
    <size>5.0</size>
    <brightness>0.7540636337585082</brightness>
  </GaussSpec>
  <GaussSpec>
    <xCenter>-85.14500036973422</xCenter>
    <yCenter>-66.97487883388924</yCenter>
    <size>5.0</size>
    <brightness>0.043205637477275904</brightness>
  </GaussSpec>
  <GaussSpec>
    <xCenter>-187.57889353974514</xCenter>
    <yCenter>8.417552072520607</yCenter>
    <size>5.0</size>
    <brightness>0.7045140518586825</brightness>
  </GaussSpec>
  <GaussSpec>
    <xCenter>-93.29169783438877</xCenter>
    <yCenter>-34.14511229491278</yCenter>
    <size>5.0</size>
    <brightness>0.8580941341819275</brightness>
  </GaussSpec>
  <GaussSpec>
    <xCenter>-7.534469439086109</xCenter>
    <yCenter>149.36471839723458</yCenter>
    <size>5.0</size>
    <brightness>0.8105735246119443</brightness>
  </GaussSpec>
  <GaussSpec>
    <xCenter>33.07561029051314</xCenter>
    <yCenter>113.51013378763679</yCenter>
    <size>5.0</size>
    <brightness>0.7123578745747874</brightness>
  </GaussSpec>
  <GaussSpec>
    <xCenter>23.01327551843019</xCenter>
    <yCenter>116.52788207413897</yCenter>
    <size>5.0</size>
    <brightness>0.33814598320339595</brightness>
  </GaussSpec>
  <GaussSpec>
    <xCenter>24.297233725241654</xCenter>
    <yCenter>10.520870996098893</yCenter>
    <size>5.0</size>
    <brightness>0.46956524637265196</brightness>
  </GaussSpec>
  <GaussSpec>
    <xCenter>-174.5591833182208</xCenter>
    <yCenter>133.29641721555646</yCenter>
    <size>5.0</size>
    <brightness>0.5380046732753212</brightness>
  </GaussSpec>
  <GaussSpec>
    <xCenter>-79.90552418561899</xCenter>
    <yCenter>-69.19468691356361</yCenter>
    <size>5.0</size>
    <brightness>0.7362984527472496</brightness>
  </GaussSpec>
  <GaussSpec>
    <xCenter>-20.355147649457365</xCenter>
    <yCenter>-30.027457336849196</yCenter>
    <size>5.0</size>
    <brightness>0.13623401238889854</brightness>
  </GaussSpec>
  <GaussSpec>
    <xCenter>134.52246824642145</xCenter>
    <yCenter>-6.490682867874</yCenter>
    <size>5.0</size>
    <brightness>0.6152047656918793</brightness>
  </GaussSpec>
  <GaussSpec>
    <xCenter>-196.29912470814313</xCenter>
    <yCenter>136.50682825740114</yCenter>
    <size>5.0</size>
    <brightness>0.6903225532421965</brightness>
  </GaussSpec>
  <GaussSpec>
    <xCenter>-23.823303142166623</xCenter>
    <yCenter>58.190499479495145</yCenter>
    <size>5.0</size>
    <brightness>0.03861936810712119</brightness>
  </GaussSpec>
  <GaussSpec>
    <xCenter>122.18827661468373</xCenter>
    <yCenter>97.86959034708423</yCenter>
    <size>5.0</size>
    <brightness>0.024893887537169368</brightness>
  </GaussSpec>
  <GaussSpec>
    <xCenter>85.93022341106416</xCenter>
    <yCenter>89.57900804617333</yCenter>
    <size>5.0</size>
    <brightness>0.7051018317379496</brightness>
  </GaussSpec>
  <GaussSpec>
    <xCenter>107.7642202169094</xCenter>
    <yCenter>-0.5231244397168098</yCenter>
    <size>5.0</size>
    <brightness>0.6437785941337801</brightness>
  </GaussSpec>
  <GaussSpec>
    <xCenter>8.440281950627593</xCenter>
    <yCenter>-8.608442864154455</yCenter>
    <size>5.0</size>
    <brightness>0.9211825640558737</brightness>
  </GaussSpec>
  <GaussSpec>
    <xCenter>64.36456505782968</xCenter>
    <yCenter>-77.8710173299691</yCenter>
    <size>5.0</size>
    <brightness>0.3430274442604738</brightness>
  </GaussSpec>
  <GaussSpec>
    <xCenter>-31.50406000839024</xCenter>
    <yCenter>-138.66424554152684</yCenter>
    <size>5.0</size>
    <brightness>0.9615773129536528</brightness>
  </GaussSpec>
  <GaussSpec>
    <xCenter>58.754349412514216</xCenter>
    <yCenter>-146.07892435340148</yCenter>
    <size>5.0</size>
    <brightness>0.8346295692718134</brightness>
  </GaussSpec>
  <GaussSpec>
    <xCenter>-7.62647444592605</xCenter>
    <yCenter>-140.1243994489687</yCenter>
    <size>5.0</size>
    <brightness>0.03868639447654043</brightness>
  </GaussSpec>
  <GaussSpec>
    <xCenter>-23.352109657269068</xCenter>
    <yCenter>-0.8588906923411059</yCenter>
    <size>5.0</size>
    <brightness>0.24288206127506762</brightness>
  </GaussSpec>
  <GaussSpec>
    <xCenter>-77.82580984445966</xCenter>
    <yCenter>88.92437265734978</yCenter>
    <size>5.0</size>
    <brightness>0.8950473375784531</brightness>
  </GaussSpec>
  <GaussSpec>
    <xCenter>157.40440330531607</xCenter>
    <yCenter>-22.356184134423984</yCenter>
    <size>5.0</size>
    <brightness>0.24341968639781542</brightness>
  </GaussSpec>
  <GaussSpec>
    <xCenter>168.9978873514325</xCenter>
    <yCenter>-57.807166553856675</yCenter>
    <size>5.0</size>
    <brightness>0.276933647194589</brightness>
  </GaussSpec>
  <GaussSpec>
    <xCenter>23.53884871910509</xCenter>
    <yCenter>69.32804571483544</yCenter>
    <size>5.0</size>
    <brightness>0.6263420440931058</brightness>
  </GaussSpec>
  <GaussSpec>
    <xCenter>97.99976853800484</xCenter>
    <yCenter>-59.190076185232655</yCenter>
    <size>5.0</size>
    <brightness>0.5664940222579454</brightness>
  </GaussSpec>
  <GaussSpec>
    <xCenter>-29.23577959573757</xCenter>
    <yCenter>-5.861505096932973</yCenter>
    <size>5.0</size>
    <brightness>0.7449613174350903</brightness>
  </GaussSpec>
  <GaussSpec>
    <xCenter>-172.20584665777858</xCenter>
    <yCenter>101.30929602068909</yCenter>
    <size>5.0</size>
    <brightness>0.12846355551390998</brightness>
  </GaussSpec>
  <GaussSpec>
    <xCenter>-80.26420764583068</xCenter>
    <yCenter>134.06169096130236</yCenter>
    <size>5.0</size>
    <brightness>0.07297749253635255</brightness>
  </GaussSpec>
  <GaussSpec>
    <xCenter>191.4345891814428</xCenter>
    <yCenter>-51.8063721630333</yCenter>
    <size>5.0</size>
    <brightness>0.7892270281440087</brightness>
  </GaussSpec>
  <GaussSpec>
    <xCenter>170.1081951651866</xCenter>
    <yCenter>-77.38451776142183</yCenter>
    <size>5.0</size>
    <brightness>0.5320413446164757</brightness>
  </GaussSpec>
  <GaussSpec>
    <xCenter>133.3364514895742</xCenter>
    <yCenter>135.96504177834856</yCenter>
    <size>5.0</size>
    <brightness>0.8220913368165033</brightness>
  </GaussSpec>
  <GaussSpec>
    <xCenter>19.940128531444657</xCenter>
    <yCenter>63.13836095472493</yCenter>
    <size>5.0</size>
    <brightness>0.8002728825768881</brightness>
  </GaussSpec>
  <GaussSpec>
    <xCenter>189.3660929296911</xCenter>
    <yCenter>61.15431999873812</yCenter>
    <size>5.0</size>
    <brightness>0.029513405476102372</brightness>
  </GaussSpec>
  <GaussSpec>
    <xCenter>-46.72304782636314</xCenter>
    <yCenter>129.66150839252424</yCenter>
    <size>5.0</size>
    <brightness>0.9203612085792138</brightness>
  </GaussSpec>
  <GaussSpec>
    <xCenter>-32.033490547752564</xCenter>
    <yCenter>-132.08364984058818</yCenter>
    <size>5.0</size>
    <brightness>0.9967500098865489</brightness>
  </GaussSpec>
  <GaussSpec>
    <xCenter>-67.18955431432772</xCenter>
    <yCenter>47.4540397098842</yCenter>
    <size>5.0</size>
    <brightness>0.046130998228295805</brightness>
  </GaussSpec>
  <GaussSpec>
    <xCenter>197.9680612504726</xCenter>
    <yCenter>105.16154387975786</yCenter>
    <size>5.0</size>
    <brightness>0.6132157463102843</brightness>
  </GaussSpec>
  <GaussSpec>
    <xCenter>-33.53070481367061</xCenter>
    <yCenter>-72.09565948294335</yCenter>
    <size>5.0</size>
    <brightness>0.3092958144519049</brightness>
  </GaussSpec>
  <GaussSpec>
    <xCenter>30.188303833432684</xCenter>
    <yCenter>20.604191093382497</yCenter>
    <size>5.0</size>
    <brightness>0.14549413907726338</brightness>
  </GaussSpec>
  <GaussSpec>
    <xCenter>-129.06337664956504</xCenter>
    <yCenter>69.14112041763386</yCenter>
    <size>5.0</size>
    <brightness>0.47406429034859654</brightness>
  </GaussSpec>
  <GaussSpec>
    <xCenter>20.62488250941675</xCenter>
    <yCenter>-0.22567389919146308</yCenter>
    <size>5.0</size>
    <brightness>0.3923247672611383</brightness>
  </GaussSpec>
  <GaussSpec>
    <xCenter>-113.81286135680953</xCenter>
    <yCenter>-149.67631215125746</yCenter>
    <size>5.0</size>
    <brightness>0.1758692871196066</brightness>
  </GaussSpec>
  <GaussSpec>
    <xCenter>125.48886183290841</xCenter>
    <yCenter>-117.40469075396078</yCenter>
    <size>5.0</size>
    <brightness>0.8618874412336913</brightness>
  </GaussSpec>
  <GaussSpec>
    <xCenter>139.12246540186527</xCenter>
    <yCenter>48.85453369862063</yCenter>
    <size>5.0</size>
    <brightness>0.857054278251725</brightness>
  </GaussSpec>
  <GaussSpec>
    <xCenter>72.04622721108512</xCenter>
    <yCenter>-128.0181943523009</yCenter>
    <size>5.0</size>
    <brightness>0.9044635879571189</brightness>
  </GaussSpec>
  <GaussSpec>
    <xCenter>-126.60335121186213</xCenter>
    <yCenter>-4.007660285991051</yCenter>
    <size>5.0</size>
    <brightness>0.41039880928715733</brightness>
  </GaussSpec>
  <GaussSpec>
    <xCenter>38.83415115703957</xCenter>
    <yCenter>-65.17209433521391</yCenter>
    <size>5.0</size>
    <brightness>0.28750909415129156</brightness>
  </GaussSpec>
  <GaussSpec>
    <xCenter>-158.55632664237942</xCenter>
    <yCenter>35.52632782717663</yCenter>
    <size>5.0</size>
    <brightness>0.6261479313896542</brightness>
  </GaussSpec>
  <GaussSpec>
    <xCenter>-40.32146584311039</xCenter>
    <yCenter>2.6555939727601015</yCenter>
    <size>5.0</size>
    <brightness>0.7890596253559072</brightness>
  </GaussSpec>
  <GaussSpec>
    <xCenter>-52.0301179775567</xCenter>
    <yCenter>66.66083253238466</yCenter>
    <size>5.0</size>
    <brightness>0.9111337685611524</brightness>
  </GaussSpec>
  <GaussSpec>
    <xCenter>-106.98737470984445</xCenter>
    <yCenter>-69.13628367922041</yCenter>
    <size>5.0</size>
    <brightness>0.6239752983059736</brightness>
  </GaussSpec>
  <GaussSpec>
    <xCenter>-173.86463214940215</xCenter>
    <yCenter>-89.77092794805317</yCenter>
    <size>5.0</size>
    <brightness>0.23325571168822146</brightness>
  </GaussSpec>
  <GaussSpec>
    <xCenter>100.82870202795061</xCenter>
    <yCenter>-53.40259808043366</yCenter>
    <size>5.0</size>
    <brightness>0.3523458832662779</brightness>
  </GaussSpec>
  <GaussSpec>
    <xCenter>-193.12248594632482</xCenter>
    <yCenter>83.22744844870604</yCenter>
    <size>5.0</size>
    <brightness>0.861210805104088</brightness>
  </GaussSpec>
  <GaussSpec>
    <xCenter>177.35303580956042</xCenter>
    <yCenter>52.975076945003565</yCenter>
    <size>5.0</size>
    <brightness>0.3014515273651859</brightness>
  </GaussSpec>
  <GaussSpec>
    <xCenter>-100.25747376116634</xCenter>
    <yCenter>-5.241722629867638</yCenter>
    <size>5.0</size>
    <brightness>0.8258766178983331</brightness>
  </GaussSpec>
  <GaussSpec>
    <xCenter>200.94531525649734</xCenter>
    <yCenter>-113.47996076829608</yCenter>
    <size>5.0</size>
    <brightness>0.4211982298923548</brightness>
  </GaussSpec>
  <GaussSpec>
    <xCenter>128.02701917629798</xCenter>
    <yCenter>116.9467442043333</yCenter>
    <size>5.0</size>
    <brightness>0.6012816678450149</brightness>
  </GaussSpec>
  <GaussSpec>
    <xCenter>-65.11403724111204</xCenter>
    <yCenter>40.01272091181295</yCenter>
    <size>5.0</size>
    <brightness>0.0783272712750207</brightness>
  </GaussSpec>
  <GaussSpec>
    <xCenter>-114.58722208400651</xCenter>
    <yCenter>-10.80816344123545</yCenter>
    <size>5.0</size>
    <brightness>0.6690136643471011</brightness>
  </GaussSpec>
  <GaussSpec>
    <xCenter>-92.90296894829561</xCenter>
    <yCenter>-146.23546239411647</yCenter>
    <size>5.0</size>
    <brightness>0.9320312534608095</brightness>
  </GaussSpec>
  <GaussSpec>
    <xCenter>-190.29983232236705</xCenter>
    <yCenter>-59.77184963736619</yCenter>
    <size>5.0</size>
    <brightness>0.12743415944170655</brightness>
  </GaussSpec>
  <GaussSpec>
    <xCenter>-108.15393559523693</xCenter>
    <yCenter>-29.21239089347253</yCenter>
    <size>5.0</size>
    <brightness>0.5822905685728704</brightness>
  </GaussSpec>
  <GaussSpec>
    <xCenter>199.45035724723277</xCenter>
    <yCenter>76.75914160919908</yCenter>
    <size>5.0</size>
    <brightness>0.2060788437975083</brightness>
  </GaussSpec>
  <GaussSpec>
    <xCenter>81.54763937299032</xCenter>
    <yCenter>15.671861556247876</yCenter>
    <size>5.0</size>
    <brightness>0.382902316126451</brightness>
  </GaussSpec>
  <GaussSpec>
    <xCenter>-20.936129285253685</xCenter>
    <yCenter>13.851880014853862</yCenter>
    <size>5.0</size>
    <brightness>0.20908917531098625</brightness>
  </GaussSpec>
  <GaussSpec>
    <xCenter>62.03082797838732</xCenter>
    <yCenter>5.879556693862952</yCenter>
    <size>5.0</size>
    <brightness>0.12194345816067875</brightness>
  </GaussSpec>
  <GaussSpec>
    <xCenter>-123.12452168708467</xCenter>
    <yCenter>0.21505362253077465</yCenter>
    <size>5.0</size>
    <brightness>0.4817984324574984</brightness>
  </GaussSpec>
  <GaussSpec>
    <xCenter>-33.52462642147742</xCenter>
    <yCenter>-91.10027906718472</yCenter>
    <size>5.0</size>
    <brightness>0.6193054525099357</brightness>
  </GaussSpec>
  <GaussSpec>
    <xCenter>93.95972362442461</xCenter>
    <yCenter>60.5115150849378</yCenter>
    <size>5.0</size>
    <brightness>0.012886116035353834</brightness>
  </GaussSpec>
  <GaussSpec>
    <xCenter>-111.25873377526706</xCenter>
    <yCenter>101.88286163973913</yCenter>
    <size>5.0</size>
    <brightness>0.23725271588606656</brightness>
  </GaussSpec>
  <GaussSpec>
    <xCenter>-91.89629577550862</xCenter>
    <yCenter>-120.93589469252973</yCenter>
    <size>5.0</size>
    <brightness>0.07198315625707574</brightness>
  </GaussSpec>
  <GaussSpec>
    <xCenter>11.756333317745629</xCenter>
    <yCenter>-31.678272864092364</yCenter>
    <size>5.0</size>
    <brightness>0.2679210813554316</brightness>
  </GaussSpec>
  <GaussSpec>
    <xCenter>27.28014991816795</xCenter>
    <yCenter>64.06130642100948</yCenter>
    <size>5.0</size>
    <brightness>0.09048349191768146</brightness>
  </GaussSpec>
  <GaussSpec>
    <xCenter>-68.9276033786939</xCenter>
    <yCenter>31.533055136230786</yCenter>
    <size>5.0</size>
    <brightness>0.995749526075129</brightness>
  </GaussSpec>
  <GaussSpec>
    <xCenter>-202.72948884802895</xCenter>
    <yCenter>129.28253520255367</yCenter>
    <size>5.0</size>
    <brightness>0.6129168273831851</brightness>
  </GaussSpec>
  <GaussSpec>
    <xCenter>-188.4970570821193</xCenter>
    <yCenter>52.709974929919525</yCenter>
    <size>5.0</size>
    <brightness>0.45248573081233934</brightness>
  </GaussSpec>
  <GaussSpec>
    <xCenter>2.9089627756158905</xCenter>
    <yCenter>41.72744265276799</yCenter>
    <size>5.0</size>
    <brightness>0.620717990212118</brightness>
  </GaussSpec>
  <GaussSpec>
    <xCenter>-34.35341052364774</xCenter>
    <yCenter>43.96128339703512</yCenter>
    <size>5.0</size>
    <brightness>0.5067615250581112</brightness>
  </GaussSpec>
  <GaussSpec>
    <xCenter>21.63782366452361</xCenter>
    <yCenter>137.41312694750445</yCenter>
    <size>5.0</size>
    <brightness>0.06436647646196314</brightness>
  </GaussSpec>
</list>