StimSpecId,ActualResponse,Lineage,StimType,dot_product,cosine_similarity,pearson_correlation,strength_weighted,selective_overlap,avg_orientation_correlation,avg_radial_correlation
1746637218309136,79.2349,1746637218309136,REGIME_ZERO_2D,579.7822,0.05480984,-0.18401588721129813,4548.0093,0.4026265462239583,-0.18401873662019486,0.4310498315809821
1746637218311354,22.3254,1746637218311354,REGIME_ZERO_2D,181.7493,0.012946692,-0.19254108106619658,1345.6785,0.12621480094061957,-0.19585348662959604,0.34202024178165935
1746637218313525,30.199400000000004,1746637218313525,REGIME_ZERO_2D,380.1459,0.027425395,-0.19609319785591756,2913.2827,0.2639902114868164,-0.19614542079629804,0.3517622987786421
1746637218315690,52.40229999999999,1746637218315690,REGIME_ZERO,280.11365,0.021885874,-0.19698924199623552,2112.385,0.1945233662923177,-0.203420067543231,0.36313965762141237
1746637218317874,41.2138,1746637218317874,REGIME_ZERO,186.24794,0.0122903045,-0.20119326502648016,1390.1066,0.12933883666992188,-0.20260123054591098,0.237808993006169
1746637218320048,45.686,1746637218320048,REGIME_ZERO,205.33812,0.014386359,-0.1821633898674194,1528.241,0.1425959269205729,-0.1823053618248784,0.38647697584102314
1746637218322325,41.2896,1746637218322325,REGIME_ZERO_2D,530.6274,0.053933676,-0.18869180559007392,4105.838,0.36849119398328994,-0.1916323683549141,0.42902816097530944
1746637218324621,44.8586,1746637218324621,REGIME_ZERO_2D,259.36728,0.01639002,-0.20390760777205452,1949.2626,0.1801161660088433,-0.20790070809464725,0.35361825948088016
1746637218326930,37.6236,1746637218326930,REGIME_ZERO_2D,351.02246,0.031628594,-0.18242769070713766,2690.375,0.24376561906602648,-0.18511085238372235,0.2365409020379735
1746637218329193,69.1118,1746637218329193,REGIME_ZERO_2D,539.3827,0.060005624,-0.18286536898379713,4229.782,0.3745712704128689,-0.18522341046098817,0.07526294091548946
1746637218331440,28.2055,1746637218331440,REGIME_ZERO_2D,357.79276,0.02191657,-0.20231586443503707,2758.7578,0.2484672122531467,-0.20375367110318143,0.20982919120421561
1746637218333736,40.4588,1746637218333736,REGIME_ZERO,145.57578,0.008983345,-0.1983906867641115,1066.8531,0.10109427769978842,-0.19888838167749764,0.4168024876691909
1746637218336013,24.8136,1746637218336013,REGIME_ZERO,116.95389,0.007502072,-0.18694651454514732,849.40717,0.08121797243754068,-0.18728798349044293,0.3731167941529764
1746637218338293,32.3155,1746637218338293,REGIME_ZERO_2D,166.56319,0.011748402,-0.19537919876647689,1227.4899,0.11566889021131728,-0.201386134734116,0.39859286335861116
1746637218340568,30.990699999999997,1746637218340568,REGIME_ZERO,179.82616,0.011098155,-0.1967157866007141,1328.8402,0.12487927542792426,-0.19795300077789113,0.41640106963240553
1746637218342824,22.6388,1746637218342824,REGIME_ZERO,156.22455,0.009959773,-0.19704330530198072,1146.9985,0.10848926968044705,-0.19782275594158355,0.4279601137548644
1746637218345092,40.1749,1746637218345092,REGIME_ZERO,178.27805,0.011637913,-0.19746659184835152,1314.5693,0.1238041983710395,-0.19834905036832756,0.40539449361318036
1746637218347369,25.802100000000003,1746637218347369,REGIME_ZERO,124.62568,0.008681191,-0.19279180660383533,903.03375,0.0865456051296658,-0.19407386909236168,0.4373646398241433
1746637218349642,61.1739,1746637218349642,REGIME_ZERO_2D,507.38336,0.030791627,-0.22249902914961928,3921.2373,0.3523495568169488,-0.22301928215462363,0.2465641230106799
1746637218351926,25.436,1746637218351926,REGIME_ZERO_2D,229.92897,0.014583913,-0.19094159983993775,1724.035,0.15967289606730142,-0.19360316123402677,0.36429917398034994
1746637218354200,28.6094,1746637218354200,REGIME_ZERO,282.71558,0.018358687,-0.21081418214041328,2146.0068,0.19633028242323133,-0.2115293909968921,0.18931082888401016
1746637218356486,50.852,1746637218356486,REGIME_ZERO,457.8727,0.037505165,-0.19243390378642777,3639.5618,0.3179671817355686,-0.19816291088500826,0.2617730099211071
1746637218358759,33.7703,1746637218358759,REGIME_ZERO_2D,396.5842,0.025512382,-0.19169722811826834,3022.1143,0.2754056718614366,-0.20416525882721176,0.35068045550254134
1746637218361034,34.9364,1746637218361034,REGIME_ZERO_2D,665.05304,0.057710726,-0.190503869179585,5538.675,0.4618424309624566,-0.1905757741818178,0.0781834611244851
1746637218363312,34.7708,1746637218363312,REGIME_ZERO_2D,290.95453,0.023227701,-0.18777565576221283,2198.4653,0.2020517349243164,-0.19176192512953977,0.34586029580171995
1746637218365588,94.1628,1746637218365588,REGIME_ZERO,323.53326,0.03050116,-0.1968471105081745,2450.9053,0.2246758778889974,-0.20395833010248646,0.39738747483450637
1746637218367858,40.3119,1746637218367858,REGIME_ZERO_2D,746.03156,0.047978133,-0.19850956719744012,5978.23,0.5180775112575955,-0.19977368251911046,0.2535218422784644
1746637218370132,30.5885,1746637218370132,REGIME_ZERO_2D,439.4536,0.029526006,-0.20916556894830193,3424.878,0.3051761203342014,-0.21031159854793433,0.1576994408451357
1746637218372416,27.8157,1746637218372416,REGIME_ZERO_2D,237.30212,0.015697258,-0.20055792458176513,1768.2471,0.1647931310865614,-0.20304083901098866,0.4459758984784665
1746637218374691,36.9458,1746637218374691,REGIME_ZERO_2D,624.5421,0.056812067,-0.19723083520799012,4967.75,0.4337097591824002,-0.19873725201281467,-0.10425696525281697
1746637218376964,47.6613,1746637218376964,REGIME_ZERO_2D,608.10565,0.034496155,-0.20679673720477232,4745.966,0.42229554918077256,-0.20871308635554095,0.3169925853731833
1746637218379237,23.843,1746637218379237,REGIME_ZERO_2D,166.24292,0.012243397,-0.18286422008695213,1221.3201,0.11544647216796874,-0.18890611089923812,0.4309442063089578
1746637218381509,38.8397,1746637218381509,REGIME_ZERO,290.0413,0.02416232,-0.19419480723883317,2189.1704,0.20141754150390626,-0.19509931826808288,0.3880908439706783
1746637218383784,23.8419,1746637218383784,REGIME_ZERO,73.26821,0.0052165086,-0.18331952812779104,507.23575,0.05088069703843859,-0.18584024025178042,0.3951743734158716
1746637218386072,35.7602,1746637218386072,REGIME_ZERO,278.59735,0.017245322,-0.20656870810724187,2103.61,0.1934703614976671,-0.20855475801407042,0.33823583907687493
1746637218388348,54.82280000000001,1746637218388348,REGIME_ZERO,210.63318,0.015163174,-0.19229595337832453,1572.708,0.14627304077148437,-0.19449932293892327,0.3376121197372215
1746637218390622,42.8946,1746637218390622,REGIME_ZERO,316.55643,0.022869779,-0.19658254263562416,2391.6335,0.21983087327745227,-0.1980765074012327,0.49641849079581823
1746637218392896,61.46500000000001,1746637218392896,REGIME_ZERO_2D,391.73865,0.026503948,-0.1966819688729173,2991.2966,0.2720407062106662,-0.19718453846871614,0.3634157709641247
1746637218395174,54.9317,1746637218395174,REGIME_ZERO,246.57036,0.014903321,-0.2109075938715399,1846.2524,0.17122940487331814,-0.21206587377562114,0.41348000621322356
1746637218397454,66.8023,1746637218397454,REGIME_ZERO_2D,617.30585,0.06587003,-0.17715458213067498,4900.035,0.42868465847439235,-0.1776261458473091,0.03133953265665318
1746637218399727,27.2971,1746637218399727,REGIME_ZERO_2D,71.74571,0.004773003,-0.19586702030308614,506.40775,0.04982341130574544,-0.19618526850032414,0.3992934078793566
1746637218402011,63.5434,1746637218402011,REGIME_ZERO,290.3918,0.020069076,-0.19811357143959663,2232.557,0.20166102515326606,-0.20387271573746213,0.030466013362792005
1746637218404284,45.6875,1746637218404284,REGIME_ZERO,219.71475,0.017645327,-0.19194149944880573,1645.8043,0.1525796784294976,-0.20129610208734544,0.3198252639025941
1746637218406560,112.66900000000001,1746637218406560,REGIME_ZERO_2D,550.4217,0.060922533,-0.1885545248909603,4319.452,0.38223728603786894,-0.1886295607958256,0.41438684288785915
1746637218408838,53.5311,1746637218408838,REGIME_ZERO,490.68872,0.03022398,-0.20990614391045415,3806.9055,0.3407560560438368,-0.21419946968913528,0.06392165717666876
1746637218411114,56.413599999999995,1746637218411114,REGIME_ZERO,480.08463,0.027426278,-0.22606900566094357,3751.4583,0.3333921008639865,-0.2276928854888855,0.03761456286267019
1746637218413386,60.62050000000001,1746637218413386,REGIME_ZERO,555.7393,0.052039023,-0.19242361311486852,4327.0605,0.38593008253309463,-0.19368296532914026,0.30999358508331615
1746637218415686,39.7722,1746637218415686,REGIME_ZERO,307.8365,0.025796387,-0.19536833129835793,2348.6128,0.2137753380669488,-0.1989895156400949,0.21898682836506833
1746637218417962,61.196299999999994,1746637218417962,REGIME_ZERO,281.19916,0.023792654,-0.18566618267436175,2131.845,0.19527719285753037,-0.19081557735941299,0.3085527373042107
1746637218420236,44.4869,1746637218420236,REGIME_ZERO,292.03772,0.017156405,-0.2080893255802057,2237.8918,0.20280395083957248,-0.21059235630055864,0.13780702338456313
1746637218422510,45.2875,1746637218422510,REGIME_ZERO,274.89307,0.01723431,-0.1979709007593642,2089.7944,0.19089796278211807,-0.19887109395535793,0.16444805640260837
1746637218424710,24.2316,1746637218424710,REGIME_ZERO_2D,393.90503,0.029247554,-0.20614157615881243,3039.0286,0.27354518042670356,-0.206843901925279,0.09996022669588689
1746637218426985,30.8077,1746637218426985,REGIME_ZERO_2D,245.0994,0.015672445,-0.192982801174645,1835.8606,0.1702079137166341,-0.19368091984700286,0.39941433305899793
1746637218429270,54.01800000000001,1746637218429270,REGIME_ZERO,357.91113,0.037768595,-0.20110421648218052,2711.4219,0.24854935540093315,-0.2012657050334035,0.44165298030453004
1746637218431523,47.2744,1746637218431523,REGIME_ZERO,246.80286,0.019800972,-0.19120796013684066,1842.7241,0.1713908831278483,-0.19810458696668004,0.45443712405134556
1746637218433748,57.19930000000001,1746637218433748,REGIME_ZERO,603.9364,0.03918553,-0.20055124928768658,4740.4766,0.4194002787272135,-0.20451949803161368,0.2467544456749885
1746637218435990,38.1354,1746637218435990,REGIME_ZERO_2D,711.68475,0.04239619,-0.216470733656622,5665.852,0.49422548082139756,-0.21706287486189374,-0.15661045671362872
1746637218438258,37.3354,1746637218438258,REGIME_ZERO_2D,251.3548,0.016362526,-0.19812966853786534,1894.6171,0.17455194261338974,-0.20055754913849116,0.27270255405941174
1746637218440493,32.9704,1746637218440493,REGIME_ZERO_2D,411.00198,0.036229514,-0.1873284573526125,3150.1985,0.28541802300347224,-0.18785962237565906,0.3345217913666688
1746637218442792,27.011900000000004,1746637218442792,REGIME_ZERO,146.02109,0.010682965,-0.19347419567008436,1065.3138,0.10140353308783637,-0.20061388865903387,0.4436226332836171
1746637218445063,45.9538,1746637218445063,REGIME_ZERO_2D,357.27258,0.03484395,-0.18294596531773427,2717.745,0.24810596042209201,-0.1857702476444956,0.3350176366585693
1746637218447320,35.7543,1746637218447320,REGIME_ZERO_2D,534.90094,0.07942402,-0.15977971117190382,4175.023,0.37145894368489585,-0.16014224339861,0.22728085301095857
1746637218449609,37.9488,1746637218449609,REGIME_ZERO_2D,352.0544,0.022637634,-0.19566414392211245,2717.2922,0.24448223114013673,-0.20093760259466387,0.03465857613483726
1746637218451895,24.6393,1746637218451895,REGIME_ZERO,420.18692,0.027035829,-0.22080056049212549,3264.9219,0.2917964511447483,-0.2213377364683024,0.12637263372302202
1746637218454168,26.6164,1746637218454168,REGIME_ZERO_2D,242.93777,0.0188486,-0.1943103747758421,1819.949,0.1687068091498481,-0.19637194392496915,0.3835161512933534
1746637218456431,70.2404,1746637218456431,REGIME_ZERO,313.81726,0.025152773,-0.19762950698745282,2386.0813,0.21792865329318575,-0.2005223942715048,0.3045322860125537
1746637218458711,27.924500000000002,1746637218458711,REGIME_ZERO,277.59244,0.017347516,-0.19868722726360477,2113.6035,0.19277252621120877,-0.20039250984355225,0.1595458558559364
1746637218460982,35.3593,1746637218460982,REGIME_ZERO,506.9381,0.04072968,-0.20871632443398885,3925.7954,0.3520403756035699,-0.21129611538629012,0.34484880116780464
1746637218463256,65.9739,1746637218463256,REGIME_ZERO_2D,439.1346,0.044943284,-0.1895777580031384,3358.106,0.3049546135796441,-0.1904220765268788,0.3670806632806399
1746637218465527,57.6037,1746637218465527,REGIME_ZERO_2D,532.15814,0.042799875,-0.19285552474138246,4125.653,0.3695542229546441,-0.19709226023122256,0.36813382422755947
1746637218467782,41.3229,1746637218467782,REGIME_ZERO_2D,558.5271,0.041257765,-0.18059585100805392,4453.2534,0.3878660413953993,-0.18016038823755698,0.17021306223943689
1746637218470061,62.3506,1746637218470061,REGIME_ZERO,142.2806,0.009967631,-0.18554589092388035,1039.4907,0.09880595737033421,-0.19025614754389886,0.413564053820377
1746637218472344,47.2648,1746637218472344,REGIME_ZERO_2D,619.81366,0.054464035,-0.2066775502308782,5181.05,0.4304261525472005,-0.2066604847776441,0.17501135569150392
1746637218474616,58.0237,1746637218474616,REGIME_ZERO,240.88313,0.01946402,-0.20133631568018912,1801.2781,0.16727994283040365,-0.2019910651645369,0.43958434725326245
1746637218476899,48.0748,1746637218476899,REGIME_ZERO_2D,419.74225,0.023664154,-0.2187087065979773,3199.0083,0.2914876725938585,-0.21870089158592318,0.3189580828519282
1746637218479174,49.6509,1746637218479174,REGIME_ZERO,277.39792,0.016366927,-0.2092773035742044,2118.5461,0.19263746473524307,-0.21010568040411012,0.207999278415082
1746637218481447,61.5573,1746637218481447,REGIME_ZERO,413.6623,0.0367566,-0.19294314880861063,3167.784,0.2872654808892144,-0.1959510281328234,0.37618319577400416
1746637218483728,26.0839,1746637218483728,REGIME_ZERO,50.518974,0.0033728904,-0.19820817389177892,347.47366,0.03508262104458279,-0.19841692361860316,0.4227456892446192
1746637218486008,45.7019,1746637218486008,REGIME_ZERO,196.94373,0.014106107,-0.19773883913964965,1463.846,0.13676646550496419,-0.20110796215678478,0.4006360751179797
1746637218488283,60.3601,1746637218488283,REGIME_ZERO,225.61604,0.01450048,-0.2014190135896003,1695.0435,0.15667780770195855,-0.20295316857971749,0.24738486843954047
1746638045050626,32.1857,1746638045050626,REGIME_ZERO,538.9554,0.04082942,-0.2154610859584563,4260.438,0.3742745717366536,-0.2172522278198355,0.1419682758147705
1746638045052821,21.159,1746638045052821,REGIME_ZERO_2D,360.58752,0.028118389,-0.19480852281872807,2743.1514,0.2504080242580838,-0.1973923135625591,0.4040141653594592
1746638045055005,76.2796,1746638045055005,REGIME_ZERO_2D,490.10013,0.038690828,-0.197213553685362,3776.2727,0.3403473324245877,-0.1989975435981879,0.3378486061932774
1746638045057226,28.221899999999998,1746638045057226,REGIME_ZERO_2D,693.86554,0.052018274,-0.15686015460820832,5485.496,0.4818510267469618,-0.16497308015817366,0.0008971521397315302
1746638045059529,31.0024,1746638045059529,REGIME_ZERO,210.55618,0.013631457,-0.2006184298776045,1563.7145,0.14621957143147787,-0.20176876294894006,0.44676783421629207
1746638045061779,40.1405,1746638045061779,REGIME_ZERO_2D,339.71143,0.030803796,-0.18979267038862932,2581.0796,0.23591071234809027,-0.1923718387705107,0.3315868665781576
1746638045064034,27.023500000000002,1746638045064034,REGIME_ZERO,189.6862,0.014314285,-0.1910730316738097,1412.1396,0.13172651926676432,-0.19880671989083487,0.24728413848649905
1746638045066296,30.7486,1746638045066296,REGIME_ZERO_2D,499.5542,0.039977096,-0.20172604422455037,3893.8523,0.34691265953911676,-0.20466941313517767,0.09870940541176121
1746638045104454,54.091300000000004,1746637218406560,Zooming_2,2022.0134,0.20134342,-0.072681894946204,17009.63,1.404175991482205,-0.07129843690066202,0.07200934163513655
1746638045120762,23.8341,1746637218406560,Zooming_1,190.47493,0.014481775,-0.1904091491568933,1406.6205,0.13227425681220162,-0.19529945790050954,0.46227752327965377
1746638045148212,136.522,1746637218365588,Zooming_2,771.1252,0.09593438,-0.1608443316993824,6412.151,0.535503641764323,-0.16196972544926425,0.13369552603085808
1746638045165680,90.5789,1746637218365588,Zooming_1,779.6631,0.08017431,-0.1866144499045251,6469.261,0.5414327409532335,-0.18821107399246334,0.13362686590182143
1746638045197127,112.98499999999999,1746637218309136,Zooming_1,1433.9025,0.090830535,-0.21971597104282073,12535.398,0.9957656860351562,-0.22071551681881216,0.10016670455860724
1746638045213714,85.4076,1746637218309136,Zooming_3,871.79767,0.055471968,-0.2356918784132378,7390.796,0.6054150899251302,-0.236629516717633,0.24473376382689382
1746638045233976,59.59310000000001,1746637218309136,Zooming_2,2388.0337,0.20042248,-0.08475861145572608,20705.664,1.6583567301432292,-0.08535190806661666,-0.00572780797097848
1746638045254370,63.15849999999999,1746637218309136,Zooming_4,2657.046,0.17274716,-0.1341827137877349,22844.844,1.8451707628038194,-0.13466192788450548,0.02824440270687774
1746638045274940,58.3892,1746637218406560,SIDETEST_2Dvs3D,508.14676,0.054088615,-0.19563199448066676,3990.2554,0.3528796937730577,-0.1961234983988001,0.41203755069434905
1746638045276102,118.01399999999998,1746637218309136,SIDETEST_2Dvs3D,543.36255,0.050727747,-0.19263929578827366,4262.2534,0.3773351033528646,-0.19305305391696864,0.4363694836655232
1746638045277277,36.9436,1746637218365588,SIDETEST_2Dvs3D,359.11563,0.034412023,-0.19118945922250508,2726.6086,0.24938587612575955,-0.19924114425834516,0.39885128490239563
1746638045278436,33.5633,1746637218456431,SIDETEST_2Dvs3D,341.62415,0.029543873,-0.18892437046463056,2603.0137,0.23723898993598092,-0.1924375574627888,0.306219630121077
1746638267580206,40.4055,1746637218309136,REGIME_ONE,866.8199,0.07776279,-0.17499200481090765,7278.1143,0.6019582960340711,-0.17955072570786507,0.07059308235392203
1746638267582985,37.6325,1746637218309136,REGIME_ONE,751.4782,0.06370026,-0.21098284496733477,6107.963,0.5218598259819879,-0.21371678792669266,0.21944004799501543
1746638267584309,37.981,1746637218309136,REGIME_ONE_2D,794.71277,0.05679768,-0.18764664013380528,6385.7056,0.5518838670518663,-0.1872369556958699,0.13213302295835194
1746638267585598,61.5724,1746637218309136,REGIME_ONE,526.8974,0.04764886,-0.19055671267525304,4096.4053,0.3659009297688802,-0.19324926810079823,0.3369177493398532
1746638267586862,33.7591,1746637218309136,REGIME_ONE_2D,421.23242,0.027759988,-0.20280133294810015,3243.7937,0.2925225151909722,-0.2044410745084444,0.31191944625331836
1746638267588155,48.3928,1746637218309136,REGIME_ONE,539.20703,0.036293793,-0.21587338758813768,4240.9453,0.37444932725694446,-0.21738777272375415,0.41963805133192916
1746638267589470,38.5323,1746637218309136,REGIME_ONE,868.5898,0.053900342,-0.20674100669676215,7027.2676,0.6031873491075304,-0.20954598844895309,0.12970127672035808
1746638267590824,73.3403,1746637218309136,REGIME_ONE,692.26,0.046798933,-0.21518251003034117,5560.857,0.48073611789279513,-0.2157495263118296,0.34046129017592863
1746638267592118,41.3109,1746637218309136,REGIME_ONE_2D,452.77762,0.05253764,-0.18909610034734833,3463.742,0.3144288804796007,-0.18957370150836284,0.4522156390402484
1746638267593438,24.0343,1746637218309136,REGIME_ONE_2D,630.97656,0.04984638,-0.2020015812624733,4966.6763,0.4381781684027778,-0.20796427329298225,0.3613907904887738
1746638267594902,67.5465,1746637218309136,REGIME_ONE,830.707,0.04923112,-0.22002460617992753,7091.278,0.5768798404269748,-0.22232290891036255,0.16893843339795855
1746638267596205,57.2298,1746637218309136,REGIME_ONE,543.77155,0.033312704,-0.22786256098963353,4252.258,0.3776190863715278,-0.2291342901646027,0.4180538610590004
1746638267597497,103.279,1746637218309136,REGIME_ONE_2D,2588.5754,0.30849668,0.06499949747691368,20939.502,1.797621832953559,0.06325276605207864,0.022259861761633498
1746638267599292,52.4895,1746637218365588,REGIME_ONE,635.6696,0.08120193,-0.18555728111016234,5339.431,0.44143719143337673,-0.18768298641435416,0.23849069372501008
1746638267600556,61.580799999999996,1746637218365588,REGIME_ONE,441.88455,0.027407663,-0.207790902712364,3346.1665,0.30686429341634114,-0.21134538370935024,0.49442226783432197
1746638267601898,63.5477,1746637218365588,REGIME_ONE,463.57303,0.027493177,-0.2179790513430805,3623.433,0.32192569308810765,-0.2219474565749392,0.2701824647271663
1746638267603212,45.2766,1746637218365588,REGIME_ONE,152.76053,0.010043152,-0.1891724344345896,1120.5868,0.10608371098836263,-0.1895461697691922,0.33007791252735436
1746638267604577,32.9548,1746637218365588,REGIME_ONE_2D,452.6885,0.045722134,-0.19202778619323377,3478.5413,0.3143669976128472,-0.19325043161015143,0.27394604936190275
1746638267605851,22.3941,1746637218365588,REGIME_ONE_2D,301.29718,0.01882605,-0.19906500723594003,2281.616,0.2092341528998481,-0.20046915522832,0.37556562490360945
1746638267608307,54.0293,1746637218365588,REGIME_ONE,639.9394,0.061209235,-0.19606554963077813,5154.25,0.44440235561794705,-0.19821774569867415,0.32166384515665225
1746638267610443,52.0461,1746637218365588,REGIME_ONE,422.2638,0.027006472,-0.20290630086547662,3273.6445,0.2932387457953559,-0.21117215111219328,0.13526404553501564
1746638267612586,78.6734,1746637218365588,REGIME_ONE,257.75565,0.019886913,-0.1887126876216857,1940.807,0.1789969762166341,-0.19784224319926683,0.32464828298469883
1746638267615129,50.4647,1746637218365588,REGIME_ONE,1021.93854,0.121351585,-0.13887958724957622,8466.485,0.7096795823838976,-0.1363024843199992,-0.19972356648093786
1746638267617506,92.7556,1746637218365588,REGIME_ONE,416.7119,0.045445822,-0.19366003233724896,3193.8362,0.2893832736545139,-0.19554566128962397,0.37669208432262224
1746638267619756,38.7272,1746637218365588,REGIME_ONE,420.35446,0.03703879,-0.19508728118824864,3246.389,0.29191277821858724,-0.19698058270142219,0.26691795576886246
1746638267621994,37.3473,1746637218365588,REGIME_ONE_2D,331.05426,0.025559692,-0.18728259634949845,2499.6355,0.22989879184299045,-0.19199633658171122,0.4620746565303093
1746638267624365,29.2356,1746637218365588,REGIME_ONE,158.63382,0.011027363,-0.1960567158535311,1172.7565,0.11016237470838759,-0.19957539324734447,0.30157791777119247
1746638267628992,25.2941,1746637218406560,REGIME_ONE_2D,395.82147,0.035231203,-0.20450824266171208,3007.783,0.2748760223388672,-0.20551076899754364,0.4436865939236424
1746638267631213,29.3905,1746637218406560,REGIME_ONE_2D,329.51715,0.028725954,-0.1797772493495561,2485.8694,0.22883135477701824,-0.1829635741218707,0.4666307478689041
1746638267633740,30.198400000000003,1746637218406560,REGIME_ONE_2D,413.8404,0.029828101,-0.2064386982942289,3205.1663,0.287389161851671,-0.20684190075412262,0.11034520006088201
1746638267636022,65.1157,1746637218406560,REGIME_ONE_2D,477.49808,0.040353645,-0.18094748381960768,3707.289,0.3315959082709418,-0.1860843364664623,0.3711877843508563
1746638267638391,27.8138,1746637218406560,REGIME_ONE_2D,211.40852,0.013918861,-0.19509194852523418,1584.6154,0.14681146409776474,-0.19842664471539972,0.2194218208206078
1746638267640799,25.5651,1746637218406560,REGIME_ONE_2D,235.922,0.016311912,-0.19020114158541357,1762.0629,0.1638347413804796,-0.19669100742256163,0.3655344706948982
1746638267643113,61.6339,1746637218406560,REGIME_ONE,443.55417,0.030774707,-0.19897544595567593,3493.8723,0.3080237282647027,-0.2046062278461503,0.2537980876502232
1746638267645457,27.0132,1746637218406560,REGIME_ONE_2D,247.23149,0.018775733,-0.19007300543350958,1851.1902,0.1716885248819987,-0.19218160338266177,0.3911127447765069
1746638267647901,61.5246,1746637218406560,REGIME_ONE_2D,498.95642,0.043963093,-0.1903024118499893,3860.9346,0.3464974933200412,-0.19071071457602456,0.4303165605492941
1746638267650221,39.7328,1746637218406560,REGIME_ONE_2D,769.133,0.079692736,-0.1833563461099929,6362.1924,0.5341200934516059,-0.1828528337023959,0.2222639410156631
1746638267652460,35.2098,1746637218406560,REGIME_ONE_2D,250.07219,0.021077352,-0.18042942936647477,1870.451,0.1736612531873915,-0.1936025372980395,0.43684963661743326
1746638267654574,20.2626,1746637218406560,REGIME_ONE_2D,274.54944,0.02109057,-0.19211838577472545,2059.7478,0.19065931108262804,-0.20024291493975832,0.45404888778485447
1746638267656676,51.9476,1746637218406560,REGIME_ONE,633.14795,0.042550314,-0.20856285125576263,5032.4175,0.43968607584635416,-0.2131703816619222,0.2780150671736593
1746638267658812,71.0904,1746637218309136,SIDETEST_2Dvs3D,1282.3828,0.111400865,-0.1574527407091929,11438.85,0.8905436197916666,-0.15828854330648595,0.06794035404348943
1746638267659942,102.896,1746637218309136,SIDETEST_2Dvs3D,848.31696,0.0700898,-0.19499468857731467,7221.263,0.5891089969211154,-0.1960970921403904,0.2304193225653735
1746638267661076,83.0114,1746637218365588,SIDETEST_2Dvs3D,792.06146,0.105521314,-0.15533303879781127,6571.032,0.5500426398383247,-0.1549785165011036,0.13731032561757558
1746638267662192,63.549,1746637218365588,SIDETEST_2Dvs3D,792.92017,0.104465105,-0.15746825593576913,6574.5205,0.5506390041775173,-0.1578295418986563,0.1355516381190916
1746638727585154,60.20219999999999,1746637218309136,REGIME_ONE,839.29584,0.06035919,-0.19710035170716728,7046.0703,0.5828443739149306,-0.19826699764868444,0.2300615918678099
1746638727587210,31.3859,1746637218309136,REGIME_ONE_2D,433.37073,0.028164899,-0.20598591976326094,3329.6763,0.3009519153171115,-0.20649048813243165,0.36606853748264967
1746638727588458,24.3801,1746637218309136,REGIME_ONE_2D,414.3416,0.02589891,-0.2181893089847402,3173.852,0.2877372317843967,-0.21876651852490508,0.17270349330464135
1746638727589700,79.0064,1746637218309136,REGIME_ONE_2D,1383.0425,0.16274257,-0.10567675886804201,11853.667,0.9604461669921875,-0.10187790657761125,0.0872366679953257
1746638727590964,34.1716,1746637218309136,REGIME_ONE_2D,369.86343,0.021958074,-0.21600275739783847,2822.55,0.25684962802463107,-0.21713406987918363,0.3869337909955835
1746638727592200,45.3006,1746637218309136,REGIME_ONE_2D,379.55167,0.031479415,-0.1913868617779993,2886.4988,0.2635775460137261,-0.19452467583831298,0.42308507735778306
1746638727593470,38.5435,1746637218309136,REGIME_ONE,585.02997,0.050019585,-0.21865382549519535,4589.007,0.4062708536783854,-0.22005963758118535,0.37683670351735077
1746638727594735,36.1458,1746637218309136,REGIME_ONE_2D,563.19775,0.04021092,-0.20799549580701132,4342.33,0.3911095513237847,-0.21454696381850272,0.4253083840127674
1746638727596046,34.1618,1746637218309136,REGIME_ONE_2D,1695.1221,0.14662673,-0.10465167788085943,14723.622,1.1771681043836806,-0.10013843176712935,-0.14240080755553902
1746638727597312,33.7598,1746637218309136,REGIME_ONE_2D,1734.4915,0.15894812,-0.08510422444618558,13652.866,1.2045079549153646,-0.08910800738038106,0.068880956367292
1746638727598578,29.405099999999997,1746637218309136,REGIME_ONE,593.11035,0.037371825,-0.22389113010778977,4666.8413,0.4118821461995443,-0.22476063984682468,0.4086736423862336
1746638727599845,39.0699,1746637218309136,REGIME_ONE_2D,479.62384,0.047426034,-0.1943639426121048,3796.284,0.33307213253445095,-0.19841031661957845,0.014549092162408999
1746638727601130,51.243100000000005,1746637218309136,REGIME_ONE_2D,839.28156,0.05834651,-0.21171175845763218,6833.981,0.5828343709309896,-0.2134842461412041,0.2272812850641247
1746638727602379,76.6699,1746637218309136,REGIME_ONE,581.8759,0.035226036,-0.2292609548243809,4612.879,0.4040804545084635,-0.23051870152621579,0.39313799223119983
1746638727604118,41.7042,1746637218365588,REGIME_ONE,285.76892,0.02456636,-0.1924830190000445,2150.1301,0.19845068189832898,-0.20223416222039028,0.433419921906798
1746638727605377,35.5039,1746637218365588,REGIME_ONE_2D,401.95996,0.04217691,-0.19169910546180063,3069.1174,0.2791388193766276,-0.19919862752850365,0.35114426712886837
1746638727606763,25.8262,1746637218365588,REGIME_ONE_2D,223.63142,0.015349848,-0.1863097331511015,1672.0854,0.1552995999654134,-0.18773917558578007,0.35395789469909833
1746638727608045,21.0563,1746637218365588,REGIME_ONE,326.9733,0.023017574,-0.20346240804419388,2462.8467,0.22706478966606988,-0.20411636052040813,0.43841569664407454
1746638727609360,41.3151,1746637218365588,REGIME_ONE,589.1835,0.04825648,-0.21353181419615103,4613.5474,0.4091551886664497,-0.21393702323388425,0.11427346335121394
1746638727610666,38.1338,1746637218365588,REGIME_ONE_2D,868.4781,0.077614054,-0.1548226534783978,7367.2144,0.6031097412109375,-0.15842952972643662,-0.0027406508819612756
1746638727611976,45.2824,1746637218365588,REGIME_ONE,350.90656,0.029363917,-0.1935582496272745,2679.2944,0.2436851077609592,-0.19710849301642813,0.35352836609832494
1746638727613261,33.682,1746637218365588,REGIME_ONE,329.5978,0.026196903,-0.19973049435396112,2494.5151,0.22888734605577257,-0.2030597321955358,0.4026695296545615
1746638727614563,25.0313,1746637218365588,REGIME_ONE,133.12607,0.008810535,-0.19074302468503115,975.5818,0.0924486584133572,-0.19335715617417337,0.3085100972757567
1746638727615828,55.604,1746637218365588,REGIME_ONE,499.2548,0.03756507,-0.19051548237820617,3934.181,0.3467047373453776,-0.1915768584889868,0.1509237768957345
1746638727617193,18.2806,1746637218365588,REGIME_ONE_2D,306.13492,0.022251563,-0.19030964087892088,2312.684,0.21259371439615884,-0.19184564616404706,0.35251549513900016
1746638727618476,39.7155,1746637218365588,REGIME_ONE,441.05884,0.035770718,-0.20451446205936274,3393.6042,0.30629085964626734,-0.2070960567398734,0.3166559109186189
1746638727619731,40.537,1746637218365588,REGIME_ONE,725.03015,0.04333404,-0.1890686660283888,5892.078,0.5034930759006077,-0.20425517336818808,0.18019715707070944
1746638727621631,35.2149,1746637218406560,REGIME_ONE,259.81174,0.019745247,-0.19448678883522835,1949.5084,0.18042481740315755,-0.19484787840021137,0.4206314103959472
1746638727622936,41.317,1746637218406560,REGIME_ONE,327.61188,0.026272984,-0.18832298657743868,2478.763,0.2275082482231988,-0.1919624369543878,0.4410674913048484
1746638727624282,16.8576,1746637218406560,REGIME_ONE_2D,227.71759,0.015026306,-0.18901202479367307,1720.585,0.15813720491197375,-0.19357088707351225,0.1109417423805796
1746638727625627,42.8465,1746637218406560,REGIME_ONE_2D,609.752,0.04870145,-0.19559113413475132,4871.097,0.4234389411078559,-0.19918452256911912,0.324459211099957
1746638727626947,30.9844,1746637218406560,REGIME_ONE_2D,262.781,0.020895684,-0.1908853423638421,1967.0226,0.18248680962456598,-0.19880424542254105,0.45993376240950357
1746638727628236,26.2172,1746637218406560,REGIME_ONE_2D,303.4425,0.018387679,-0.20982550202266148,2324.8967,0.21072396172417535,-0.2117488971464332,0.0881583483709225
1746638727629593,73.8577,1746637218406560,REGIME_ONE_2D,516.83057,0.042250764,-0.1925692572285785,4029.0112,0.358910157945421,-0.19772391633808245,0.36777315945715017
1746638727631006,26.4276,1746637218406560,REGIME_ONE_2D,223.32648,0.014318058,-0.19355403357350642,1675.5345,0.15508783128526477,-0.19615150947290555,0.2946589351387375
1746638727632438,27.8065,1746637218406560,REGIME_ONE_2D,244.2918,0.019523215,-0.1845684626376759,1832.322,0.16964706844753688,-0.19393819381658806,0.3920815384949183
1746638727633801,22.3478,1746637218406560,REGIME_ONE_2D,214.43085,0.014782012,-0.19917377793456664,1604.5677,0.14891031053331164,-0.20104232937674432,0.2694987347734744
1746638727635241,18.8209,1746637218406560,REGIME_ONE_2D,120.67017,0.0075400965,-0.1939737439438733,875.1544,0.08379873699612088,-0.1944659045245819,0.4204701312263252
1746638727636679,33.3718,1746637218406560,REGIME_ONE,511.0035,0.03374814,-0.21180587538264845,4011.1824,0.35486356947157116,-0.21238938727257609,0.35903745451825203
1746638727638160,27.8193,1746637218406560,REGIME_ONE_2D,817.44354,0.091061875,-0.1807315736064567,6899.6816,0.5676691267225478,-0.18078148373072928,0.12038189018463188
1746638727639813,95.939,1746637218309136,SIDETEST_2Dvs3D,3039.1057,0.29920876,0.05546008440100646,24710.5,2.1104900783962672,0.055643480127242635,-0.006555552942777713
1746638727640922,84.21,1746637218406560,SIDETEST_2Dvs3D,431.43747,0.03640828,-0.18532847706389663,3348.5513,0.299609375,-0.1900056214929357,0.3704993236019174
1746638727642026,32.1746,1746637218365588,SIDETEST_2Dvs3D,451.18716,0.052996356,-0.18772053784374504,3461.8938,0.31332444085015193,-0.19010811049856072,0.3786036930030412
1746638727643104,27.251300000000004,1746637218365588,SIDETEST_2Dvs3D,286.96307,0.021631977,-0.19078008156601128,2167.256,0.19927991231282552,-0.19880618091881522,0.3310633563620122
1746639174606529,30.402800000000003,1746637218309136,REGIME_ONE_2D,328.71198,0.032548394,-0.19190862994660673,2483.0195,0.22827220492892794,-0.19225399511362154,0.4285845730461984
1746639174607962,28.9994,1746637218309136,REGIME_ONE_2D,462.15747,0.035938524,-0.19591451584583539,3642.8494,0.32094270918104384,-0.19765858741944356,0.3040096459621206
1746639174609316,22.2408,1746637218309136,REGIME_ONE_2D,746.9317,0.067145035,-0.16211590313581076,6031.8403,0.5187025705973307,-0.16374104675224774,0.2741320268154611
1746639174610622,34.1744,1746637218309136,REGIME_ONE_2D,219.88286,0.0153497765,-0.18925888009182326,1642.61,0.15269643995496962,-0.1968406288001168,0.3369725336526479
1746639174611964,25.826900000000002,1746637218309136,REGIME_ONE_2D,672.31476,0.05599573,-0.18878578709623345,5300.408,0.46688529120551214,-0.1916298494181005,0.15154970249768762
1746639174613333,29.405099999999997,1746637218309136,REGIME_ONE,1513.842,0.12719218,-0.13534246074311496,12874.51,1.0512793646918404,-0.1344088562759513,0.11630645259836656
1746639174614770,44.4907,1746637218309136,REGIME_ONE_2D,766.456,0.06611,-0.17377608017305207,6268.5356,0.5322611067030165,-0.17734410985400828,0.2573013039536493
1746639174616151,38.1349,1746637218309136,REGIME_ONE,782.6926,0.05890551,-0.19031336122721987,6497.8193,0.5435365464952256,-0.19189269731120934,0.1750449868116156
1746639174617513,35.7573,1746637218309136,REGIME_ONE_2D,755.7526,0.06396744,-0.20127989698443802,6076.8726,0.5248282538519965,-0.2054895721085038,0.05881033856795387
1746639174618882,22.2416,1746637218309136,REGIME_ONE_2D,1436.4287,0.13675788,-0.11163704330618043,10854.386,0.9975199381510417,-0.1145362739103631,0.09031689770345969
1746639174620246,36.951,1746637218309136,REGIME_ONE,268.85046,0.0161128,-0.20418575918379148,2011.5668,0.1867017110188802,-0.20583849718100167,0.41813265561351054
1746639174621646,68.3404,1746637218309136,REGIME_ONE,672.3661,0.037480887,-0.23420886599686716,5416.0903,0.4669208526611328,-0.2364607317804219,0.3308481347139226
1746639174623002,43.9382,1746637218309136,REGIME_ONE_2D,2044.6952,0.20022793,-0.046005529281680266,16259.156,1.419927215576172,-0.04660753046323789,0.012786514242019762
1746639174625030,27.6541,1746637218365588,REGIME_ONE_2D,176.79439,0.012213941,-0.19367924395988634,1301.0109,0.12277388042873806,-0.1990185900686428,0.45619279833633336
1746639174626363,54.837599999999995,1746637218365588,REGIME_ONE,314.02383,0.020460008,-0.20881433429852914,2397.9814,0.21807208591037328,-0.2106811913550593,0.3284619069869358
1746639174627738,54.4177,1746637218365588,REGIME_ONE,450.81207,0.03983929,-0.1971832762366345,3468.2178,0.3130639394124349,-0.1980174281248845,0.377903117287672
1746639174629142,36.1525,1746637218365588,REGIME_ONE_2D,490.62686,0.03621368,-0.19917587248689284,3799.4614,0.3407131195068359,-0.20054254974671176,0.39632214477550937
1746639174631485,31.1824,1746637218365588,REGIME_ONE,454.51135,0.05330858,-0.18283762367464657,3513.063,0.3156328837076823,-0.18378028644677588,0.4473580514388013
1746639174633780,58.1592,1746637218365588,REGIME_ONE,1114.6359,0.0905899,-0.17205331167287102,9212.201,0.7740526835123698,-0.17282932839830667,-0.19618898575954546
1746639174635906,24.7784,1746637218365588,REGIME_ONE,403.8865,0.030066043,-0.20402685744470173,3161.0928,0.2804767608642578,-0.20456928041143302,-0.04188194421444704
1746639174638245,37.7397,1746637218365588,REGIME_ONE,349.87518,0.027306179,-0.20823445449409028,2659.2244,0.24296885596381293,-0.21376848439768115,0.3849582412164054
1746639174640545,24.234,1746637218365588,REGIME_ONE_2D,421.3281,0.03960875,-0.19997059226077535,3225.2903,0.2925889756944444,-0.20206853514729164,0.3745341479229607
1746639174642660,35.1659,1746637218365588,REGIME_ONE,223.45367,0.017340679,-0.18525258193224564,1659.3918,0.15517617331610786,-0.19805179904007397,0.4311843690281593
1746639174644778,29.4621,1746637218365588,REGIME_ONE_2D,327.953,0.020876303,-0.20068062197926478,2462.472,0.2277451409233941,-0.2047548742070613,0.41772674776297125
1746639174646926,30.1944,1746637218365588,REGIME_ONE,230.13754,0.016964452,-0.19170736536762734,1708.3114,0.15981773800320095,-0.20230182156432663,0.4339241522095451
1746639174649208,37.5744,1746637218365588,REGIME_ONE,238.85573,0.015985848,-0.19088103264449846,1791.0221,0.1658720228407118,-0.19156867968505492,0.34500072942564
1746639174654606,20.7921,1746637218406560,REGIME_ONE,161.63792,0.011704124,-0.19017684808857593,1197.003,0.11224854787190755,-0.19375033233044392,0.25817607347635707
1746639174657068,26.4283,1746637218406560,REGIME_ONE_2D,413.37234,0.025973538,-0.20764828912722522,3155.0771,0.2870641496446398,-0.20930823026117873,0.42610155007105843
1746639174659250,26.2248,1746637218406560,REGIME_ONE,497.68765,0.053943638,-0.19505855258526544,3881.3042,0.34561644660102,-0.19584499067724517,0.3983452070358079
1746639174661540,23.4387,1746637218406560,REGIME_ONE_2D,643.8508,0.07351674,-0.17529031258677763,5236.1313,0.4471186319986979,-0.17608305283765852,-0.02327679314153684
1746639174663879,40.5219,1746637218406560,REGIME_ONE,338.7634,0.023167504,-0.20381831131678396,2597.8342,0.23525233798556858,-0.20492515399669003,0.2318703099533664
1746639174666172,34.3638,1746637218406560,REGIME_ONE_2D,945.251,0.07885104,-0.17203398520666907,8078.0566,0.6564242892795139,-0.1699643366384681,0.14250779378247866
1746639174668456,53.6306,1746637218406560,REGIME_ONE,302.38675,0.017919807,-0.20978284079603723,2319.1733,0.2099907981024848,-0.2117739638117226,0.13132907261614693
1746639174670750,27.0125,1746637218406560,REGIME_ONE_2D,247.72249,0.021060724,-0.18673758443185956,1850.8793,0.1720295058356391,-0.19658621171808932,0.45251839935980753
1746639174672869,38.5278,1746637218406560,REGIME_ONE_2D,278.04865,0.017067878,-0.20925245321144653,2111.6624,0.19308931562635634,-0.2112269154604889,0.16182999523160657
1746639174675018,21.2355,1746637218406560,REGIME_ONE_2D,183.8106,0.0127389375,-0.19720511692056525,1360.7916,0.12764624489678278,-0.19979818257178258,0.41415688569314435
1746639174677304,33.3754,1746637218406560,REGIME_ONE_2D,324.05533,0.030692203,-0.18979651998670105,2448.3115,0.22503844367133247,-0.19063981691667914,0.3956366823804839
1746639174679645,35.88,1746637218406560,REGIME_ONE,251.9742,0.018557485,-0.19652164622578255,1896.7324,0.17498207092285156,-0.19919709721314863,0.2622280651543831
1746639174681932,35.3532,1746637218406560,REGIME_ONE,176.36272,0.010459786,-0.19722619368807562,1306.2682,0.12247411939832899,-0.1977389646487395,0.30551642554023795
1746639174684214,19.9493,1746637218406560,REGIME_ONE_2D,116.344376,0.007862968,-0.19787956103378956,845.9198,0.08079471588134765,-0.19874143409146555,0.31519151994270644
1746639174687351,54.03670000000001,1746637218309136,SIDETEST_2Dvs3D,1523.7556,0.09759136,-0.16777210119433217,12912.457,1.0581636216905381,-0.16738077794074174,0.10413848536337092
1746639174688511,78.6437,1746637218406560,SIDETEST_2Dvs3D,472.13846,0.038637727,-0.1985909826717889,3681.7173,0.3278739293416341,-0.20398050240838722,0.3617199030377889
1746639174689713,34.172,1746637218309136,SIDETEST_2Dvs3D,603.08014,0.039581127,-0.22311366837413005,4769.3643,0.41880560980902776,-0.22565677515072957,0.3960087341370273
1746639174690884,33.6213,1746637218309136,SIDETEST_2Dvs3D,866.34375,0.06442012,-0.1933826336824359,7281.4707,0.6016276041666667,-0.19471711880617343,0.22994368731928308
1746639638340664,68.7906,1746637218309136,REGIME_ONE_2D,392.8163,0.0265091,-0.19456169736076162,3000.0793,0.2727891286214193,-0.19748428154991604,0.40003819788741046
1746639638342698,74.3052,1746637218309136,REGIME_ONE_2D,858.3025,0.056043953,-0.20865822192286765,7110.0205,0.5960433959960938,-0.21115369441921022,0.1690015015456183
1746639638343984,71.1104,1746637218309136,REGIME_ONE,975.89056,0.08451645,-0.1459631742661686,8159.748,0.6777018229166667,-0.1478404964190615,0.19830729149728987
1746639638345280,85.0323,1746637218309136,REGIME_ONE,734.0011,0.0608264,-0.17568646579578417,5992.373,0.5097230275472006,-0.17965185394433275,0.25688549994765075
1746639638346550,77.275,1746637218309136,REGIME_ONE_2D,619.52637,0.058893774,-0.18029839827543825,4882.1953,0.4302266438802083,-0.18036445757170272,0.4196394407119544
1746639638347820,83.0261,1746637218309136,REGIME_ONE_2D,1876.1172,0.15036063,-0.09304711896231399,15780.413,1.3028592427571615,-0.08836027791808118,-0.09267570565592093
1746639638349088,133.653,1746637218309136,REGIME_ONE,1735.781,0.11642989,-0.16451207257981726,14712.247,1.2054034762912327,-0.16462877410535848,0.0894576616075662
1746639638350359,100.092,1746637218309136,REGIME_ONE,1397.8506,0.09475651,-0.15288799725478963,12186.48,0.9707295735677083,-0.15231277654444664,0.07931945305524854
1746639638351662,63.9689,1746637218309136,REGIME_ONE,663.3205,0.03607903,-0.24447931202386475,5335.057,0.46063919067382814,-0.24960396882238178,0.13464982696146588
1746639638352929,56.4153,1746637218309136,REGIME_ONE,1141.2277,0.069669425,-0.2288178963217504,9513.416,0.7925191243489583,-0.23015042043929204,0.21399289274365732
1746639638354227,77.8859,1746637218309136,REGIME_ONE_2D,1615.7324,0.13408887,-0.13710753292020558,13122.742,1.1220364040798612,-0.13956285992813894,0.0802198802381337
1746639638355526,79.8764,1746637218309136,REGIME_ONE,878.4779,0.06568832,-0.18662936722954268,7232.835,0.6100540584988065,-0.19048978669296968,0.11989655150734152
1746639638356826,107.877,1746637218309136,REGIME_ONE_2D,1393.8629,0.15331054,-0.11777735537940927,11872.558,0.9679602728949652,-0.11670687259423446,-0.15610987673147184
1746639638358828,92.7322,1746637218365588,REGIME_ONE,77.51992,0.0054528667,-0.17994341801381922,546.71216,0.05383327802022298,-0.18329803479498585,0.38107089052467524
1746639638360088,91.2345,1746637218365588,REGIME_ONE,586.2317,0.04415712,-0.21850851070905208,4608.3,0.40710533989800346,-0.218901395691885,0.30253255520415423
1746639638361372,67.5518,1746637218365588,REGIME_ONE,145.1181,0.009627362,-0.19446305569702194,1057.9501,0.10077647103203667,-0.1965355688735628,0.3830920463442593
1746639638362642,80.4809,1746637218365588,REGIME_ONE_2D,543.25684,0.06921838,-0.1831603896372106,4256.2495,0.37726173400878904,-0.18684842548858135,0.3057076810171073
1746639638363942,70.9312,1746637218365588,REGIME_ONE,638.2365,0.058800504,-0.19443256571149847,5095.931,0.44321984185112845,-0.19651142199237265,0.33299503482686765
1746639638365241,66.7405,1746637218365588,REGIME_ONE_2D,214.8668,0.015206489,-0.18697228616335398,1600.9297,0.14921304914686415,-0.19235975657439025,0.3402938858687907
1746639638366509,75.1035,1746637218365588,REGIME_ONE,589.44446,0.037214275,-0.22372627460473765,4727.4517,0.409336429172092,-0.22346882284858255,0.1335692075542315
1746639638367810,59.18769999999999,1746637218365588,REGIME_ONE,534.8001,0.037890792,-0.19609725880786924,4239.8916,0.3713889651828342,-0.19846127951491557,0.305544662136735
1746639638369077,86.226,1746637218365588,REGIME_ONE,323.66583,0.022929778,-0.1945335417071327,2446.2625,0.22476793924967448,-0.19679803452941996,0.4460095139271152
1746639638370377,92.8442,1746637218365588,REGIME_ONE,428.2506,0.031802725,-0.200335235909677,3337.7334,0.2973962571885851,-0.20517025786398402,0.25744738572478587
1746639638371646,65.1618,1746637218365588,REGIME_ONE_2D,192.74817,0.0139157465,-0.19278563054701153,1430.2804,0.13385288450453017,-0.19804651972063447,0.4011886719965814
1746639638372996,62.42710000000001,1746637218365588,REGIME_ONE_2D,367.99313,0.030434834,-0.19663035380135657,2819.6292,0.2555507871839735,-0.20147640595312982,0.3551613122882218
1746639638374344,61.5798,1746637218365588,REGIME_ONE_2D,385.7189,0.02230453,-0.2189279531401849,2930.3115,0.2678603490193685,-0.2210998049584465,0.3051803002650988
1746639638375721,100.321,1746637218365588,REGIME_ONE,664.8668,0.04859855,-0.18580327431382493,5222.756,0.4617130703396267,-0.19068456407394863,0.026698536941078224
1746639638377654,71.9612,1746637218406560,REGIME_ONE_2D,271.4168,0.018254874,-0.1937732976826132,2064.3323,0.1884839163886176,-0.2048186546011923,0.1864945747439104
1746639638379034,92.9548,1746637218406560,REGIME_ONE,289.33655,0.018621096,-0.20011877563739142,2181.9348,0.20092815823025173,-0.20284883507417276,0.36125042998944473
1746639638380303,56.705799999999996,1746637218406560,REGIME_ONE_2D,358.59552,0.02191698,-0.20436077063097258,2720.8716,0.24902466668023004,-0.20508801353814973,0.41142452210759517
1746639638381669,73.9529,1746637218406560,REGIME_ONE_2D,291.4563,0.020405246,-0.20055591952541346,2202.0576,0.20240022871229385,-0.2015525265735642,0.3236754018976564
1746639638383003,50.0539,1746637218406560,REGIME_ONE_2D,234.07819,0.017543014,-0.19369624841556868,1749.3861,0.1625542958577474,-0.1947065980451453,0.42581689607520706
1746639638384383,62.41949999999999,1746637218406560,REGIME_ONE_2D,278.70746,0.019759035,-0.20017233180919036,2103.77,0.19354686737060547,-0.20066479713700558,0.3392768024984478
1746639638385652,58.4883,1746637218406560,REGIME_ONE,139.06161,0.0103672,-0.18667558789503724,1018.9286,0.09657057656182183,-0.1925689976358447,0.28482368705069316
1746639638386932,61.9756,1746637218406560,REGIME_ONE_2D,240.07257,0.015020108,-0.20146197863398482,1815.4938,0.16671708424886067,-0.2036144170640518,0.19989397321816105
1746639638388278,58.0539,1746637218406560,REGIME_ONE_2D,315.75854,0.020590806,-0.2016448436117569,2411.113,0.21927676730685763,-0.20332155935826285,0.21420782255726914
1746639638389557,54.015499999999996,1746637218406560,REGIME_ONE_2D,319.749,0.023362385,-0.20407143498905364,2408.1313,0.22204793294270833,-0.21030789867177066,0.4541180078004393
1746639638390920,63.5644,1746637218406560,REGIME_ONE_2D,898.5011,0.07651965,-0.1720074677514568,7346.264,0.6239590115017362,-0.17379441340215304,-0.10751823234106243
1746639638392203,51.24679999999999,1746637218406560,REGIME_ONE,156.54633,0.010106062,-0.19185789141288578,1147.327,0.10871272616916233,-0.1922739730908728,0.4291185940774855
1746639638393576,57.2044,1746637218406560,REGIME_ONE_2D,84.032364,0.005934742,-0.1809446688693751,593.0992,0.05835580825805664,-0.18571223612480373,0.42812574647962687
1746639638395038,84.6019,1746637218309136,SIDETEST_2Dvs3D,755.58954,0.059985608,-0.18448249471066408,6219.378,0.5247149573432075,-0.18753391897900684,0.2614961399256676
1746639638396225,131.122,1746637218309136,SIDETEST_2Dvs3D,2277.0093,0.14634012,-0.1187481632074388,18339.977,1.5812564425998263,-0.11728559934985493,0.004313957517803729
1746639638397398,71.9177,1746637218309136,SIDETEST_2Dvs3D,690.1884,0.04599133,-0.21047747689646965,5546.378,0.47929746839735243,-0.2162406317131204,0.33715127650592314
1746639638398466,76.6849,1746637218365588,SIDETEST_2Dvs3D,1136.3331,0.115778185,-0.1292606987028496,9378.034,0.7891201443142362,-0.12684385060278858,-0.18668846795674804
1746640115861245,125.924,1746637218309136,REGIME_ONE,1115.6295,0.09355116,-0.1565506197053464,8965.131,0.7747428046332465,-0.1597173037545408,0.05052254108287241
1746640115862783,125.504,1746637218309136,REGIME_ONE,977.14636,0.09970484,-0.17102402627335736,8083.0176,0.6785738627115886,-0.1725530647830213,-0.1979280228207988
1746640115864269,70.2453,1746637218309136,REGIME_ONE,2854.6587,0.23658435,0.004103727611195817,23074.684,1.9824018690321181,0.014235672382170095,-0.020187024136500798
1746640115865698,104.119,1746637218309136,REGIME_ONE,1383.7963,0.086566776,-0.17748621729438555,11624.221,0.9609695434570312,-0.1819571278884703,0.0923135779125395
1746640115867040,82.2156,1746637218309136,REGIME_ONE_2D,335.79333,0.03440305,-0.1878352199709631,2537.324,0.2331898159450955,-0.18852481399810728,0.4436331147133159
1746640115868380,84.6312,1746637218309136,REGIME_ONE_2D,677.9324,0.051367093,-0.2117224689069151,5351.8843,0.470786370171441,-0.21501774699759219,0.1513990999568187
1746640115869838,65.2922,1746637218309136,REGIME_ONE_2D,911.8367,0.081233256,-0.18068979924737463,7496.062,0.6332198672824436,-0.18107759757453956,0.08838702803114841
1746640115871240,85.8119,1746637218309136,REGIME_ONE,641.7295,0.033538055,-0.24220635888801226,5198.471,0.4456454806857639,-0.2434466039802089,0.2536047822113948
1746640115872678,113.616,1746637218309136,REGIME_ONE_2D,1065.931,0.102081954,-0.15315629523762966,9123.747,0.7402299669053819,-0.15753882628208193,0.0037342786095593272
1746640115874011,57.9806,1746637218309136,REGIME_ONE_2D,370.35483,0.02384745,-0.20746473827233414,2826.7012,0.2571908526950412,-0.20943023449053297,0.2854590574377531
1746640115875372,84.7895,1746637218309136,REGIME_ONE,798.0288,0.05089759,-0.21250550235042706,6654.0815,0.5541866726345486,-0.2138276881767781,0.23947617283110004
1746640115876803,110.061,1746637218309136,REGIME_ONE_2D,995.7848,0.07439285,-0.18703022679202919,8533.411,0.6915172153049045,-0.189282744454763,-0.008861320366493949
1746640115878221,54.0285,1746637218309136,REGIME_ONE_2D,296.7958,0.019076914,-0.20474893400865254,2242.727,0.20610822041829427,-0.20614653408211936,0.3863232299720348
1746640115879749,98.678,1746637218309136,REGIME_ONE_2D,726.54297,0.0626246,-0.21379613124384766,5883.641,0.5045437282986112,-0.21769888548429578,0.2733669412341877
1746640115882440,90.6991,1746637218365588,REGIME_ONE,873.91473,0.063991666,-0.1994357208131928,7178.0083,0.6068852318657769,-0.20103656497540776,0.1482553531754978
1746640115883975,57.9537,1746637218365588,REGIME_ONE_2D,234.25618,0.014923583,-0.1927154204468378,1758.3202,0.16267791324191624,-0.19704877978795482,0.3418402091225213
1746640115885570,87.8013,1746637218365588,REGIME_ONE_2D,749.2602,0.08598219,-0.1688207701605975,6092.079,0.5203196207682291,-0.17151737379092952,-0.20181784645519812
1746640115887159,52.3435,1746637218365588,REGIME_ONE_2D,194.4258,0.012529876,-0.19505495061101835,1442.3264,0.13501791424221463,-0.19712717241743613,0.3259114221262208
1746640115888740,60.6762,1746637218365588,REGIME_ONE,65.83612,0.00427255,-0.19465761199619652,459.69156,0.04571953349643283,-0.194786452279137,0.42865252711692065
1746640115890344,66.0475,1746637218365588,REGIME_ONE_2D,645.3734,0.0394563,-0.21308957094824219,5275.502,0.448176023695204,-0.21315688324817195,0.07355129410338491
1746640115891881,62.7572,1746637218365588,REGIME_ONE_2D,143.24677,0.008599887,-0.1924357807290265,1048.5072,0.09947690963745118,-0.19313145734762627,0.4254974037337042
1746640115893483,74.6701,1746637218365588,REGIME_ONE,728.56506,0.065270804,-0.16302637022842914,5872.078,0.5059478759765625,-0.16536919324399874,-0.145492668546096
1746640115895116,88.3614,1746637218365588,REGIME_ONE,526.0727,0.033782672,-0.19981446976628936,4103.3315,0.36532825893825954,-0.2081877285389191,0.33064940494411804
1746640115896700,60.3933,1746637218365588,REGIME_ONE,696.504,0.060316056,-0.1885683874315556,5562.9297,0.48368335300021703,-0.19092233972931366,-0.036132615209163735
1746640115898280,76.3385,1746637218365588,REGIME_ONE,1269.9318,0.10227674,-0.16829119335454812,10648.879,0.8818971421983507,-0.16689486903844192,-0.0810857182258713
1746640115899848,87.5157,1746637218365588,REGIME_ONE,588.31116,0.037596084,-0.20507515394551767,4675.5806,0.4085494147406684,-0.20972131399722405,0.09491968900540809
1746640115901381,120.374,1746637218365588,REGIME_ONE,785.8,0.057180706,-0.1929360306050092,6394.348,0.5456944783528646,-0.19435320895216301,0.2473848917858674
1746640115904006,65.6913,1746637218406560,REGIME_ONE_2D,185.25333,0.01212437,-0.19115088357102458,1369.3069,0.1286481433444553,-0.1922771331226255,0.4322664131685334
1746640115905505,117.405,1746637218406560,REGIME_ONE_2D,597.887,0.05954358,-0.1683701171605131,4772.1025,0.4151993645562066,-0.17169177458789275,0.3641999656862595
1746640115907018,64.786,1746637218406560,REGIME_ONE,220.64948,0.013576347,-0.20773416226498295,1664.1658,0.15322881274753147,-0.2085584132024193,0.1434867150352082
1746640115908514,55.5828,1746637218406560,REGIME_ONE,297.9612,0.021192376,-0.2057617361656075,2239.5715,0.20691750844319662,-0.2058918568603118,0.4747515287522136
1746640115910049,63.9738,1746637218406560,REGIME_ONE_2D,413.85977,0.050380494,-0.1839978643011808,3153.1648,0.28740259806315105,-0.18478581966670116,0.4110123428771277
1746640115911592,73.5221,1746637218406560,REGIME_ONE,578.1587,0.04193985,-0.20399989774945484,4670.726,0.4014990912543403,-0.20925157324602264,-0.0475166275261177
1746640115913139,66.3375,1746637218406560,REGIME_ONE_2D,232.88437,0.013928458,-0.206737483738914,1752.0426,0.16172525617811415,-0.20758628880955643,0.24908096929945278
1746640115916226,63.9681,1746637218406560,REGIME_ONE_2D,321.65515,0.028211102,-0.18888713144800923,2424.0178,0.2233716328938802,-0.18928451632909127,0.4974322574376797
1746640115917700,120.648,1746637218406560,REGIME_ONE_2D,671.1197,0.071777955,-0.19609348846497712,5534.2344,0.46605534023708767,-0.19631693421413848,0.2512123853265742
1746640115919157,53.6501,1746637218406560,REGIME_ONE_2D,332.6955,0.023241175,-0.2027045667434254,2515.3328,0.23103853861490886,-0.2060448886983172,0.4143788750148051
1746640115920577,79.0442,1746637218406560,REGIME_ONE,466.33688,0.034556676,-0.20652262363943036,3620.3274,0.3238450156317817,-0.2126402938822794,0.06774209879785384
1746640115922062,90.7168,1746637218406560,REGIME_ONE,125.99544,0.008341189,-0.19194003732054862,915.7947,0.08749683698018391,-0.19329375877834212,0.42136683397979574
1746640115923755,120.797,1746637218309136,SIDETEST_2Dvs3D,1460.0466,0.11088948,-0.16091439254750056,12351.848,1.0139212714301216,-0.1622001298088304,-0.17880102585470975
1746640115924844,102.278,1746637218309136,SIDETEST_2Dvs3D,1868.9058,0.12433953,-0.12521275320110026,15760.55,1.2978511386447482,-0.12526107379923535,-0.09425641095782367
1746640115925923,102.105,1746637218309136,SIDETEST_2Dvs3D,1740.487,0.13194704,-0.1461494481188635,14682.853,1.2086715698242188,-0.14574040802271931,0.08474832698486523
1746640115927017,70.7234,1746637218365588,SIDETEST_2Dvs3D,683.6877,0.056370612,-0.17424028735814467,5368.7915,0.47478311326768663,-0.17811945235123047,0.02825194825402573
1746642096153787,112.81999999999998,1746637218309136,REGIME_ONE_2D,1072.1361,0.09678274,-0.1739007011115885,9148.813,0.7445389641655816,-0.17480769427736284,-0.022276412377710622
1746642096156510,116.792,1746637218309136,REGIME_ONE,2120.9438,0.1306706,-0.14295937682202448,17685.643,1.4728778415256076,-0.13927021665106976,0.06215818977265859
1746642096157870,125.674,1746637218309136,REGIME_ONE_2D,2568.1516,0.23712234,-0.013078965028646066,20660.785,1.7834386189778646,-0.009662349697633764,-0.2138570707402137
1746642096159133,88.5587,1746637218309136,REGIME_ONE_2D,399.8748,0.028015561,-0.19037676712587848,3051.0747,0.2776908450656467,-0.19413192161053544,0.41067348100910483
1746642096160487,187.079,1746637218309136,REGIME_ONE,656.8072,0.049668744,-0.1847183000646685,5259.3687,0.45611614651150173,-0.1848698574342259,0.2658620468244824
1746642096161792,105.88699999999999,1746637218309136,REGIME_ONE_2D,1409.2811,0.14093302,-0.12061136547794817,11647.668,0.9786674499511718,-0.11866430125268466,-0.09391944006060453
1746642096163286,69.6103,1746637218309136,REGIME_ONE_2D,327.96194,0.030015392,-0.1877215605919829,2476.1396,0.2277513715955946,-0.18853105556313252,0.44430507293285804
1746642096164557,112.41900000000001,1746637218309136,REGIME_ONE,517.6924,0.0461898,-0.19779808348015138,4094.0276,0.3595085991753472,-0.20152450898157148,0.2717847373457974
1746642096165944,66.9146,1746637218309136,REGIME_ONE,1321.0825,0.11042531,-0.134448151195467,10635.506,0.9174184163411458,-0.13442602486605076,0.10681275549226431
1746642096167310,104.397,1746637218309136,REGIME_ONE_2D,2164.481,0.2570607,0.014765879660607991,17250.262,1.5031117757161458,0.019559563765543075,0.0351523519933387
1746642096168568,95.3733,1746637218309136,REGIME_ONE,820.1943,0.07745247,-0.1995393610153915,6803.562,0.569579357571072,-0.2005140493553803,-0.14242575424935905
1746642096169812,56.00599999999999,1746637218309136,REGIME_ONE_2D,350.0285,0.023771174,-0.18952785996801744,2768.4668,0.24307532840304905,-0.1980180485224282,0.19913571126206203
1746642096171108,153.402,1746637218309136,REGIME_ONE,612.3144,0.03749768,-0.22433608729323762,4918.0063,0.4252182854546441,-0.2252489664673148,0.39033475990557037
1746642096173195,92.3506,1746637218365588,REGIME_ONE,484.57297,0.03261203,-0.22152850534560847,3788.58,0.3365089840359158,-0.22327983504606386,0.4296805803978167
1746642096174489,68.7065,1746637218365588,REGIME_ONE,684.9515,0.085952446,-0.16650283895231077,5492.995,0.4756607479519314,-0.16834956730059225,0.25788381144110606
1746642096175789,59.9904,1746637218365588,REGIME_ONE_2D,232.92847,0.014947054,-0.18807259794532138,1738.039,0.1617558585272895,-0.1892784621313469,0.4303820087184079
1746642096177093,69.9194,1746637218365588,REGIME_ONE,198.34074,0.013056452,-0.19133849706498912,1467.8922,0.13773661719428168,-0.19526010887261505,0.4304510573796026
1746642096178396,79.0658,1746637218365588,REGIME_ONE,267.13858,0.017023519,-0.19920534766667958,2025.4587,0.18551290300157336,-0.20166313406350567,0.24056823338364952
1746642096179698,130.757,1746637218365588,REGIME_ONE,631.2296,0.05377685,-0.20372981212148158,5058.3037,0.4383538987901476,-0.20480580418733912,0.2067741015716663
1746642096180969,74.087,1746637218365588,REGIME_ONE,663.3721,0.0599907,-0.1919681416709519,5346.984,0.460675048828125,-0.19500350629015112,0.09762551220868979
1746642096182271,86.9809,1746637218365588,REGIME_ONE_2D,592.1608,0.07249608,-0.18737376502016687,4855.3853,0.4112227545844184,-0.18962616979936017,-0.12763393517217841
1746642096183515,114.388,1746637218365588,REGIME_ONE,636.00256,0.04722684,-0.21221816237099173,5065.709,0.441668446858724,-0.21320686255888385,0.34204514389143603
1746642096184834,67.5329,1746637218365588,REGIME_ONE,118.39002,0.008121136,-0.1914075210339764,860.61566,0.08221528795030382,-0.19315552275814385,0.27279714283060685
1746642096186114,84.9977,1746637218365588,REGIME_ONE_2D,816.3898,0.061553508,-0.17250434397016262,6479.2593,0.5669373406304253,-0.18050952646678567,0.21820686333798137
1746642096187410,76.2028,1746637218365588,REGIME_ONE_2D,2143.6265,0.23734216,-0.028384880315698514,17381.803,1.4886294894748264,-0.023629704490488963,-0.26334631764353744
1746642096188765,66.7327,1746637218365588,REGIME_ONE_2D,410.68878,0.039100107,-0.19089816632804624,3133.4854,0.2852005428738064,-0.1928022451008005,0.3792390274554428
1746642096190116,101.446,1746637218365588,REGIME_ONE_2D,531.7316,0.038948677,-0.19520349010626728,4088.4631,0.36925807529025606,-0.2017241600310855,0.30909432771487094
1746642096192179,93.7313,1746637218406560,REGIME_ONE_2D,431.9993,0.05412323,-0.1886297084170666,3310.4,0.2999995337592231,-0.1918303556541825,0.2733998874595518
1746642096193564,133.108,1746637218406560,REGIME_ONE,344.54892,0.019874673,-0.2163789523310347,2707.2483,0.23927008310953776,-0.21726446223689358,0.023315551566033366
1746642096194925,60.4879,1746637218406560,REGIME_ONE_2D,168.4748,0.011495172,-0.18780409286505012,1247.6646,0.11699638366699219,-0.18928523700523442,0.2837853026422522
1746642096196311,88.6211,1746637218406560,REGIME_ONE,283.786,0.019717619,-0.1984004747229079,2128.4595,0.19707359737820096,-0.20483265726887703,0.4532724547778194
1746642096197750,83.8194,1746637218406560,REGIME_ONE,516.6612,0.030247845,-0.2161948329704901,4117.813,0.3587925381130642,-0.21628881080176626,0.31454787412029694
1746642096199073,66.7505,1746637218406560,REGIME_ONE_2D,298.06058,0.0217023,-0.20028002120088134,2245.0845,0.20698651207817925,-0.2038875038137622,0.4194608289674837
1746642096200426,87.2539,1746637218406560,REGIME_ONE,204.38103,0.017052593,-0.1880373321047898,1525.7129,0.14193127950032552,-0.20007024053921763,0.2788511900959211
1746642096201763,59.4601,1746637218406560,REGIME_ONE,119.07735,0.008266045,-0.1984138852945751,866.54517,0.08269260194566515,-0.20219983237452932,0.2842840618318718
1746642096203142,60.76899999999999,1746637218406560,REGIME_ONE,581.7099,0.04819776,-0.19211971892310153,4558.559,0.4039652082655165,-0.19605209675189506,0.2616554997314052
1746642096204529,85.0906,1746637218406560,REGIME_ONE_2D,261.4199,0.015586949,-0.20004823046522846,1957.3232,0.18154157002766927,-0.20075278334138236,0.453876078145947
1746642096205848,63.9615,1746637218406560,REGIME_ONE_2D,370.9587,0.02718622,-0.20758198123232052,2826.4023,0.25761023627387153,-0.20892417012288805,0.40210330474347944
1746642096207288,48.8602,1746637218406560,REGIME_ONE_2D,251.43617,0.0199934,-0.18933012576940822,1879.7931,0.17460846371120878,-0.195658417026009,0.46184987043234016
1746642096208734,56.29440000000001,1746637218406560,REGIME_ONE,293.92523,0.017489035,-0.20549564051920255,2248.1606,0.204114744398329,-0.20621312845786005,0.08594045645960752
1746642096210486,123.952,1746637218406560,SIDETEST_2Dvs3D,651.8152,0.046155874,-0.21463517596690967,5375.123,0.45264943440755206,-0.21631366481252115,0.25627858580613877
1746642096211622,95.4256,1746637218406560,SIDETEST_2Dvs3D,552.3562,0.0538512,-0.17627092283282725,4415.982,0.3835806952582465,-0.18031321612252132,0.3630275027552057
1746642096212776,70.0915,1746637218309136,SIDETEST_2Dvs3D,1148.3761,0.0982183,-0.15169424085445193,9227.38,0.797483401828342,-0.15512895683409184,0.05048614921602376
1746642096213858,91.3696,1746637218309136,SIDETEST_2Dvs3D,995.9974,0.106243,-0.16445158298003043,8249.068,0.6916648440890842,-0.16547956048867685,-0.19956129190347574
1746642584473380,81.4368,1746637218309136,REGIME_ONE_2D,961.2621,0.07844333,-0.18208370691453796,8491.924,0.6675431145562066,-0.18789960296810232,0.10255949394905282
1746642584476577,72.3402,1746637218309136,REGIME_ONE_2D,1472.0508,0.13042551,-0.1310647450916062,12618.862,1.022257571750217,-0.1302022807482331,-0.014727796821900452
1746642584479296,98.923,1746637218309136,REGIME_ONE,610.87494,0.045493484,-0.19856364321032566,4882.5615,0.42421870761447483,-0.19989639513647217,0.38766518565715447
1746642584481500,59.226,1746637218309136,REGIME_ONE_2D,538.2416,0.036405142,-0.21815563879861316,4213.093,0.3737789154052734,-0.22004147625017795,0.42362976668584235
1746642584483892,66.0083,1746637218309136,REGIME_ONE_2D,1216.4333,0.11631954,-0.12829342080377115,10189.785,0.8447454664442274,-0.12441427551477391,0.1347723860756607
1746642584486227,93.7561,1746637218309136,REGIME_ONE,534.5961,0.029018486,-0.20903245191372755,4222.6646,0.371247312757704,-0.21092221450759624,0.2295251183986451
1746642584488587,76.2797,1746637218309136,REGIME_ONE_2D,709.14984,0.0629973,-0.20007381923869622,5682.139,0.49246512518988717,-0.20103047721720485,0.2088692622937566
1746642584490731,106.632,1746637218309136,REGIME_ONE,1055.5363,0.07695388,-0.16010674703786354,8612.52,0.7330113728841146,-0.1620389976346751,0.18444788157125697
1746642584493072,96.54900000000002,1746637218309136,REGIME_ONE,653.73773,0.0560676,-0.1833038277822191,5399.475,0.45398453606499567,-0.18751598658137578,0.27937101235968304
1746642584495456,124.711,1746637218309136,REGIME_ONE_2D,846.69446,0.05392132,-0.2144980643963436,6796.035,0.5879822625054254,-0.21714704118747907,0.14249040788407158
1746642584497803,75.8904,1746637218309136,REGIME_ONE,793.48346,0.048074923,-0.22438755590945303,6640.4863,0.5510301801893446,-0.22629855854046704,0.12386594261273458
1746642584500172,79.8321,1746637218309136,REGIME_ONE_2D,1659.2673,0.17790234,-0.06431783108442798,13743.366,1.1522689819335938,-0.05399501057462358,0.03782492393996573
1746642584502390,103.123,1746637218309136,REGIME_ONE_2D,1050.8726,0.08200378,-0.19536861450514661,9103.794,0.7297726101345486,-0.19770327825078765,0.12363042008597355
1746642584504594,76.8021,1746637218309136,REGIME_ONE_2D,2527.543,0.21987677,-0.020636672956511407,20418.418,1.7552381727430555,-0.017321318827224166,0.10001445110101359
1746642584510857,72.8686,1746637218365588,REGIME_ONE_2D,274.59094,0.02143605,-0.2044306823678181,2067.6218,0.1906881544325087,-0.20469337737983268,0.40946774092271143
1746642584513135,92.557,1746637218365588,REGIME_ONE,391.90027,0.02950134,-0.20202023855881293,2998.238,0.2721529642740885,-0.20306568651770507,0.3324662884299425
1746642584515503,67.5856,1746637218365588,REGIME_ONE_2D,219.0812,0.014327887,-0.19844224134327174,1644.5935,0.15213972727457684,-0.2027280850893947,0.2711937516701179
1746642584517873,52.8378,1746637218365588,REGIME_ONE_2D,322.43854,0.02811129,-0.18383243836132496,2454.3735,0.2239156511094835,-0.195056297693889,0.2267108221837208
1746642584520036,54.43820000000001,1746637218365588,REGIME_ONE_2D,131.19205,0.009083253,-0.18654331984667766,962.2505,0.0911055670844184,-0.18773078983217856,0.22115372397819588
1746642584522408,91.1951,1746637218365588,REGIME_ONE,367.5405,0.033386707,-0.19461241999565598,2801.1672,0.2552364773220486,-0.1996999354499905,0.36089038503859244
1746642584524536,135.502,1746637218365588,REGIME_ONE,858.6603,0.06469388,-0.1894591105682589,7216.3438,0.5962918599446615,-0.1920812399256141,0.16306480250744915
1746642584526924,83.4401,1746637218365588,REGIME_ONE,410.24304,0.032021638,-0.20398178486214819,3155.056,0.2848910013834635,-0.20585325310989783,0.33144663513470535
1746642584529252,54.0353,1746637218365588,REGIME_ONE_2D,104.72636,0.0068561677,-0.19078222401247585,755.6128,0.07272663646274143,-0.19079424569869222,0.38892319820870114
1746642584531603,74.801,1746637218365588,REGIME_ONE,472.4811,0.034064375,-0.19356555013839644,3700.4385,0.32811190287272135,-0.19537943679993036,0.2309655830578881
1746642584533805,71.1079,1746637218365588,REGIME_ONE,417.3878,0.03229296,-0.19692537455870104,3251.9844,0.28985265096028645,-0.19786096479241866,0.20709790938675296
1746642584536004,54.4129,1746637218365588,REGIME_ONE_2D,79.581535,0.005730496,-0.18851602397211636,563.77325,0.055264955096774634,-0.18947873641719082,0.41222451759000045
1746642584538329,138.282,1746637218365588,REGIME_ONE,821.07623,0.06835754,-0.17830584111861364,6705.872,0.5701918707953559,-0.178821133630503,0.16027923867486732
1746642584544181,63.9582,1746637218406560,REGIME_ONE,230.93176,0.016211286,-0.18952537705529363,1733.8649,0.16036925845675998,-0.1902663773881515,0.2873723596298181
1746642584546496,69.5462,1746637218406560,REGIME_ONE,237.00085,0.015458693,-0.20111722404011534,1779.9084,0.16458393732706705,-0.20293638707816347,0.28321130961819874
1746642584548859,114.833,1746637218406560,REGIME_ONE,457.4428,0.043109063,-0.18674463736616875,3541.1392,0.31766863928900824,-0.18732942948183337,0.44062670141306204
1746642584551184,62.1078,1746637218406560,REGIME_ONE_2D,467.74945,0.0344341,-0.21114561910672247,3638.685,0.32482598622639974,-0.2132792707255759,0.3664704429296275
1746642584553326,63.5855,1746637218406560,REGIME_ONE_2D,176.89137,0.011075341,-0.19490512994960546,1306.0383,0.12284124162462022,-0.19505959397813377,0.4403361526835172
1746642584555661,116.46099999999998,1746637218406560,REGIME_ONE,268.7448,0.017609268,-0.1943806121773012,2039.0046,0.1866283628675673,-0.1977819119093785,0.2807483417117353
1746642584558025,54.8212,1746637218406560,REGIME_ONE_2D,246.93604,0.017189128,-0.18853386509536008,1850.1146,0.17148335774739584,-0.18949204979140238,0.39411392739356155
1746642584560353,71.3299,1746637218406560,REGIME_ONE,385.7728,0.031095102,-0.2093810987305149,2975.3147,0.2678977542453342,-0.21050000607224828,0.1146810188786338
1746642584562504,94.1464,1746637218406560,REGIME_ONE,240.19817,0.0151007725,-0.20299564399091036,1809.6685,0.1668042712741428,-0.2040519215901293,0.26383140229448454
1746642584564687,63.9613,1746637218406560,REGIME_ONE_2D,209.15733,0.016166644,-0.18909930709239747,1556.8506,0.14524815877278646,-0.19642961125338995,0.3885515624443875
1746642584566864,51.97729999999999,1746637218406560,REGIME_ONE_2D,171.11447,0.011936444,-0.18915305423241713,1256.6997,0.11882949405246311,-0.19302463031259406,0.4092321609017247
1746642584569017,58.4143,1746637218406560,REGIME_ONE_2D,294.0993,0.025708098,-0.1801179834457493,2208.9736,0.20423560672336155,-0.19087073534781024,0.4609784141562054
1746642584571405,89.0975,1746637218406560,REGIME_ONE_2D,425.87585,0.04833323,-0.1913210722845332,3262.4487,0.2957471211751302,-0.1920813324364484,0.2783177151749404
1746642584574831,133.171,1746637218309136,SIDETEST_2Dvs3D,2937.2458,0.21533026,-0.04636552309139713,23857.422,2.039753892686632,-0.0437277189328561,-0.2547902184212191
1746642584576076,87.8397,1746637218309136,SIDETEST_2Dvs3D,1102.0255,0.090438806,-0.1869169022462155,9365.508,0.7652954949273003,-0.18734385403453502,-0.019312283372246983
1746642584577250,141.403,1746637218309136,SIDETEST_2Dvs3D,694.21063,0.053198554,-0.17939415128916553,5548.622,0.4820906745062934,-0.1799475118268516,0.2666136608506319
1746642584578418,75.4937,1746637218309136,SIDETEST_2Dvs3D,635.3285,0.046212416,-0.2063364559048817,5091.1304,0.4412003835042318,-0.20737855860239285,0.39401100575725
1746643066627584,66.4447,1746637218309136,REGIME_ONE_2D,888.92017,0.07112706,-0.18273642904532894,7163.99,0.617305670844184,-0.1853454536360082,0.27350811702091893
1746643066629066,94.5527,1746637218309136,REGIME_ONE_2D,2421.9458,0.27110404,0.010971170646239549,19819.75,1.6819068060980902,0.018292724922150054,-0.023410581598274194
1746643066630420,82.6334,1746637218309136,REGIME_ONE,821.7914,0.06135875,-0.20673776210533368,6835.622,0.57068845960829,-0.20823315316294633,0.11110324873168509
1746643066631765,128.061,1746637218309136,REGIME_ONE,617.2603,0.05610884,-0.17754689076122743,4973.786,0.42865299648708766,-0.17925322628427368,0.216588247771673
1746643066633131,63.95889999999999,1746637218309136,REGIME_ONE,544.3645,0.055121154,-0.18830618837210303,4305.0474,0.3780309041341146,-0.18939768602455603,-0.02089856284795391
1746643066634488,105.66599999999998,1746637218309136,REGIME_ONE_2D,860.1447,0.0687146,-0.19729523781494793,6961.3193,0.5973227183024089,-0.1982062973883405,0.22912479685326775
1746643066635892,71.9059,1746637218309136,REGIME_ONE_2D,368.61188,0.022937937,-0.19921120610605458,2813.205,0.255980470445421,-0.2012872644552906,0.31494646931314124
1746643066637283,74.4952,1746637218309136,REGIME_ONE_2D,704.57794,0.056436785,-0.18784697282729937,5616.9146,0.4892901950412326,-0.18717833589154026,0.20757264285404634
1746643066638672,69.552,1746637218309136,REGIME_ONE_2D,827.41125,0.06497969,-0.1860849493196783,6577.7817,0.574591064453125,-0.18787106679763993,0.1869097830345266
1746643066640067,125.954,1746637218309136,REGIME_ONE,1295.5703,0.08249861,-0.19946125344242036,11277.151,0.8997017754448785,-0.19976970070207176,0.09114497596467283
1746643066641433,94.9734,1746637218309136,REGIME_ONE,692.55865,0.04922059,-0.20829719684825232,5549.5347,0.4809434678819444,-0.2105681381463193,0.24883951623857264
1746643066642822,119.029,1746637218309136,REGIME_ONE_2D,992.9663,0.09191393,-0.1812838315693069,8740.293,0.6895599365234375,-0.1798311030926113,0.1743556934945996
1746643066644181,83.0274,1746637218309136,REGIME_ONE_2D,698.3372,0.056168523,-0.1895309012035817,5565.057,0.48495640224880643,-0.19442850740796058,-0.028556196920078943
1746643066646288,85.2269,1746637218365588,REGIME_ONE,832.727,0.09953713,-0.16234675399066498,7002.6333,0.5782825893825955,-0.1651169938859237,0.11848756007792344
1746643066647632,88.0458,1746637218365588,REGIME_ONE_2D,337.37686,0.026551232,-0.19977412206832743,2564.1313,0.23428946601019965,-0.20363370288885518,0.2727476889069804
1746643066648936,63.9584,1746637218365588,REGIME_ONE,391.1408,0.051609974,-0.1878670870178509,3004.4785,0.2716255611843533,-0.18990718802345213,0.32808197851946846
1746643066650214,66.7707,1746637218365588,REGIME_ONE,201.66182,0.013854015,-0.19915056485244226,1499.281,0.1400429301791721,-0.20302983999282218,0.37938392783481084
1746643066651523,87.4149,1746637218365588,REGIME_ONE,817.91125,0.07911548,-0.1897582088176554,6654.87,0.5679939270019532,-0.19134501480738467,0.25379135606906206
1746643066652801,81.6537,1746637218365588,REGIME_ONE_2D,869.0508,0.080712095,-0.1602660096386287,6995.538,0.6035074869791667,-0.16556595957594222,0.1384448294396106
1746643066654078,92.5774,1746637218365588,REGIME_ONE_2D,690.7311,0.046593886,-0.2253778689207388,5502.9937,0.47967440287272134,-0.22584465255809333,0.38659955721465594
1746643066655384,67.8743,1746637218365588,REGIME_ONE_2D,363.15036,0.022585273,-0.20323229648799113,2763.774,0.25218775007459854,-0.20428092030095024,0.39144858999769666
1746643066656770,88.8738,1746637218365588,REGIME_ONE,518.3611,0.031997014,-0.22092571981979525,4037.8784,0.3599729749891493,-0.22526901281178832,0.14867008649129007
1746643066658127,67.5224,1746637218365588,REGIME_ONE_2D,702.8167,0.05308423,-0.19020071209484624,5508.74,0.4880671183268229,-0.19305149414044748,0.22484990380281256
1746643066659498,66.7291,1746637218365588,REGIME_ONE_2D,386.36246,0.04171101,-0.1915741995904665,2941.0186,0.26830724080403645,-0.1988093351998356,0.39931129931282605
1746643066660854,65.2626,1746637218365588,REGIME_ONE_2D,320.11517,0.02296139,-0.2011075416068826,2417.251,0.22230220370822482,-0.20167919731202638,0.4061742278587538
1746643066662251,67.5467,1746637218365588,REGIME_ONE_2D,239.44171,0.015486559,-0.20454534152545642,1799.2168,0.16627896626790364,-0.20721256559525486,0.3775898428104436
1746643066663640,92.1644,1746637218365588,REGIME_ONE_2D,710.93835,0.059428025,-0.17854289392610792,5688.789,0.49370719061957463,-0.18747756854480307,0.2115837574754258
1746643066665772,58.39970000000001,1746637218406560,REGIME_ONE_2D,354.52063,0.021009296,-0.20938773073767541,2754.2717,0.24619490305582684,-0.21111591819458211,0.050228347378064586
1746643066667050,66.4069,1746637218406560,REGIME_ONE,535.406,0.039126553,-0.20631352155002175,4171.783,0.37180972629123266,-0.2081371119004476,0.3992449465392759
1746643066668415,70.4008,1746637218406560,REGIME_ONE,263.8683,0.017734248,-0.20036310677752173,1988.2399,0.1832418653700087,-0.20423948751175003,0.35186999227646887
1746643066669829,84.6464,1746637218406560,REGIME_ONE,192.98875,0.01341891,-0.18961893259300294,1430.1194,0.13401996824476453,-0.19052083232815603,0.434652860125032
1746643066671168,101.739,1746637218406560,REGIME_ONE,558.2424,0.037027646,-0.20324026922323096,4417.1357,0.3876683129204644,-0.21135536081906037,-0.06367968715174656
1746643066672589,58.4602,1746637218406560,REGIME_ONE_2D,460.6646,0.038819883,-0.19507109786870036,3584.549,0.3199060016208225,-0.19526886023762552,0.0848323049307461
1746643066673999,128.616,1746637218406560,REGIME_ONE,344.9657,0.020232853,-0.21187759860051672,2708.6462,0.23955951266818576,-0.21420855053134036,-0.008189366551309132
1746643066675393,73.4986,1746637218406560,REGIME_ONE_2D,360.94946,0.023622453,-0.20368227432861102,2743.156,0.2506593280368381,-0.20477288248980352,0.4073124603993011
1746643066676818,60.8001,1746637218406560,REGIME_ONE_2D,279.9477,0.02486577,-0.17598202427424348,2100.5684,0.19440809885660806,-0.19185958599739691,0.4406802446602529
1746643066678220,76.271,1746637218406560,REGIME_ONE_2D,418.27966,0.029914934,-0.20258405340416807,3190.8635,0.29047198825412324,-0.20940312145485238,0.45551678311394084
1746643066679696,66.7284,1746637218406560,REGIME_ONE_2D,241.98668,0.020755533,-0.1829337902067511,1814.6936,0.16804630491468642,-0.19734730644963447,0.3147724345406286
1746643066681104,77.4615,1746637218406560,REGIME_ONE,308.64166,0.02256165,-0.19899138370868347,2331.2585,0.2143344455295139,-0.20454047966952624,0.42978264248272224
1746643066682514,61.89489999999999,1746637218406560,REGIME_ONE_2D,188.66093,0.012340611,-0.19728412276167007,1405.7444,0.131014527214898,-0.19872877520802168,0.2396605067088151
1746643066684394,123.975,1746637218309136,SIDETEST_2Dvs3D,808.66876,0.051954985,-0.21686771518495318,6502.0977,0.5615755716959635,-0.2201816085259688,0.1408492039201944
1746643066685560,133.247,1746637218309136,SIDETEST_2Dvs3D,1065.996,0.06944046,-0.21361655319214773,9128.948,0.7402749803331163,-0.21796671032481396,0.13658585587746833
1746643066686641,69.8689,1746637218365588,SIDETEST_2Dvs3D,852.4188,0.07388262,-0.16810438728157323,6952.0396,0.5919576009114583,-0.16784107707273693,0.1595070196839751
1746643066687794,112.05,1746637218365588,SIDETEST_2Dvs3D,853.31195,0.081689835,-0.15234003575289506,7174.355,0.5925777011447483,-0.15506866232176017,0.15657544768781384
1746643752454728,83.0233,1746637218309136,REGIME_ONE_2D,1317.3851,0.10138791,-0.1387863863998347,10668.964,0.9148507012261284,-0.13743499111764806,-0.03887201092701387
1746643752456869,95.2026,1746637218309136,REGIME_ONE_2D,1123.4904,0.12289773,-0.14419303112771714,9168.838,0.7802016364203559,-0.14208591830149614,0.07919137826849626
1746643752458279,53.9501,1746637218309136,REGIME_ONE_2D,721.23175,0.053252075,-0.188240187502693,5842.2246,0.5008553398980035,-0.19041595352374802,0.2849083702056393
1746643752459688,119.97999999999999,1746637218309136,REGIME_ONE_2D,2408.248,0.21063624,-0.03546019651903978,19758.598,1.6723943074544272,-0.033910280012636164,-4.627434853633414e-05
1746643752461122,116.09700000000001,1746637218309136,REGIME_ONE,1075.8624,0.09215903,-0.20800404663041977,9263.422,0.7471266004774305,-0.20984424291533932,0.08994750787251177
1746643752462511,129.497,1746637218309136,REGIME_ONE_2D,548.32074,0.04318915,-0.19870675378610092,4297.5127,0.38077829149034287,-0.2030667641320703,0.3299630941747754
1746643752463869,100.504,1746637218309136,REGIME_ONE,1140.208,0.09894439,-0.15825819431643728,9448.306,0.791811031765408,-0.1583653146829884,-0.28421128952841057
1746643752465228,84.5828,1746637218309136,REGIME_ONE_2D,2050.4648,0.21365507,-0.04578584534142653,16983.861,1.4239339192708333,-0.03944960715257183,0.08944548316497011
1746643752466616,84.6291,1746637218309136,REGIME_ONE,364.53757,0.02391378,-0.1998993701707361,2786.2632,0.25315110948350694,-0.19957851851130742,0.41154645815557583
1746643752468005,106.5,1746637218309136,REGIME_ONE_2D,1312.313,0.13017078,-0.13673556525806363,10731.805,0.9113284640842014,-0.13750733800167847,-0.13378026003826107
1746643752469392,83.4394,1746637218309136,REGIME_ONE_2D,856.01654,0.071311295,-0.16492510024543292,7008.8833,0.5944558885362413,-0.169023293176012,0.1636146388171853
1746643752470740,70.3081,1746637218309136,REGIME_ONE,383.43518,0.024230007,-0.21294323338528356,2925.2822,0.26627447340223526,-0.21504915882069184,0.46727681191338916
1746643752472134,101.945,1746637218309136,REGIME_ONE,666.396,0.05544814,-0.18453356029642864,5459.8647,0.4627749972873264,-0.18742751001855026,0.20723125492602312
1746643752474363,83.6445,1746637218365588,REGIME_ONE_2D,720.7719,0.045919474,-0.1914022880407199,5616.692,0.5005360497368707,-0.19387329147442706,0.3005462026758956
1746643752475662,88.4346,1746637218365588,REGIME_ONE,440.6192,0.029752385,-0.210962997188214,3424.1418,0.30598555670844185,-0.21177693366846273,0.11251614001827985
1746643752477836,69.1238,1746637218365588,REGIME_ONE_2D,177.40468,0.012069765,-0.19581382457100105,1309.8715,0.12319770389133029,-0.19882913695923457,0.419255430271087
1746643752480032,76.8172,1746637218365588,REGIME_ONE_2D,639.8076,0.06417962,-0.19934360765213266,5023.7324,0.44431080288357205,-0.19946891847890963,0.3051805873286538
1746643752482036,63.9457,1746637218365588,REGIME_ONE_2D,108.62872,0.0072553884,-0.18544823934941668,782.09625,0.07543661329481337,-0.1875567503504305,0.3576879353160535
1746643752484242,75.1125,1746637218365588,REGIME_ONE_2D,398.6908,0.02974859,-0.19980776712428916,3048.4395,0.2768686082628038,-0.20260858413036903,0.30975895340763915
1746643752486491,77.8893,1746637218365588,REGIME_ONE,197.62706,0.014222863,-0.1953141590997779,1466.74,0.13724100324842664,-0.19857075856797868,0.4207375134125402
1746643752488678,80.9596,1746637218365588,REGIME_ONE_2D,536.25415,0.051197294,-0.1994088325062146,4172.693,0.37239871554904513,-0.20307442811606702,0.17585409806678637
1746643752490898,105.69499999999998,1746637218365588,REGIME_ONE,228.83801,0.017388958,-0.19801533206030458,1718.3945,0.158915286593967,-0.201760892711968,0.2796265499538463
1746643752493508,60.039,1746637218365588,REGIME_ONE,377.2016,0.041760717,-0.17532438924964688,2873.9468,0.261945554945204,-0.18096221227344056,0.4045335176801555
1746643752495876,97.7238,1746637218365588,REGIME_ONE,770.1417,0.060844816,-0.192509216992338,6250.3315,0.5348206414116754,-0.19498717118103487,0.1784799026884722
1746643752498086,106.44499999999998,1746637218365588,REGIME_ONE,476.90454,0.036436643,-0.20037310469497158,3750.841,0.3311837302313911,-0.20266576810665593,0.3019113303945656
1746643752500827,75.2122,1746637218365588,REGIME_ONE,361.78882,0.022198135,-0.21774959501152696,2745.5825,0.2512422349717882,-0.2177989458301952,0.4208452733656426
1746643752503790,123.138,1746637218365588,REGIME_ONE,822.84436,0.07003797,-0.19383075446203224,6883.889,0.5714196946885851,-0.19636964113988198,0.18334057299699874
1746643752510796,66.2907,1746637218406560,REGIME_ONE_2D,211.97615,0.0136706885,-0.19579875678150177,1585.1089,0.14720567067464194,-0.19766235212820912,0.2541312283152414
1746643752513234,87.5773,1746637218406560,REGIME_ONE_2D,523.5037,0.05504799,-0.19724158959266772,4066.6323,0.3635442097981771,-0.19759684147321044,0.19887102595290218
1746643752515510,91.9235,1746637218406560,REGIME_ONE,214.46341,0.014983735,-0.19606728976924645,1600.0773,0.14893292321099175,-0.1996587205247647,0.35593275623387055
1746643752518120,83.4725,1746637218406560,REGIME_ONE,666.09454,0.053537656,-0.19175023497954138,5416.531,0.46256573994954425,-0.19838182161496742,0.043036460622624104
1746643752520878,52.063599999999994,1746637218406560,REGIME_ONE_2D,439.9992,0.034452736,-0.19935815681456887,3377.151,0.3055549833509657,-0.20175718789806596,0.360850961435332
1746643752523098,93.1385,1746637218406560,REGIME_ONE,222.68042,0.014467544,-0.2042886908604293,1653.3636,0.15463918050130207,-0.20539870616269948,0.4639685764865988
1746643752525100,92.9492,1746637218406560,REGIME_ONE,464.89432,0.049252022,-0.19185494691733032,3679.1282,0.32284327612982855,-0.19291384350134821,-0.021816461505341844
1746643752526799,81.8694,1746637218406560,REGIME_ONE_2D,605.08105,0.052542593,-0.1924710827214169,4866.124,0.42019513448079426,-0.19301741879547546,0.24528921608347232
1746643752528454,89.7909,1746637218406560,REGIME_ONE,156.93063,0.011193201,-0.1937965983758243,1160.9038,0.10897960662841796,-0.19691807966666683,0.26175478325380697
1746643752530201,74.4131,1746637218406560,REGIME_ONE_2D,313.17474,0.027883165,-0.17963518968574338,2360.4917,0.21748246086968315,-0.18718144837901124,0.46003703727397416
1746643752531780,79.0626,1746637218406560,REGIME_ONE,168.05528,0.0111158565,-0.18627747477958448,1238.6508,0.11670505735609267,-0.18788724739701715,0.4097023112478151
1746643752533370,73.9265,1746637218406560,REGIME_ONE_2D,515.7943,0.037171185,-0.20736630768574033,3974.6562,0.35819049411349824,-0.20998581369304972,0.40275182745315014
1746643752534936,56.4014,1746637218406560,REGIME_ONE_2D,203.73125,0.012656848,-0.2163211025570088,1522.5321,0.14148002200656468,-0.2169837005729645,0.26750005635452817
1746643752537054,92.5841,1746637218309136,SIDETEST_2Dvs3D,1021.7494,0.06845059,-0.2088445120002594,8914.624,0.7095481448703342,-0.2100383692240774,0.1782829062640629
1746643752538190,110.78099999999999,1746637218309136,SIDETEST_2Dvs3D,820.6158,0.065765455,-0.2006579122292993,6636.13,0.5698721143934462,-0.20168983589477624,0.23391058573147092
1746643752539322,68.824,1746637218406560,SIDETEST_2Dvs3D,377.5481,0.022482688,-0.20874836630067664,2960.5352,0.2621861775716146,-0.21090652910614927,-0.006183087266267876
1746643752540405,107.24100000000001,1746637218309136,SIDETEST_2Dvs3D,652.65564,0.06136921,-0.1699231833308501,5248.1733,0.4532330830891927,-0.17071915310950087,0.21602423156639466
1746644291563893,110.022,1746637218309136,REGIME_ONE,1008.34906,0.11657236,-0.14648150604828714,8556.105,0.7002424028184678,-0.1469701792373065,0.16647897193892652
1746644291566040,66.327,1746637218309136,REGIME_ONE_2D,1095.926,0.08715335,-0.17654189358440853,9186.355,0.7610597398546007,-0.176775470619265,0.08553858824452927
1746644291567334,92.55,1746637218309136,REGIME_ONE,853.641,0.06652435,-0.183885060937232,7107.3022,0.5928062438964844,-0.1862056576224495,0.13197332548658786
1746644291568580,119.234,1746637218309136,REGIME_ONE,1769.5771,0.15130875,-0.10537074483145124,14266.177,1.2288731045193142,-0.10421313543617691,-0.18261843941198075
1746644291569838,113.21700000000001,1746637218309136,REGIME_ONE_2D,877.42737,0.07905335,-0.17359530718273658,7479.7886,0.6093245612250434,-0.1766338130177737,0.2066725853405984
1746644291571216,72.4041,1746637218309136,REGIME_ONE_2D,345.64108,0.023501975,-0.19871705858816244,2620.938,0.24002855088975694,-0.20065543488425147,0.4160309140569697
1746644291573039,117.429,1746637218309136,REGIME_ONE_2D,2354.2734,0.21692468,-0.032519732351202035,19087.057,1.6349122789171007,-0.02960783923915689,-0.22667802723989489
1746644291574402,74.2842,1746637218309136,REGIME_ONE_2D,318.877,0.024918089,-0.19187181388522798,2410.95,0.22144237094455296,-0.196868550881666,0.4020131897428353
1746644291575799,80.629,1746637218309136,REGIME_ONE_2D,746.3242,0.06768357,-0.18850957855975364,5955.6836,0.5182807074652778,-0.19051447264140556,0.023590519777295538
1746644291577198,102.876,1746637218309136,REGIME_ONE_2D,640.6432,0.041191753,-0.20164489760359305,5081.6772,0.444891103108724,-0.20200550861841968,0.047595450037578785
1746644291578548,106.04099999999998,1746637218309136,REGIME_ONE_2D,1250.713,0.10938028,-0.17513994686380363,10243.143,0.8685507032606337,-0.17523280044058065,-0.1964766886351977
1746644291579912,120.999,1746637218309136,REGIME_ONE_2D,1352.797,0.12884991,-0.12892970106288335,11728.274,0.9394424438476563,-0.12618683891588273,0.08124662717904244
1746644291581309,98.9204,1746637218309136,REGIME_ONE,602.1723,0.043182038,-0.19984931281391088,4756.2734,0.4181752098931207,-0.20232527567492492,0.3184636607351575
1746644291583710,83.446,1746637218365588,REGIME_ONE,307.46295,0.01818175,-0.20484397239957602,2319.54,0.2135159386528863,-0.20554161560692125,0.41406365612597446
1746644291585100,65.5332,1746637218365588,REGIME_ONE_2D,282.7596,0.017605977,-0.19231050393360988,2134.237,0.1963608423868815,-0.1960363919967711,0.3799685948528473
1746644291586509,90.9754,1746637218365588,REGIME_ONE,322.25275,0.026784727,-0.20485052063891723,2451.9226,0.22378660837809244,-0.20627882947425435,0.2283208121932757
1746644291587842,71.8924,1746637218365588,REGIME_ONE_2D,150.21216,0.009750412,-0.19229678431968428,1104.8461,0.10431400934855144,-0.19232133237267296,0.3666059200689017
1746644291589264,62.79449999999999,1746637218365588,REGIME_ONE,213.57672,0.013301351,-0.19740552670092443,1585.5271,0.14831716749403212,-0.19819929634006997,0.45291087883456815
1746644291590648,101.316,1746637218365588,REGIME_ONE,615.8987,0.057380922,-0.2038759957450526,4880.7563,0.4277074178059896,-0.20576002218263767,0.30082284095388284
1746644291592035,61.9798,1746637218365588,REGIME_ONE_2D,129.2516,0.0090414705,-0.1888760564954571,941.04114,0.08975805706448026,-0.18948091793747296,0.43490037928711633
1746644291593460,81.0467,1746637218365588,REGIME_ONE,441.08453,0.03467558,-0.1948679842834438,3400.1233,0.3063087039523654,-0.19589175098246112,0.3275755823855311
1746644291594870,108.117,1746637218365588,REGIME_ONE,248.8478,0.020094628,-0.1932357453195727,1872.854,0.1728109571668837,-0.20091128720029533,0.2701121477119407
1746644291596270,82.2484,1746637218365588,REGIME_ONE,797.417,0.066897966,-0.20192934503906082,6542.4688,0.553761715359158,-0.2036821987470116,0.15395116028830338
1746644291597670,97.5169,1746637218365588,REGIME_ONE_2D,661.9717,0.050907664,-0.19615558239364297,5350.8403,0.45970255533854165,-0.19728318803071831,0.30107944764655986
1746644291599096,64.7639,1746637218365588,REGIME_ONE_2D,1054.536,0.074580684,-0.19340572566459152,8526.736,0.7323166741265191,-0.19429178552748885,0.15878901401855022
1746644291600516,108.84099999999998,1746637218365588,REGIME_ONE,515.9396,0.043656144,-0.1897795507694094,4075.0906,0.3582914564344618,-0.19295190707549814,0.27836620235474796
1746644291601946,82.2437,1746637218365588,REGIME_ONE,483.1646,0.034000475,-0.20915822616738564,3741.508,0.3355309804280599,-0.21264627432813343,0.38149606988295875
1746644291604765,88.5733,1746637218406560,REGIME_ONE,277.6207,0.019186512,-0.20290676685349582,2080.6743,0.19279215070936415,-0.20568156408127194,0.4485851239247529
1746644291606189,70.4401,1746637218406560,REGIME_ONE,197.86714,0.013763986,-0.19375880159820663,1478.582,0.13740773730807834,-0.19514230320003212,0.24349643612366226
1746644291607650,69.5105,1746637218406560,REGIME_ONE,787.93176,0.063253984,-0.17572156834058972,6352.375,0.5471748775906033,-0.17843221367188083,0.20057158935423877
1746644291609130,90.4656,1746637218406560,REGIME_ONE,255.84369,0.01643736,-0.1989134873555386,1920.0114,0.17766920725504556,-0.2002824433403782,0.4285677343287473
1746644291610614,72.3333,1746637218406560,REGIME_ONE_2D,425.5715,0.03131729,-0.20486146044739378,3285.8828,0.2955357869466146,-0.20521445509554687,0.12289189430560402
1746644291612075,106.477,1746637218406560,REGIME_ONE,491.56323,0.041540533,-0.205095642715937,3789.19,0.3413633558485243,-0.209506623448609,0.39023655871665835
1746644291613638,63.96130000000001,1746637218406560,REGIME_ONE_2D,502.96835,0.03449566,-0.19000723881662535,3929.1604,0.34928359985351565,-0.19456291259362118,0.3453614357121906
1746644291615176,82.2608,1746637218406560,REGIME_ONE_2D,330.48892,0.029974548,-0.1803461272647367,2493.4243,0.22950617472330728,-0.1894736867247904,0.4693364361893787
1746644291616710,61.9612,1746637218406560,REGIME_ONE_2D,268.15024,0.0210128,-0.18847503023248924,2017.7269,0.18621542188856338,-0.19026117726589822,0.3529747515141324
1746644291618238,84.0623,1746637218406560,REGIME_ONE,138.25656,0.008936367,-0.18467142403946052,1006.3716,0.0960115114847819,-0.18539213832244406,0.4033354115149924
1746644291619840,136.262,1746637218406560,REGIME_ONE,532.154,0.034064624,-0.20740920208617225,4348.8496,0.36955138312445746,-0.20820116363221527,0.1292583222721693
1746644291621443,84.2027,1746637218406560,REGIME_ONE,775.90656,0.07448414,-0.18874941512405846,6462.3086,0.5388240390353732,-0.19139096162385583,0.17691782976538425
1746644291623128,73.1003,1746637218406560,REGIME_ONE_2D,358.03687,0.031015214,-0.19577102623143242,2716.8682,0.24863671196831597,-0.20275383996164753,0.42452466527853217
1746644291625673,102.078,1746637218309136,SIDETEST_2Dvs3D,518.52167,0.040389936,-0.20360239578652983,4065.3706,0.36008449130588105,-0.2080169035615987,0.3300702643764156
1746644291626842,158.558,1746637218309136,SIDETEST_2Dvs3D,2883.826,0.22940205,-0.016723689169629977,23648.96,2.002656724717882,-0.014743202704874924,-0.01629055463611458
1746644291628073,102.53600000000002,1746637218365588,SIDETEST_2Dvs3D,838.0711,0.09935758,-0.14614792327126988,7007.0205,0.5819938235812717,-0.1489709894553525,0.18599628718217198
1746644291629241,110.579,1746637218309136,SIDETEST_2Dvs3D,1049.4246,0.10158144,-0.18088815529707258,9137.379,0.7287670559353299,-0.1812960016045339,0.08158397411771298
1746645035235218,135.73,1746637218309136,REGIME_ONE,801.8351,0.044625927,-0.2552560892153389,6784.823,0.5568299611409505,-0.25679797053196934,0.16219807354147048
1746645035237532,77.5309,1746637218309136,REGIME_ONE_2D,1014.4672,0.07818733,-0.16273163441903776,8590.439,0.7044910854763455,-0.16435189795757632,0.175348097472769
1746645035238809,87.7778,1746637218309136,REGIME_ONE_2D,328.29602,0.03026967,-0.1835108232498553,2478.9934,0.2279833475748698,-0.1915873427832936,0.44955629265593966
1746645035240073,85.44,1746637218309136,REGIME_ONE_2D,883.98865,0.072882086,-0.1838680049328461,7040.4077,0.6138810051812066,-0.18947372233327195,-0.10911266426785275
1746645035241306,73.9836,1746637218309136,REGIME_ONE_2D,424.94562,0.03999427,-0.18894398980878757,3312.2644,0.2951011233859592,-0.19328134961029997,0.13330006207887313
1746645035242566,82.2316,1746637218309136,REGIME_ONE_2D,643.03314,0.040361173,-0.22735053826846452,5008.04,0.4465507507324219,-0.2289205492828858,0.17764129632082232
1746645035243795,97.3248,1746637218309136,REGIME_ONE_2D,1250.614,0.116955504,-0.12072164223608732,10343.804,0.8684820387098524,-0.11187983840046724,-0.1669012300496662
1746645035245025,98.387,1746637218309136,REGIME_ONE_2D,1452.2294,0.12980416,-0.14599456831140614,11767.386,1.0084927029079862,-0.14500179777355926,-0.09375768004714853
1746645035246282,86.5821,1746637218309136,REGIME_ONE,329.34448,0.028062822,-0.19463848649151907,2493.015,0.2287114461263021,-0.19614104583836675,0.4180536220225698
1746645035247570,68.4634,1746637218309136,REGIME_ONE_2D,643.72296,0.050191473,-0.19693237125222,5095.309,0.4470298343234592,-0.19901753916607193,0.2237112520931721
1746645035248896,61.57809999999999,1746637218309136,REGIME_ONE_2D,755.7846,0.05647519,-0.1832357561106615,6042.0376,0.5248504638671875,-0.1833209713316596,0.14335835340779016
1746645035250186,69.5694,1746637218309136,REGIME_ONE_2D,375.0914,0.024364876,-0.19310466561668507,2900.9204,0.2604801389906142,-0.20003113511066373,0.16567322661705453
1746645035251543,123.71700000000001,1746637218309136,REGIME_ONE,2537.2532,0.17435214,-0.10639478004115202,20952.594,1.7619815402560763,-0.10455361895822787,-0.14733271806285375
1746645035273517,116.806,1746637218365588,REGIME_THREE,1028.1388,0.11812821,-0.15232119656037424,8704.118,0.713985358344184,-0.15168085676777618,0.08193772215737821
1746645035274611,76.8192,1746637218365588,REGIME_THREE,433.11053,0.039256305,-0.20976410615716662,3342.5093,0.30077120463053386,-0.21197696350971174,0.2875026102813537
1746645035275669,130.295,1746637218365588,REGIME_THREE,429.3122,0.045323752,-0.18897433388162638,3292.272,0.29813348982069227,-0.1932905338749525,0.3903897335628831
1746645035276749,86.2061,1746637218365588,REGIME_THREE,549.7004,0.040938407,-0.21458623814613656,4345.1826,0.38173641628689237,-0.21757749357840722,0.1576905502554541
1746645035277805,76.2028,1746637218365588,REGIME_THREE_2D,566.86926,0.033980705,-0.21311064471858765,4517.9814,0.39365916781955296,-0.213318167466856,0.12664727529848763
1746645035278867,126.13899999999998,1746637218365588,REGIME_THREE_2D,1999.9186,0.22010633,-0.04294506470066843,16100.646,1.388832261827257,-0.03689015622204154,-0.21798737218532907
1746645035279927,89.7839,1746637218365588,REGIME_THREE,527.40326,0.033912554,-0.2008337260782766,4115.77,0.36625230577256945,-0.20941436882858078,0.3289908568471247
1746645035280985,83.8661,1746637218365588,REGIME_THREE,345.1097,0.027186329,-0.19941797436670133,2644.5122,0.23965950012207032,-0.19970895984027326,0.15708527842437453
1746645035282042,80.6623,1746637218365588,REGIME_THREE_2D,719.649,0.08315705,-0.1747065280613581,5904.7246,0.49975615607367624,-0.17664216042237493,-0.23853475779749642
1746645035283099,128.341,1746637218365588,REGIME_THREE,642.6284,0.055063497,-0.20003399866632798,5175.364,0.44626973470052084,-0.20150577997447236,0.1238556206292509
1746645035284155,88.5793,1746637218365588,REGIME_THREE_2D,494.51434,0.039260756,-0.19390112916631908,3775.9492,0.34341271718343097,-0.19838161219149514,0.27082572629383944
1746645035285210,107.199,1746637218365588,REGIME_THREE,602.94464,0.037267376,-0.20710909729006288,4803.8804,0.4187115139431424,-0.21458747705917758,-0.039598785065131745
1746645035286266,64.3828,1746637218365588,REGIME_THREE,476.79443,0.032887116,-0.19782353689815926,3680.1257,0.3311072667439779,-0.20014412033135368,0.3571492662603578
1746645035288690,73.0984,1746637218406560,REGIME_ONE_2D,289.932,0.02243819,-0.1874498909147316,2187.163,0.2013416290283203,-0.19606248329581344,0.3949943774233782
1746645035290022,58.3928,1746637218406560,REGIME_ONE_2D,401.7233,0.02840732,-0.20029779344349208,3051.7144,0.2789745118882921,-0.20279860446423228,0.44014176408289496
1746645035291372,69.5104,1746637218406560,REGIME_ONE,99.84666,0.006897478,-0.19017443492576352,719.6545,0.06933795081244574,-0.19162508419293395,0.27956002834799876
1746645035292702,71.5591,1746637218406560,REGIME_ONE_2D,234.54305,0.018416686,-0.19279048330587123,1752.0128,0.16287710401746963,-0.19406543927932196,0.42835316697606396
1746645035294023,59.97950000000001,1746637218406560,REGIME_ONE_2D,264.46384,0.019311922,-0.20165738242741937,1995.9344,0.1836554209391276,-0.2045721736494577,0.275239381706799
1746645035295308,57.1995,1746637218406560,REGIME_ONE_2D,259.48804,0.01850833,-0.1962592068670666,1947.8011,0.1802000257703993,-0.198126260373451,0.3653936196754281
1746645035296593,68.095,1746637218406560,REGIME_ONE,210.55931,0.014442185,-0.20494738872065582,1566.5558,0.1462217542860243,-0.20565561734486676,0.3905196860925427
1746645035297911,72.2237,1746637218406560,REGIME_ONE,225.16292,0.017252427,-0.19312152958934464,1695.0162,0.15636315875583226,-0.19747598143235126,0.26577595646474117
1746645035299196,103.30800000000002,1746637218406560,REGIME_ONE,330.47815,0.020891339,-0.21535963235595404,2595.032,0.22949871487087672,-0.21805997026405696,0.01510871726185638
1746645035300480,111.59700000000001,1746637218406560,REGIME_ONE_2D,714.0822,0.07400477,-0.18386250393378523,5802.85,0.4958904266357422,-0.18450289689976299,0.1959986814661449
1746645035301766,69.1161,1746637218406560,REGIME_ONE_2D,273.39343,0.016300427,-0.20173330517209181,2048.8352,0.18985655042860244,-0.2020403656353414,0.4600672757943072
1746645035303052,91.3538,1746637218406560,REGIME_ONE,179.57918,0.012501597,-0.1996469935183439,1325.7484,0.12470777299669054,-0.20195290167981436,0.44012307202364015
1746645035304333,61.5783,1746637218406560,REGIME_ONE_2D,202.52432,0.013525046,-0.19231803901729516,1502.5789,0.14064189063178167,-0.19302743456581634,0.4311294379313775
1746645035305652,70.7355,1746637218406560,REGIME_ONE_2D,545.14307,0.050137926,-0.1852182110370294,4307.0176,0.37857161627875435,-0.18628079001469824,0.3430945801918884
1746645035307326,94.9672,1746637218309136,SIDETEST_2Dvs3D,1368.7826,0.12305583,-0.14220694111896853,11835.06,0.9505435519748264,-0.1396375998238996,0.08613727625703972
1746645035308398,110.856,1746637218309136,SIDETEST_2Dvs3D,2732.2612,0.19655836,-0.0645345882191325,22373.547,1.8974039713541666,-0.06159973903638294,-0.270591716528283
1746645035309498,87.8357,1746637218406560,SIDETEST_2Dvs3D,575.4845,0.036361042,-0.20578070974154938,4684.747,0.3996420118543837,-0.20707333577715153,0.12438177424313136
1746645035310566,84.6002,1746637218309136,SIDETEST_2Dvs3D,1811.7229,0.158438,-0.09533631568748993,14642.362,1.2581408182779947,-0.09388946449336688,-0.18717565939617803
