StimSpecId,ActualResponse,Lineage,StimType,dot_product,cosine_similarity,pearson_correlation,strength_weighted,avg_orientation_correlation,avg_radial_correlation,avg_angular_correlation
1746637218309136,79.2349,1746637218309136,REGIME_ZERO_2D,3098.9194,0.2610951,-0.0746234408265107,24978.738,-0.07441843946679541,0.38580023848771805,-0.07277022306296212
1746637218311354,22.3254,1746637218311354,REGIME_ZERO_2D,3064.1748,0.19453353,-0.10403902214494948,24472.588,-0.10594526459705206,0.31848518979785645,-0.10620075578675628
1746637218313525,30.199400000000004,1746637218313525,REGIME_ZERO_2D,3494.1025,0.22466378,-0.09436690231269718,27918.854,-0.09402170140772109,0.28085852863206995,-0.09492361397966866
1746637218315690,52.40229999999999,1746637218315690,REGIME_ZERO,3070.6917,0.21382608,-0.10111851392821833,24522.344,-0.1038821000656616,0.3185796312513625,-0.09949622223891269
1746637218317874,41.2138,1746637218317874,REGIME_ZERO,3429.1682,0.20167625,-0.10687508487111436,27310.139,-0.10748710757834799,0.2724569734262475,-0.10884365884045995
1746637218320048,45.686,1746637218320048,REGIME_ZERO,3023.39,0.18878622,-0.0974089713733226,24113.709,-0.09714289884167791,0.38531442242717157,-0.09788596012537532
1746637218322325,41.2896,1746637218322325,REGIME_ZERO_2D,2915.1921,0.2640781,-0.07607858701244216,23319.37,-0.07682533691658697,0.39169384722178957,-0.07544014277385568
1746637218324621,44.8586,1746637218324621,REGIME_ZERO_2D,3749.1528,0.21115057,-0.10566855047814847,29808.541,-0.10770021953933294,0.3289669665966017,-0.10920698552259427
1746637218326930,37.6236,1746637218326930,REGIME_ZERO_2D,2741.7566,0.22017536,-0.08630284589932674,22020.79,-0.08648642246033725,0.2155005244820462,-0.08539925865078297
1746637218329193,69.1118,1746637218329193,REGIME_ZERO_2D,2754.6453,0.2731212,-0.06445671103083525,22141.236,-0.06273705480515784,0.14176667132131346,-0.06424737677971873
1746637218331440,28.2055,1746637218331440,REGIME_ZERO_2D,4055.5854,0.22140603,-0.09855082190533318,32321.777,-0.09904593074592748,0.22739041405650157,-0.09929578861511204
1746637218333736,40.4588,1746637218333736,REGIME_ZERO,3511.5999,0.19312958,-0.108102852519767,27938.486,-0.10816373537685721,0.4800197122464473,-0.10955729328168226
1746637218336013,24.8136,1746637218336013,REGIME_ZERO,3181.5344,0.18188547,-0.1017680148137442,25306.014,-0.1020582502551292,0.4425782595899247,-0.10503392396523387
1746637218338293,32.3155,1746637218338293,REGIME_ZERO_2D,3110.5332,0.19553724,-0.10493745206968227,24722.557,-0.10849879165991785,0.44455209747637425,-0.10574613369660363
1746637218340568,30.990699999999997,1746637218340568,REGIME_ZERO,3559.3665,0.1957787,-0.10553556352210865,28310.156,-0.10612359114977879,0.41509187307375506,-0.11063515451951872
1746637218342824,22.6388,1746637218342824,REGIME_ZERO,3396.8938,0.19300874,-0.10801697874101977,27127.227,-0.10834762995958225,0.38449622988895404,-0.11195824701914156
1746637218345092,40.1749,1746637218345092,REGIME_ZERO,3396.629,0.1976151,-0.10516775017669808,26994.904,-0.10586174366990314,0.3943479556254278,-0.1093580990477217
1746637218347369,25.802100000000003,1746637218347369,REGIME_ZERO,3038.8403,0.18865767,-0.10435226711927369,24126.816,-0.10523173918848674,0.4861712933318325,-0.10748539402560967
1746637218349642,61.1739,1746637218349642,REGIME_ZERO_2D,4614.9673,0.24960877,-0.10798022732406892,36947.547,-0.10812439046652628,0.22975725177439651,-0.10895129699394146
1746637218351926,25.436,1746637218351926,REGIME_ZERO_2D,3500.4097,0.19787641,-0.09944365780223009,27772.637,-0.1007512667885864,0.48217281711981813,-0.0988641868968163
1746637218354200,28.6094,1746637218354200,REGIME_ZERO,3788.2593,0.21924333,-0.10935941710588154,30210.629,-0.10960785214083413,0.2325156200494182,-0.10740493319908748
1746637218356486,50.852,1746637218356486,REGIME_ZERO,3335.3333,0.24348958,-0.07974646374787321,26586.844,-0.08093450613098949,0.2866793633406637,-0.0865895877407737
1746637218358759,33.7703,1746637218358759,REGIME_ZERO_2D,3832.5715,0.21973574,-0.09013881416418294,30414.094,-0.09544276087839686,0.33566320457227655,-0.09698666303475596
1746637218361034,34.9364,1746637218361034,REGIME_ZERO_2D,3627.2437,0.28052515,-0.060606326463884114,29237.73,-0.0601505633048617,0.12846254673425433,-0.06157693890366781
1746637218363312,34.7708,1746637218363312,REGIME_ZERO_2D,2955.5222,0.21028589,-0.09311771497263338,23519.51,-0.09476270683497276,0.41655595851528554,-0.09746026665558404
1746637218365588,94.1628,1746637218365588,REGIME_ZERO,2721.8767,0.22869714,-0.0960448293457635,21763.28,-0.09842592170529216,0.327582578846479,-0.09789077984028817
1746637218367858,40.3119,1746637218367858,REGIME_ZERO_2D,4675.6436,0.26799232,-0.07371135480456435,37312.918,-0.07348769441059294,0.3383198508708508,-0.07900639404024298
1746637218370132,30.5885,1746637218370132,REGIME_ZERO_2D,4032.375,0.24146122,-0.09507411253933779,32101.908,-0.09518547131838143,0.28499007129195275,-0.0967459201141509
1746637218372416,27.8157,1746637218372416,REGIME_ZERO_2D,3507.5571,0.20678629,-0.10510524212063853,27866.824,-0.10646527648097127,0.43113298774758146,-0.10943461183770926
1746637218374691,36.9458,1746637218374691,REGIME_ZERO_2D,3490.947,0.28301987,-0.06625845736244634,28111.928,-0.06607282824008368,0.1080800792956366,-0.06377323243199814
1746637218376964,47.6613,1746637218376964,REGIME_ZERO_2D,4892.069,0.24733126,-0.09230971192465723,38857.004,-0.09318055063462705,0.3721991517763308,-0.10071995810885369
1746637218379237,23.843,1746637218379237,REGIME_ZERO_2D,2845.333,0.1867612,-0.097123730588867,22592.709,-0.100605464852189,0.40015372894901713,-0.10063383443551915
1746637218381509,38.8397,1746637218381509,REGIME_ZERO,2908.562,0.21594937,-0.0977292199565796,23222.734,-0.09789129193496864,0.36727454120391567,-0.10046098146597893
1746637218383784,23.8419,1746637218383784,REGIME_ZERO,2748.172,0.17438257,-0.10185561472063269,21880.303,-0.10342906759132614,0.33264878189264696,-0.11209206371823598
1746637218386072,35.7602,1746637218386072,REGIME_ZERO,3888.937,0.21454582,-0.10687851614149146,31070.9,-0.1077503172212409,0.25470991588176584,-0.11071334982818982
1746637218388348,54.82280000000001,1746637218388348,REGIME_ZERO,3093.9805,0.19850695,-0.10219224117832038,24698.389,-0.10324320882869098,0.2927637660216939,-0.10477534292181429
1746637218390622,42.8946,1746637218390622,REGIME_ZERO,3351.355,0.2157874,-0.09941921760512216,26676.14,-0.09953157328109703,0.4895746738308861,-0.10305704750042328
1746637218392896,61.46500000000001,1746637218392896,REGIME_ZERO_2D,3681.7004,0.22200227,-0.09767089071658144,29417.756,-0.09761835522314721,0.3041215161776233,-0.09950358392214068
1746637218395174,54.9317,1746637218395174,REGIME_ZERO,3954.6667,0.21303302,-0.11190123620044361,31532.36,-0.11232490960706151,0.3459330268310033,-0.11268032919425394
1746637218397454,66.8023,1746637218397454,REGIME_ZERO_2D,2959.4673,0.28144652,-0.053752009461593434,23846.955,-0.052926819017494825,0.15639502117406012,-0.05502207967791257
1746637218399727,27.2971,1746637218399727,REGIME_ZERO_2D,3114.1318,0.18464075,-0.10765489494154529,24666.375,-0.10770164411645036,0.5700734973850643,-0.1110344931127615
1746637218402011,63.5434,1746637218402011,REGIME_ZERO,3493.2346,0.215162,-0.09695778242888729,27883.596,-0.09862212133785801,0.14550183529452787,-0.09672905610842203
1746637218404284,45.6875,1746637218404284,REGIME_ZERO,2837.651,0.20310672,-0.0997289674114066,22663.197,-0.10353089359962918,0.2868569013935497,-0.09975423470989561
1746637218406560,112.66900000000001,1746637218406560,REGIME_ZERO_2D,2800.598,0.27626637,-0.07137528340362201,22487.355,-0.07073600220063889,0.34872697495590665,-0.07201355768001848
1746637218408838,53.5311,1746637218408838,REGIME_ZERO,4431.0786,0.24324833,-0.09501189704194968,35365.023,-0.09587462881441322,0.2201258209272305,-0.09541168355605813
1746637218411114,56.413599999999995,1746637218411114,REGIME_ZERO,4927.707,0.25089312,-0.10466701937719497,39275.984,-0.10515651876353195,0.15656807607748163,-0.10451380502731823
1746637218413386,60.62050000000001,1746637218413386,REGIME_ZERO,3185.8958,0.2658792,-0.07549466617632442,25571.748,-0.07546870790909951,0.22748159932279108,-0.07777172621880638
1746637218415686,39.7722,1746637218415686,REGIME_ZERO,2959.841,0.22105585,-0.09525953615557246,23677.076,-0.09642401722578675,0.2119279411457037,-0.09343064995650764
1746637218417962,61.196299999999994,1746637218417962,REGIME_ZERO,2757.0007,0.20790291,-0.09435872115609618,22150.736,-0.09639348956922486,0.23096406415719242,-0.09384316593019643
1746637218420236,44.4869,1746637218420236,REGIME_ZERO,4163.39,0.21798635,-0.10385524085013711,33113.645,-0.10516643203156849,0.2400612243394959,-0.10782619288468451
1746637218422510,45.2875,1746637218422510,REGIME_ZERO,3718.2644,0.20776156,-0.10228432315300989,29685.164,-0.10263630879547735,0.20394999412611217,-0.1035935499640507
1746637218424710,24.2316,1746637218424710,REGIME_ZERO_2D,3579.8167,0.23689374,-0.09653907460236909,28616.168,-0.09671947491679118,0.17216015885278577,-0.09537080559087899
1746637218426985,30.8077,1746637218426985,REGIME_ZERO_2D,3505.444,0.19977097,-0.10255730003205986,27979.11,-0.1026412337622913,0.3821375799516329,-0.10523634712560882
1746637218429270,54.01800000000001,1746637218429270,REGIME_ZERO,2587.9978,0.24339649,-0.09592729908361458,20656.285,-0.09582439055228109,0.3805007159825628,-0.09448196853428274
1746637218431523,47.2744,1746637218431523,REGIME_ZERO,2878.4602,0.2058218,-0.09885630876621782,22916.676,-0.10227212374774414,0.4033971123019054,-0.09950304272081655
1746637218433748,57.19930000000001,1746637218433748,REGIME_ZERO,4387.3594,0.25370708,-0.08124172345098662,34905.03,-0.08255879171743039,0.32939299067134564,-0.07899828054000439
1746637218435990,38.1354,1746637218435990,REGIME_ZERO_2D,5113.136,0.2714697,-0.08698200168120526,40764.434,-0.08700401406933216,0.07950452566175034,-0.08007962003685482
1746637218438258,37.3354,1746637218438258,REGIME_ZERO_2D,3541.4385,0.2054649,-0.10431525205104458,28229.863,-0.10535342604413167,0.2821013995016418,-0.10634977472034522
1746637218440493,32.9704,1746637218440493,REGIME_ZERO_2D,2950.6304,0.23180787,-0.08668513339110226,23625.578,-0.08664098894548647,0.29848764129928346,-0.08883558503712474
1746637218442792,27.011900000000004,1746637218442792,REGIME_ZERO,2941.1313,0.19177212,-0.1050978206663534,23387.137,-0.10910609076700158,0.4154077373212923,-0.10497506384126662
1746637218445063,45.9538,1746637218445063,REGIME_ZERO_2D,2595.3804,0.22559191,-0.08571348532801402,20744.814,-0.08552140099920646,0.28562728381782143,-0.08595666159953583
1746637218447320,35.7543,1746637218447320,REGIME_ZERO_2D,2159.0735,0.28572008,-0.046270251112825886,17441.686,-0.044806106914218755,0.19672660788896035,-0.04245412731456331
1746637218449609,37.9488,1746637218449609,REGIME_ZERO_2D,3802.0745,0.21788968,-0.09386615331140283,30369.93,-0.09584933039603116,0.1567759064616357,-0.0961082046484064
1746637218451895,24.6393,1746637218451895,REGIME_ZERO,4255.0537,0.24400406,-0.10591298917228022,33997.55,-0.10599954389941149,0.2034873168501144,-0.1047810513169339
1746637218454168,26.6164,1746637218454168,REGIME_ZERO_2D,2983.0557,0.20627198,-0.10164020691488426,23781.04,-0.10281642539111312,0.4035483336742053,-0.1024852588734399
1746637218456431,70.2404,1746637218456431,REGIME_ZERO,3085.1187,0.22038181,-0.09898207637587482,24687.791,-0.10035241578416916,0.2511541935225823,-0.10056186796440361
1746637218458711,27.924500000000002,1746637218458711,REGIME_ZERO,3750.5332,0.20888995,-0.10201961270861853,29934.44,-0.10281822049245531,0.20115020680467494,-0.10349478960412867
1746637218460982,35.3593,1746637218460982,REGIME_ZERO,3612.207,0.25865653,-0.09093078465727214,28888.898,-0.0908431115984123,0.3439126356233857,-0.09470523481890941
1746637218463256,65.9739,1746637218463256,REGIME_ZERO_2D,2707.2249,0.24693707,-0.08561766990300482,21679.805,-0.08553547197600297,0.3076395287964361,-0.08494836552989603
1746637218465527,57.6037,1746637218465527,REGIME_ZERO_2D,3468.0793,0.24859113,-0.08398085458782509,27719.785,-0.08400252598392313,0.3905821804957438,-0.0861753949478642
1746637218467782,41.3229,1746637218467782,REGIME_ZERO_2D,3636.6475,0.23941836,-0.07348725485848336,29243.621,-0.07110627107066445,0.15317546582394467,-0.06309252461701254
1746637218470061,62.3506,1746637218470061,REGIME_ZERO,2960.4915,0.1848438,-0.1000080260802236,23551.994,-0.1027243726167012,0.3837156688636668,-0.10698756295478375
1746637218472344,47.2648,1746637218472344,REGIME_ZERO_2D,3631.1194,0.28437015,-0.07524808061727684,29325.74,-0.07410271367743217,0.17895868869019513,-0.07563988578469044
1746637218474616,58.0237,1746637218474616,REGIME_ZERO,2946.9854,0.21222617,-0.10613990093164477,23566.043,-0.1061965172016271,0.43376604848072176,-0.10782205617222752
1746637218476899,48.0748,1746637218476899,REGIME_ZERO_2D,4709.1396,0.23661631,-0.10687388218014779,37426.113,-0.10664724242924023,0.3918242759728249,-0.10705332128143231
1746637218479174,49.6509,1746637218479174,REGIME_ZERO,4126.0747,0.21696806,-0.10587538655757225,32834.566,-0.10635442066652878,0.2150652580188793,-0.10901088707862054
1746637218481447,61.5573,1746637218481447,REGIME_ZERO,3028.288,0.2398178,-0.0849531407564805,24245.883,-0.08608420303752942,0.308860943122985,-0.08959837476368748
1746637218483728,26.0839,1746637218483728,REGIME_ZERO,3087.1301,0.18369505,-0.11031667735709845,24467.385,-0.11028328689628566,0.5363418219475249,-0.11269497270413245
1746637218486008,45.7019,1746637218486008,REGIME_ZERO,3156.4507,0.20149249,-0.1049513301784812,25138.102,-0.10651984316781556,0.4572053868616647,-0.10940725933976747
1746637218488283,60.3601,1746637218488283,REGIME_ZERO,3573.9768,0.20471938,-0.10731648634861861,28582.543,-0.10805125098863623,0.25765536575840353,-0.1069330612725642
1746638045050626,32.1857,1746638045050626,REGIME_ZERO,3957.4758,0.2671982,-0.08884272909381141,31716.996,-0.08898398104039576,0.20012863145968757,-0.09235023648235281
1746638045052821,21.159,1746638045052821,REGIME_ZERO_2D,3201.7092,0.22251354,-0.0970715448144398,25616.307,-0.09766465181507286,0.3352870987787366,-0.09946334405146245
1746638045055005,76.2796,1746638045055005,REGIME_ZERO_2D,3490.5703,0.24559212,-0.0874773592490121,27933.92,-0.0873058469324685,0.3041166279194313,-0.0910407178506798
1746638045057226,28.221899999999998,1746638045057226,REGIME_ZERO_2D,3599.0298,0.24046998,-0.05289272314374524,28780.977,-0.04649708296303108,0.15637607923347951,-0.05302995040792519
1746638045059529,31.0024,1746638045059529,REGIME_ZERO,3526.7766,0.20349188,-0.10590684465401887,28017.99,-0.10664547347913916,0.4148141447664181,-0.10849101849369305
1746638045061779,40.1405,1746638045061779,REGIME_ZERO_2D,2759.913,0.2230408,-0.09317107078387832,22101.086,-0.09334691966675418,0.2815785917968564,-0.09322047839850531
1746638045064034,27.023500000000002,1746638045064034,REGIME_ZERO,2926.9604,0.1968546,-0.10071120715524154,23324.268,-0.10423119793309368,0.2795129710543834,-0.10009469519477009
1746638045066296,30.7486,1746638045066296,REGIME_ZERO_2D,3533.423,0.25201076,-0.08785281354825795,28268.01,-0.08766309563636245,0.21005529676953,-0.08786730407901361
1746638045104454,54.091300000000004,1746637218406560,Zooming_2,5019.378,0.4454491,0.0984797700638935,40808.41,0.10065797053338205,0.1580763612172708,0.08933883139416342
1746638045120762,23.8341,1746637218406560,Zooming_1,2893.5405,0.19606873,-0.10112698493770013,23014.145,-0.10419197989748336,0.42537505754735067,-0.10299460405698128
1746638045148212,136.522,1746637218365588,Zooming_2,2925.1255,0.3243312,-0.021224016412742172,23656.576,-0.013671197372636858,0.22851345284790803,-0.017186801600724513
1746638045165680,90.5789,1746637218365588,Zooming_1,3418.913,0.3133366,-0.04920867842871434,27610.28,-0.04765631942294401,0.21157814852674955,-0.04397561781105654
1746638045197127,112.98499999999999,1746637218309136,Zooming_1,6421.1406,0.36250937,-0.04433535256716468,52282.332,-0.0445504795306507,0.20759401356809531,-0.05027501493287406
1746638045213714,85.4076,1746637218309136,Zooming_3,5451.084,0.30912602,-0.08529669458349823,44154.336,-0.08528362858471314,0.32167247818018135,-0.08766461712270125
1746638045233976,59.59310000000001,1746637218309136,Zooming_2,6008.965,0.44946977,0.08683675925670756,49336.004,0.08677913684293645,0.09706157657145889,0.11451891785211887
1746638045254370,63.15849999999999,1746637218309136,Zooming_4,7594.8726,0.4400755,0.05054377100966965,61956.508,0.05128112760045311,0.10898606783374701,0.047879329034519365
1746638045274940,58.3892,1746637218406560,SIDETEST_2Dvs3D,2848.7427,0.27024943,-0.07852395389087245,22881.332,-0.07817786179041056,0.3357926675637379,-0.07995592169123539
1746638045276102,118.01399999999998,1746637218309136,SIDETEST_2Dvs3D,3137.003,0.26101512,-0.08094601764017564,25300.082,-0.08080486147394733,0.3720730604845833,-0.08038136969264216
1746638045277277,36.9436,1746637218365588,SIDETEST_2Dvs3D,2703.0408,0.23084651,-0.09112797251941498,21599.402,-0.09345342466529165,0.33712478407058644,-0.09259614355008138
1746638045278436,33.5633,1746637218456431,SIDETEST_2Dvs3D,2868.2659,0.22107168,-0.09196494008327606,22975.977,-0.09320679072180017,0.26575278442880335,-0.09340966452357552
1746638267580206,40.4055,1746637218309136,REGIME_ONE,3812.523,0.30482474,-0.03782621714879086,30858.281,-0.03558951200056361,0.16956051894427093,-0.03235283620383274
1746638267582985,37.6325,1746637218309136,REGIME_ONE,4071.7874,0.30761302,-0.06414723058621379,32725.762,-0.06372001456387988,0.24896994857676677,-0.06159746422524854
1746638267584309,37.981,1746637218309136,REGIME_ONE_2D,4314.9453,0.2748467,-0.06290978131113664,34299.203,-0.06184472164273993,0.22996766486081088,-0.06777213458729965
1746638267585598,61.5724,1746637218309136,REGIME_ONE,3151.4575,0.2539994,-0.08187272990168273,25313.805,-0.08169520950375585,0.2882880121262574,-0.07932721992840863
1746638267586862,33.7591,1746637218309136,REGIME_ONE_2D,3907.5354,0.22950663,-0.0992893569151004,31226.295,-0.09958552777201068,0.25870104635676155,-0.1002175239003217
1746638267588155,48.3928,1746637218309136,REGIME_ONE,4237.3105,0.25419202,-0.10100726005455152,34018.99,-0.1009822319248197,0.357817248871903,-0.1009563483309189
1746638267589470,38.5323,1746637218309136,REGIME_ONE,5077.516,0.2808167,-0.0800251003676532,40776.668,-0.07969413039466892,0.22796610759793762,-0.07855584773369498
1746638267590824,73.3403,1746637218309136,REGIME_ONE,4609.0796,0.2776999,-0.08412655300298848,36969.324,-0.08400324463917411,0.39068330541239144,-0.08659620461646281
1746638267592118,41.3109,1746637218309136,REGIME_ONE_2D,2509.664,0.259535,-0.08113481895661442,20072.38,-0.08101771037016631,0.4133767739109272,-0.08008361230744532
1746638267593438,24.0343,1746637218309136,REGIME_ONE_2D,3842.8477,0.270563,-0.07975042820707662,30787.309,-0.07765360209687061,0.3835514090179215,-0.08329246764103475
1746638267594902,67.5465,1746637218309136,REGIME_ONE,5460.089,0.28839412,-0.07999305818592314,44067.363,-0.0795922197706309,0.2823211991610914,-0.08280028491807902
1746638267596205,57.2298,1746637218309136,REGIME_ONE,4713.175,0.2573367,-0.11013643211987881,37843.176,-0.11030125938847288,0.34313714088386105,-0.10978596555880551
1746638267597497,103.279,1746637218309136,REGIME_ONE_2D,4797.181,0.509531,0.19862227336677585,38678.188,0.19869095224195382,0.054145717736351975,0.28506894747740097
1746638267599292,52.4895,1746637218365588,REGIME_ONE,2777.6924,0.31623787,-0.04479267877104289,22526.41,-0.04336658943259561,0.2737185896678473,-0.046095534525359104
1746638267600556,61.580799999999996,1746637218365588,REGIME_ONE,4224.8867,0.23354635,-0.10083586505340328,33686.83,-0.10192520675204095,0.4035337080840565,-0.10458666397532412
1746638267601898,63.5477,1746637218365588,REGIME_ONE,4580.358,0.24210344,-0.10507994028255244,36563.164,-0.10680080429223333,0.2826646180713519,-0.10647789246451167
1746638267603212,45.2766,1746637218365588,REGIME_ONE,3191.3203,0.18699245,-0.103413887664644,25418.242,-0.10357145828956252,0.32750064209482393,-0.10421482413278955
1746638267604577,32.9548,1746637218365588,REGIME_ONE_2D,2789.115,0.2510662,-0.08498550816925915,22338.531,-0.08529540128134175,0.2602778671962439,-0.08283227093983611
1746638267605851,22.3941,1746637218365588,REGIME_ONE_2D,3811.2632,0.21224034,-0.10060652578320824,30306.25,-0.10122970882126273,0.3688966551183684,-0.10582457562405337
1746638267608307,54.0293,1746637218365588,REGIME_ONE,3359.6233,0.28639373,-0.06839990399495087,27059.225,-0.06830888143976088,0.3029431433724277,-0.06859686924636448
1746638267610443,52.0461,1746637218365588,REGIME_ONE,4010.9365,0.22862548,-0.09923120011698786,32180.771,-0.1012368936321294,0.18460447982629388,-0.09880416802808169
1746638267612586,78.6734,1746637218365588,REGIME_ONE,2973.2395,0.20444849,-0.09671093161567137,23727.414,-0.10091197535471451,0.2512243024021537,-0.09737851140441825
1746638267615129,50.4647,1746637218365588,REGIME_ONE,3336.8132,0.35314035,0.00829297011400111,26975.387,0.016327141248153033,0.056647827791678505,0.016087722016302593
1746638267617506,92.7556,1746637218365588,REGIME_ONE,2598.1282,0.25253028,-0.08487801956792902,20787.576,-0.08475792742543821,0.3200601874806911,-0.0868650760753906
1746638267619756,38.7272,1746637218365588,REGIME_ONE,3046.3394,0.2392292,-0.09036992203758124,24446.396,-0.0895734562972773,0.17902595370790544,-0.09060787409020676
1746638267621994,37.3473,1746637218365588,REGIME_ONE_2D,3080.3325,0.21195753,-0.09474573519102127,24605.89,-0.09605107428528273,0.3954928721980453,-0.09699005717592782
1746638267624365,29.2356,1746637218365588,REGIME_ONE,3140.5696,0.19457147,-0.10610574710993766,25064.16,-0.10813574465928326,0.28151878809911335,-0.10813553034747918
1746638267628992,25.2941,1746637218406560,REGIME_ONE_2D,3045.8108,0.24161609,-0.09923339925123405,24336.074,-0.09913256390167899,0.3837326733725966,-0.10190396438587077
1746638267631213,29.3905,1746637218406560,REGIME_ONE_2D,2728.4067,0.21198267,-0.08813225007812148,21737.887,-0.08895892781624262,0.4258844390411775,-0.09078993740929696
1746638267633740,30.198400000000003,1746637218406560,REGIME_ONE_2D,3693.1633,0.23723899,-0.09779286928547878,29438.94,-0.09720051511168332,0.20672016368262414,-0.09519734344508404
1746638267636022,65.1157,1746637218406560,REGIME_ONE_2D,3134.9768,0.23612408,-0.07742564812539184,25057.025,-0.07877457517433312,0.3191622602638579,-0.08255893863129589
1746638267638391,27.8138,1746637218406560,REGIME_ONE_2D,3412.5134,0.20023979,-0.10173761619048856,27093.049,-0.10348345093904071,0.27969380646109837,-0.10471604183121969
1746638267640799,25.5651,1746637218406560,REGIME_ONE_2D,3234.5552,0.19931766,-0.09964515259395577,25805.596,-0.1032547566963561,0.2787188851320037,-0.10241692479308699
1746638267643113,61.6339,1746637218406560,REGIME_ONE,3810.2544,0.23561126,-0.08925362663779417,30491.486,-0.09172185955862222,0.21527308027707653,-0.09786252574024243
1746638267645457,27.0132,1746637218406560,REGIME_ONE_2D,2991.7776,0.20249638,-0.09982713499264652,23888.848,-0.10082760964480057,0.3807965121867448,-0.10074384360875231
1746638267647901,61.5246,1746637218406560,REGIME_ONE_2D,3150.121,0.24737038,-0.08401500737808501,25165.91,-0.08335352389295919,0.38213513014667505,-0.08655648693645603
1746638267650221,39.7328,1746637218406560,REGIME_ONE_2D,3387.497,0.3128175,-0.04335891857723605,27337.215,-0.03886799701226789,0.2885436928332359,-0.0471794017028004
1746638267652460,35.2098,1746637218406560,REGIME_ONE_2D,2662.0205,0.19996631,-0.09140893332828527,21152.598,-0.0971854721809349,0.4419083214488022,-0.0929602574887509
1746638267654574,20.2626,1746637218406560,REGIME_ONE_2D,3055.3818,0.20918383,-0.09799583209950562,24266.443,-0.10220221585382976,0.4335462788413167,-0.09916059885300946
1746638267656676,51.9476,1746637218406560,REGIME_ONE,4366.702,0.26154473,-0.08994147553878457,35087.406,-0.09087663959603924,0.3202076845208839,-0.08944207152171672
1746638267658812,71.0904,1746637218309136,SIDETEST_2Dvs3D,4570.0674,0.35382482,-0.0003390621673334893,37588.87,-9.233923462763339e-05,0.20533255628490604,0.025821396174583136
1746638267659942,102.896,1746637218309136,SIDETEST_2Dvs3D,4146.383,0.30532396,-0.05468827676626081,33751.18,-0.054446669515294185,0.3178129405493931,-0.04506829286139172
1746638267661076,83.0114,1746637218365588,SIDETEST_2Dvs3D,2832.267,0.33628717,-0.013094758452995152,22905.037,-0.005667876909373613,0.23780997853120076,-0.010140425628495419
1746638267662192,63.549,1746637218365588,SIDETEST_2Dvs3D,2863.8928,0.33627406,-0.014459676872482181,23148.547,-0.008316778000251539,0.23785028781816414,-0.011102385296437277
1746638727585154,60.20219999999999,1746637218309136,REGIME_ONE,4501.103,0.28849754,-0.06481416748024743,36252.492,-0.06331170914603976,0.28760324562377465,-0.07092747394459518
1746638727587210,31.3859,1746637218309136,REGIME_ONE_2D,4003.836,0.23191012,-0.10196659231886324,32027.41,-0.10215541974092537,0.30942145590692405,-0.10183933244453254
1746638727588458,24.3801,1746637218309136,REGIME_ONE_2D,4295.656,0.23930249,-0.10650891645206208,34295.254,-0.10620224299290279,0.23532400417747032,-0.1074313655347951
1746638727589700,79.0064,1746637218309136,REGIME_ONE_2D,3757.5754,0.3940653,0.04142279880361528,30604.479,0.04869222213605053,0.19734651477213552,0.030344517659270282
1746638727590964,34.1716,1746637218309136,REGIME_ONE_2D,4335.3745,0.22938989,-0.11009990225287802,34564.586,-0.11031070657327867,0.3461552549845523,-0.11321699699454155
1746638727592200,45.3006,1746637218309136,REGIME_ONE_2D,3066.4905,0.22666903,-0.09169597287359091,24415.785,-0.09286985677271152,0.4607253902158594,-0.09323717797739281
1746638727593470,38.5435,1746637218309136,REGIME_ONE,3705.6838,0.28237426,-0.08945310970583323,29610.746,-0.08898480147239515,0.3944480011208103,-0.08869314942566209
1746638727594735,36.1458,1746637218309136,REGIME_ONE_2D,4044.1199,0.25733685,-0.09068550766543479,32293.35,-0.09035731200769775,0.3972374748827615,-0.09433372553252145
1746638727596046,34.1618,1746637218309136,REGIME_ONE_2D,4818.6597,0.37147808,0.041870326244552364,39359.543,0.05331095719596162,0.04741967119101589,0.06230530677514828
1746638727597312,33.7598,1746637218309136,REGIME_ONE_2D,4489.671,0.36668453,0.040263300701445834,35889.246,0.03826644155488028,0.1646181709911472,0.08330850847242216
1746638727598578,29.405099999999997,1746637218309136,REGIME_ONE,4661.063,0.26175115,-0.10488961725279332,37403.484,-0.10494946788386242,0.4287562669324063,-0.10542252543536952
1746638727599845,39.0699,1746637218309136,REGIME_ONE_2D,2969.7336,0.26171485,-0.07549052257759654,23895.316,-0.07370271707793474,0.13366678301910845,-0.07370374273839436
1746638727601130,51.243100000000005,1746637218309136,REGIME_ONE_2D,4815.8066,0.2983809,-0.06910059204157132,38604.28,-0.06639836072202762,0.2675494541719443,-0.07355257539079003
1746638727602379,76.6699,1746637218309136,REGIME_ONE,4847.954,0.26156926,-0.10976570558676205,39004.062,-0.11038445211275624,0.32494715467224117,-0.11121656104745122
1746638727604118,41.7042,1746637218365588,REGIME_ONE,2811.4285,0.21540098,-0.09641964072265566,22421.516,-0.10088729314597059,0.32598956558987713,-0.09748006620385591
1746638727605377,35.5039,1746637218365588,REGIME_ONE_2D,2612.1038,0.24427398,-0.08756794837131572,20912.873,-0.08824359930157889,0.2776537947149586,-0.08657838064665196
1746638727606763,25.8262,1746637218365588,REGIME_ONE_2D,3171.042,0.19398496,-0.09889653348527813,25270.393,-0.09930747887516748,0.35974133133507885,-0.098559346244186
1746638727608045,21.0563,1746637218365588,REGIME_ONE,3530.8982,0.22152731,-0.10285420164384235,28233.328,-0.10286609344197192,0.3419428219047114,-0.10655608220586975
1746638727609360,41.3151,1746637218365588,REGIME_ONE,3785.815,0.27634987,-0.0867377276221333,30407.086,-0.08665922899955801,0.2017087959834436,-0.08522353677059624
1746638727610666,38.1338,1746637218365588,REGIME_ONE_2D,3619.796,0.28831047,-0.02908477220041567,29159.912,-0.0244950230353343,0.15599506112809672,-0.01738411987118915
1746638727611976,45.2824,1746637218365588,REGIME_ONE,3004.933,0.22410531,-0.09502766429118796,24108.086,-0.09566251868347488,0.25610638614224723,-0.0963461440265625
1746638727613261,33.682,1746637218365588,REGIME_ONE,3144.834,0.22277075,-0.10122247124700934,25154.691,-0.1026449163122603,0.36327034104660394,-0.10173245523184027
1746638727614563,25.0313,1746637218365588,REGIME_ONE,3177.479,0.18742031,-0.10286289332892068,25266.732,-0.10445831624288,0.3276911053795748,-0.10756779579914644
1746638727615828,55.604,1746637218365588,REGIME_ONE,3563.726,0.23897976,-0.0837706246270541,28596.375,-0.08309373934294959,0.1507018219652993,-0.08866080991737585
1746638727617193,18.2806,1746637218365588,REGIME_ONE_2D,3224.7012,0.20889688,-0.09776396033899795,25737.377,-0.0984186276658239,0.3886225411987625,-0.09618954773460354
1746638727618476,39.7155,1746637218365588,REGIME_ONE,3385.6826,0.24472155,-0.09536836817298175,27036.236,-0.09500717227022859,0.29549445248344747,-0.09679684242881245
1746638727619731,40.537,1746637218365588,REGIME_ONE,4699.6367,0.25034112,-0.07557052295052388,37510.094,-0.07514793852490283,0.2802921946031356,-0.08329408606675483
1746638727621631,35.2149,1746637218406560,REGIME_ONE,3063.5256,0.20750096,-0.10198695288011439,24465.688,-0.10229444366917137,0.38622666778123654,-0.10201178098136642
1746638727622936,41.317,1746637218406560,REGIME_ONE,3014.5144,0.21545766,-0.09260753341000104,24021.074,-0.09442227327928904,0.3655235327565407,-0.09416000363594763
1746638727624282,16.8576,1746637218406560,REGIME_ONE_2D,3356.0288,0.19736773,-0.09772422677046166,26755.053,-0.10024860621351665,0.1731168421257497,-0.1020072197485517
1746638727625627,42.8465,1746637218406560,REGIME_ONE_2D,3695.0728,0.2630307,-0.07833729504920493,29734.027,-0.07378324695965488,0.33361134294472755,-0.07942475198102902
1746638727626947,30.9844,1746637218406560,REGIME_ONE_2D,2928.5562,0.20754437,-0.09795266016437992,23267.453,-0.10216770960897101,0.4352803791531119,-0.0988399475291665
1746638727628236,26.2172,1746637218406560,REGIME_ONE_2D,4071.1287,0.21986705,-0.10664850558169288,32444.883,-0.1075011404767302,0.16912970085833004,-0.10615681817126693
1746638727629593,73.8577,1746637218406560,REGIME_ONE_2D,3426.3218,0.24963722,-0.08054102287961334,27425.068,-0.07992328771085916,0.3312345062792813,-0.08094396177725004
1746638727631006,26.4276,1746637218406560,REGIME_ONE_2D,3495.3352,0.19972277,-0.10065822133010197,27786.15,-0.10211444525087657,0.29781295917502715,-0.10685742376941981
1746638727632438,27.8065,1746637218406560,REGIME_ONE_2D,2804.9382,0.19978394,-0.09579320267657071,22387.318,-0.09967033297272332,0.35176225360102276,-0.09641953555419752
1746638727633801,22.3478,1746637218406560,REGIME_ONE_2D,3327.9697,0.2044657,-0.10429115072493919,26438.973,-0.10503356913191,0.3168197656630087,-0.10638274005545852
1746638727635241,18.8209,1746637218406560,REGIME_ONE_2D,3346.6318,0.1863716,-0.10760317975167166,26659.78,-0.10777296623056262,0.4608715569586264,-0.11087438766098037
1746638727636679,33.3718,1746637218406560,REGIME_ONE,4213.88,0.24802925,-0.09834745934903644,33668.92,-0.09840552879509562,0.36729342383739827,-0.10118472217444822
1746638727638160,27.8193,1746637218406560,REGIME_ONE_2D,3345.2065,0.3321212,-0.031672365615674256,27117.295,-0.030418492713525605,0.16703698206392173,-0.039789022331082134
1746638727639813,95.939,1746637218309136,SIDETEST_2Dvs3D,5729.4805,0.5027343,0.19236866004354652,46250.957,0.1925876762465074,0.04911476700495988,0.2926579275732273
1746638727640922,84.21,1746637218406560,SIDETEST_2Dvs3D,3096.843,0.23291437,-0.0816958163208593,24765.893,-0.08320756891347894,0.30348824113983214,-0.08825901664122288
1746638727642026,32.1746,1746637218365588,SIDETEST_2Dvs3D,2490.0515,0.2606708,-0.077852193031936,19913.379,-0.07747843475092073,0.3312706745233224,-0.07884453551814874
1746638727643104,27.251300000000004,1746637218365588,SIDETEST_2Dvs3D,3107.6003,0.20878062,-0.09742239463855783,24809.99,-0.1011132649508784,0.251051713465716,-0.09782941182465836
1746639174606529,30.402800000000003,1746637218309136,REGIME_ONE_2D,2563.6213,0.22623654,-0.09571939880626838,20544.283,-0.09595949228389086,0.38783711412184063,-0.09496874586031695
1746639174607962,28.9994,1746637218309136,REGIME_ONE_2D,3505.5527,0.2429526,-0.08334285278135509,27909.96,-0.08371088313550293,0.2959086400902774,-0.08618086456428416
1746639174609316,22.2408,1746637218309136,REGIME_ONE_2D,3392.6714,0.27181262,-0.04561257764901762,27231.32,-0.041843990524005545,0.3338620246283777,-0.04619285719306141
1746639174610622,34.1744,1746637218309136,REGIME_ONE_2D,3173.2053,0.1974257,-0.0988021054320619,25237.889,-0.10310308862003952,0.2819085492143522,-0.10253535927147073
1746639174611964,25.826900000000002,1746637218309136,REGIME_ONE_2D,3689.7214,0.27388653,-0.06471336291051949,29694.951,-0.06503697708733905,0.2382591446400935,-0.03298600432430631
1746639174613333,29.405099999999997,1746637218309136,REGIME_ONE,4784.6562,0.35828233,0.009921608493544436,38981.723,0.013705042014096962,0.18540516664636053,0.004305015239881718
1746639174614770,44.4907,1746637218309136,REGIME_ONE_2D,3655.0322,0.28097385,-0.04908222993217939,29331.451,-0.04662559296315656,0.3427952276215429,-0.049394162742122945
1746639174616151,38.1349,1746637218309136,REGIME_ONE,4231.2866,0.28381276,-0.057496387140036326,33979.76,-0.056925185704109926,0.3077491440446475,-0.0597416902722816
1746639174617513,35.7573,1746637218309136,REGIME_ONE_2D,3964.075,0.2990308,-0.062496604014342025,31970.125,-0.06052624418165036,0.251451047347628,-0.05445999018463213
1746639174618882,22.2416,1746637218309136,REGIME_ONE_2D,4127.2036,0.3502023,0.01629892941376597,32794.74,0.016883412664557226,0.1394128880610725,0.05646831257595789
1746639174620246,36.951,1746637218309136,REGIME_ONE,3959.6382,0.21150011,-0.10499130751723555,31465.02,-0.10597790687351262,0.38297324597415794,-0.11051192736661632
1746639174621646,68.3404,1746637218309136,REGIME_ONE,5520.1753,0.27425322,-0.10211391825170439,44249.867,-0.10325804150078588,0.3899959083368196,-0.10370620282074522
1746639174623002,43.9382,1746637218309136,REGIME_ONE_2D,4673.8286,0.40790936,0.08373408774199237,37483.1,0.08644880108412728,0.026974382737950626,0.059959347270556754
1746639174625030,27.6541,1746637218365588,REGIME_ONE_2D,3170.0767,0.19518746,-0.10343834180276912,25160.592,-0.10646458218165872,0.45175763128019203,-0.1062011569222541
1746639174626363,54.837599999999995,1746637218365588,REGIME_ONE,3859.9443,0.22413982,-0.10252128026196941,30665.809,-0.10231072280717524,0.3670895699353604,-0.10445393345326878
1746639174627738,54.4177,1746637218365588,REGIME_ONE,3116.173,0.2454327,-0.09024163761853599,24949.947,-0.08964616929455047,0.31715944680217745,-0.09221828150652774
1746639174629142,36.1525,1746637218365588,REGIME_ONE_2D,3670.9019,0.24148433,-0.09215318613124075,29326.459,-0.09156057801295882,0.35632532023031044,-0.09448264129754363
1746639174631485,31.1824,1746637218365588,REGIME_ONE,2463.8203,0.25754687,-0.07496968788392566,19766.402,-0.07475248635681031,0.32407855078859693,-0.07379115183610202
1746639174633780,58.1592,1746637218365588,REGIME_ONE,4490.4805,0.3252628,-0.027202986443037848,36202.707,-0.02220853870159053,0.09665006018331754,-0.008619966233538962
1746639174635906,24.7784,1746637218365588,REGIME_ONE,3577.065,0.23732233,-0.09389895376839777,28693.348,-0.0935272035979919,0.08297310846982983,-0.08887031902791437
1746639174638245,37.7397,1746637218365588,REGIME_ONE,3360.2183,0.23372765,-0.10110410393043176,26815.701,-0.1037523870109644,0.2738178756742846,-0.1026931526137448
1746639174640545,24.234,1746637218365588,REGIME_ONE_2D,2952.9197,0.24740995,-0.09145208659375074,23571.506,-0.09123324372903543,0.338258848816355,-0.0934982998390929
1746639174642660,35.1659,1746637218365588,REGIME_ONE,2861.5798,0.19791526,-0.09515069141346741,22752.287,-0.10167614624563892,0.3528488112714362,-0.09632659656175381
1746639174644778,29.4621,1746637218365588,REGIME_ONE_2D,3823.2256,0.21690358,-0.10056657607300352,30329.998,-0.1028703554926972,0.3620425783390261,-0.1059117948711698
1746639174646926,30.1944,1746637218365588,REGIME_ONE,3082.581,0.20251709,-0.09873002370482671,24491.404,-0.10391030765629422,0.35503761379903737,-0.10031881289966504
1746639174649208,37.5744,1746637218365588,REGIME_ONE,3326.3796,0.1984114,-0.101602133250874,26603.176,-0.10174106207170364,0.23843029742259603,-0.1020908576401809
1746639174654606,20.7921,1746637218406560,REGIME_ONE,2982.163,0.19245175,-0.10027584399596634,23683.094,-0.10157343417693893,0.3310792979494518,-0.10233465133399197
1746639174657068,26.4283,1746637218406560,REGIME_ONE_2D,4103.086,0.22977096,-0.10353744418137469,32780.3,-0.10299183387520847,0.3394966862117884,-0.10367328383231561
1746639174659250,26.2248,1746637218406560,REGIME_ONE,2801.7473,0.27064946,-0.07653018405724843,22492.49,-0.07643990400851239,0.3446819355835148,-0.07869914582979831
1746639174661540,23.4387,1746637218406560,REGIME_ONE_2D,2928.2444,0.29799098,-0.04021487386472104,23674.328,-0.03719124302711691,0.09575002104445773,-0.038145124467690854
1746639174663879,40.5219,1746637218406560,REGIME_ONE,3677.0557,0.22411855,-0.09963444587622737,29363.436,-0.09944525135876352,0.23164770212373514,-0.10324779655447881
1746639174666172,34.3638,1746637218406560,REGIME_ONE_2D,4069.6362,0.3025594,-0.03883873996524119,32992.37,-0.03177084090633883,0.24877017121040007,-0.04330937592540304
1746639174668456,53.6306,1746637218406560,REGIME_ONE,4145.8223,0.21896568,-0.10699289521253963,33164.707,-0.10733005355153234,0.16091453800327302,-0.10736216037616983
1746639174670750,27.0125,1746637218406560,REGIME_ONE_2D,2697.285,0.20437582,-0.09585094750572346,21454.293,-0.10050274208745298,0.44821536804280004,-0.09789924016660792
1746639174672869,38.5278,1746637218406560,REGIME_ONE_2D,3963.0076,0.21680956,-0.10763999470572587,31603.082,-0.10889741996240013,0.20591258361036707,-0.11257050962285321
1746639174675018,21.2355,1746637218406560,REGIME_ONE_2D,3208.4463,0.19817655,-0.10624442679525656,25567.748,-0.10783093406862906,0.4865467412269823,-0.10672813061175962
1746639174677304,33.3754,1746637218406560,REGIME_ONE_2D,2632.719,0.22223283,-0.09423166657416542,21072.033,-0.09415283022789313,0.39450888923945965,-0.09482566332752512
1746639174679645,35.88,1746637218406560,REGIME_ONE,3163.3845,0.20763943,-0.1028032373647623,25295.742,-0.10375570879613087,0.2624360317544229,-0.10223940470294315
1746639174681932,35.3532,1746637218406560,REGIME_ONE,3676.9119,0.19435425,-0.10731583128815411,29332.496,-0.10744025986591202,0.33136415607386227,-0.1076426018554444
1746639174684214,19.9493,1746637218406560,REGIME_ONE_2D,3162.3955,0.19048122,-0.10890354367409091,25182.473,-0.1092572233006586,0.3879594745423703,-0.11225176247756075
1746639174687351,54.03670000000001,1746637218309136,SIDETEST_2Dvs3D,5691.9214,0.32490006,-0.036102338013193666,46050.703,-0.03409668584100483,0.2169454572831407,-0.04799710196657792
1746639174688511,78.6437,1746637218406560,SIDETEST_2Dvs3D,3406.6277,0.24846296,-0.0851222987158349,27269.406,-0.08503102058140985,0.31954731483810833,-0.08650714387679642
1746639174689713,34.172,1746637218309136,SIDETEST_2Dvs3D,4520.186,0.2644017,-0.10402858321268055,36353.332,-0.10505014370358204,0.34198759039717247,-0.10469559561780928
1746639174690884,33.6213,1746637218309136,SIDETEST_2Dvs3D,4413.776,0.29250708,-0.06069569832999065,35578.324,-0.059009498495048704,0.303696873309574,-0.066344741572817
1746639638340664,68.7906,1746637218309136,REGIME_ONE_2D,3688.5942,0.22185089,-0.09411232230913927,29379.607,-0.09488574694031178,0.41207254261229603,-0.09786540788766827
1746639638342698,74.3052,1746637218309136,REGIME_ONE_2D,4922.45,0.28646034,-0.0787000370622903,39674.29,-0.07965191895347858,0.20962930097302132,-0.08378339797425084
1746639638343984,71.1104,1746637218309136,REGIME_ONE,3768.0823,0.29084077,-0.024607807260142195,30298.332,-0.023754252977671003,0.2902259045130964,0.00561901423584955
1746639638345280,85.0323,1746637218309136,REGIME_ONE,3694.2085,0.27284223,-0.05401039241920201,29666.25,-0.052126658561402306,0.3245384059262627,-0.05455996918474571
1746639638346550,77.275,1746637218309136,REGIME_ONE_2D,3142.2627,0.26622382,-0.0687415435216876,25365.318,-0.0687659508225622,0.38946615857670885,-0.06422657964378359
1746639638347820,83.0261,1746637218309136,REGIME_ONE_2D,5052.206,0.3608694,0.03612813678368975,40993.7,0.04884422423707171,0.030051568446571236,0.05649258735667373
1746639638349088,133.653,1746637218309136,REGIME_ONE,6108.3457,0.365164,-0.004365692303380594,49481.32,-0.0008875861345440331,0.18965422134002757,-0.0069403457039341095
1746639638350359,100.092,1746637218309136,REGIME_ONE,5155.507,0.31146875,-0.02602883386903715,41798.43,-0.0163601350791024,0.2469362449528302,-0.007831475022717957
1746639638351662,63.9689,1746637218309136,REGIME_ONE,5801.308,0.2812239,-0.10485715227972756,46658.1,-0.10347853365957801,0.13705327060076325,-0.10473267988575585
1746639638352929,56.4153,1746637218309136,REGIME_ONE,6090.252,0.33135998,-0.06689929422693698,49175.92,-0.06694401021959134,0.3103500283853728,-0.07133460533483434
1746639638354227,77.8859,1746637218309136,REGIME_ONE_2D,5000.4053,0.36984804,0.01084563965694418,40249.48,0.011889745428658262,0.21108041860820306,0.000921172438288739
1746639638355526,79.8764,1746637218309136,REGIME_ONE,4403.171,0.29343888,-0.05018524483763187,35263.863,-0.04945101358402154,0.256949410930429,-0.04978951997379173
1746639638356826,107.877,1746637218309136,REGIME_ONE_2D,4060.4302,0.39803275,0.04886951931089263,32971.086,0.05566844721010865,0.1421477705284521,0.10742591351935299
1746639638358828,92.7322,1746637218365588,REGIME_ONE,2751.4634,0.17249246,-0.09913073583368351,21874.41,-0.10129344258575354,0.35830482312164214,-0.10991812894720725
1746639638360088,91.2345,1746637218365588,REGIME_ONE,4049.2424,0.27183166,-0.09381166700917457,32630.49,-0.09297863199941789,0.2835545853716222,-0.09534862746706263
1746639638361372,67.5518,1746637218365588,REGIME_ONE,3233.84,0.1912049,-0.10545410734467628,25744.094,-0.10677947487420722,0.34048330634773727,-0.1135058573254597
1746639638362642,80.4809,1746637218365588,REGIME_ONE_2D,2547.3716,0.28926998,-0.05889718617165618,20400.771,-0.056798763012206654,0.31414974449063576,-0.06168805163143772
1746639638363942,70.9312,1746637218365588,REGIME_ONE,3445.9497,0.28294572,-0.06590964514131537,27699.37,-0.06431360392081992,0.37952532166990627,-0.0665562514413607
1746639638365241,66.7405,1746637218365588,REGIME_ONE_2D,3084.3252,0.19454254,-0.09890065180714205,24593.494,-0.10170743989627393,0.3076347436216832,-0.09854990555230325
1746639638366509,75.1035,1746637218365588,REGIME_ONE,4730.214,0.2661597,-0.09693741296237236,37795.332,-0.09663021101637412,0.17866718588067929,-0.10165743244478555
1746639638367810,59.18769999999999,1746637218365588,REGIME_ONE,3865.4697,0.24408397,-0.08616791746799925,30986.445,-0.08624475983980509,0.29379547170076414,-0.0867808349348061
1746639638369077,86.226,1746637218365588,REGIME_ONE,3381.9653,0.21353397,-0.09947957744034874,26977.807,-0.1002871870424826,0.36977605384497425,-0.100732138008184
1746639638370377,92.8442,1746637218365588,REGIME_ONE,3553.849,0.23521239,-0.09461174090852849,28452.824,-0.0961952903273507,0.20109649805135238,-0.09413988773243626
1746639638371646,65.1618,1746637218365588,REGIME_ONE_2D,3059.7522,0.19687806,-0.10290429388245351,24388.74,-0.10570112443491979,0.35688880910486287,-0.10798764769231747
1746639638372996,62.42710000000001,1746637218365588,REGIME_ONE_2D,3112.2642,0.22940479,-0.09436260103931635,24901.686,-0.09570248340970613,0.2790172525234263,-0.09723646329671111
1746639638374344,61.5798,1746637218365588,REGIME_ONE_2D,4534.5425,0.23369554,-0.10902403873747397,36056.113,-0.1100024776117767,0.3156173963834164,-0.11217143271331922
1746639638375721,100.321,1746637218365588,REGIME_ONE,4017.5867,0.26172712,-0.06291130652435727,32067.922,-0.06321911890394787,0.20324660669658537,-0.02028356921403408
1746639638377654,71.9612,1746637218406560,REGIME_ONE_2D,3485.3213,0.20891985,-0.09510659168137392,27708.035,-0.10126359138335637,0.2450462638980774,-0.10497783824238709
1746639638379034,92.9548,1746637218406560,REGIME_ONE,3683.1853,0.2112615,-0.10362369491417756,29324.242,-0.10472592727195254,0.39575254593457815,-0.10490763040940744
1746639638380303,56.705799999999996,1746637218406560,REGIME_ONE_2D,4048.3813,0.22052208,-0.10364360265757039,32325.613,-0.10332995657227712,0.3436610738147313,-0.10496584361231445
1746639638381669,73.9529,1746637218406560,REGIME_ONE_2D,3430.8755,0.21407609,-0.10384940288577121,27416.695,-0.10443174473533663,0.31326110453847306,-0.1052080397684078
1746639638383003,50.0539,1746637218406560,REGIME_ONE_2D,3050.171,0.20373341,-0.10168407568214702,24315.71,-0.10225690536348142,0.48652686944853585,-0.10455881664719757
1746639638384383,62.41949999999999,1746637218406560,REGIME_ONE_2D,3377.0525,0.21337806,-0.10284554560022792,26864.848,-0.10314592340458671,0.3369866405516681,-0.10419099070624063
1746639638385652,58.4883,1746637218406560,REGIME_ONE,2814.9111,0.18703103,-0.09950346312208233,22386.408,-0.10272132795689869,0.3160045619583254,-0.10444597069621259
1746639638386932,61.9756,1746637218406560,REGIME_ONE_2D,3722.8872,0.2075894,-0.10394402691733656,29634.576,-0.10515227579374231,0.2242390240056998,-0.1082857026683168
1746639638388278,58.0539,1746637218406560,REGIME_ONE_2D,3723.9275,0.2164284,-0.10243097312544779,29786.193,-0.10272648145630361,0.20177201229390226,-0.10233081610055245
1746639638389557,54.015499999999996,1746637218406560,REGIME_ONE_2D,3420.198,0.22271736,-0.10278654535713494,27230.762,-0.10574403296604191,0.3829261569659223,-0.10499046170427967
1746639638390920,63.5644,1746637218406560,REGIME_ONE_2D,3955.278,0.3002107,-0.0374754182180143,31838.79,-0.0334379502239853,0.09926974685917518,-0.027042054252753623
1746639638392203,51.24679999999999,1746637218406560,REGIME_ONE,3298.874,0.18980148,-0.10400035192022641,26230.545,-0.1042289108750243,0.42479211581090437,-0.105392325135913
1746639638393576,57.2044,1746637218406560,REGIME_ONE_2D,2765.4182,0.17406477,-0.09957805220474761,21948.752,-0.10269148816639072,0.4111651675216256,-0.11178381134940822
1746639638395038,84.6019,1746637218309136,SIDETEST_2Dvs3D,3939.825,0.27876157,-0.05798456567603321,31670.172,-0.05734163804373428,0.3284614372089748,-0.06025215595837493
1746639638396225,131.122,1746637218309136,SIDETEST_2Dvs3D,6430.4434,0.36832765,0.012250431379096934,51703.1,0.014685326258291283,0.039532695959776466,-0.007512760213923277
1746639638397398,71.9177,1746637218309136,SIDETEST_2Dvs3D,4578.07,0.2718852,-0.08382224348204373,36710.305,-0.08517383920543346,0.4197034992432081,-0.08174170519886653
1746639638398466,76.6849,1746637218365588,SIDETEST_2Dvs3D,3727.4182,0.338473,0.013226489541189969,30128.512,0.02398645951664486,0.08671711880548076,0.03172000232685373
1746640115861245,125.924,1746637218309136,REGIME_ONE,4307.6084,0.32192904,-0.012365565301045421,34467.07,-0.010625193457754353,0.18981313503103367,0.02731116090045962
1746640115862783,125.504,1746637218309136,REGIME_ONE,3716.1926,0.33794782,-0.024430014944317447,29946.438,-0.02452597897446287,0.03170655980922783,-0.012875024870335643
1746640115864269,70.2453,1746637218309136,REGIME_ONE,5800.0386,0.42840794,0.1234769392795101,46621.355,0.13731536119793186,0.09200736050499753,0.11768795974390185
1746640115865698,104.119,1746637218309136,REGIME_ONE,5796.151,0.32315704,-0.03116704400480748,46786.566,-0.02840736103007737,0.17851044974611446,0.03520970282128892
1746640115867040,82.2156,1746637218309136,REGIME_ONE_2D,2485.2664,0.22693035,-0.09140076333656254,19858.42,-0.09185964701740848,0.4200183294576626,-0.09148624261825887
1746640115868380,84.6312,1746637218309136,REGIME_ONE_2D,4220.7373,0.2850242,-0.0760389736171515,33794.055,-0.07464616624113048,0.3218142457117116,-0.07034863631162763
1746640115869838,65.2922,1746637218309136,REGIME_ONE_2D,3926.752,0.31177777,-0.04391298818254101,31682.377,-0.042754057947005736,0.13785139385939504,-0.04070053664825018
1746640115871240,85.8119,1746637218309136,REGIME_ONE,5863.642,0.2731166,-0.10903497040139468,47212.605,-0.10952830232806313,0.27590337272073506,-0.10789938062017472
1746640115872678,113.616,1746637218309136,REGIME_ONE_2D,3911.8965,0.33388895,-0.005583013280935217,31624.389,0.006157505978015964,0.22549652253380045,0.010866599568043124
1746640115874011,57.9806,1746637218309136,REGIME_ONE_2D,3947.8083,0.2265556,-0.10371033756883227,31484.139,-0.10390198389190752,0.2737117953272454,-0.10540049465587213
1746640115875372,84.7895,1746637218309136,REGIME_ONE,4995.9517,0.2839826,-0.07809124041666461,40121.69,-0.07708930328376706,0.30964932686551006,-0.0828677380730313
1746640115876803,110.061,1746637218309136,REGIME_ONE_2D,4575.18,0.3046272,-0.05163253869225115,37101.76,-0.05039271254302051,0.12571875667708526,-0.036908583761009944
1746640115878221,54.0285,1746637218309136,REGIME_ONE_2D,3767.3787,0.2158164,-0.10562985463734492,29946.293,-0.10614970958282577,0.39929959563803996,-0.10746568138848991
1746640115879749,98.678,1746637218309136,REGIME_ONE_2D,3948.2024,0.3033038,-0.07384732260352407,31773.309,-0.07370270495896547,0.3021433428299581,-0.07390392304015454
1746640115882440,90.6991,1746637218365588,REGIME_ONE,4523.68,0.2952168,-0.06574096880047187,36417.516,-0.06539840956447626,0.2709911520496651,-0.0659078870223423
1746640115883975,57.9537,1746637218365588,REGIME_ONE_2D,3510.0103,0.19928989,-0.10117225318242043,27931.682,-0.10333049927342676,0.30658997539136934,-0.10654840786809026
1746640115885570,87.8013,1746637218365588,REGIME_ONE_2D,3090.5417,0.31608596,-0.02664083992630714,24970.523,-0.02490959348735412,-0.02744812485090358,-0.023103769932282484
1746640115887159,52.3435,1746637218365588,REGIME_ONE_2D,3421.7004,0.19653039,-0.10450217738013985,27289.133,-0.10585690407319925,0.2737613105638332,-0.11044508220512561
1746640115888740,60.6762,1746637218365588,REGIME_ONE,3152.6199,0.1823431,-0.10797885437979796,24982.814,-0.10791820413090925,0.5064134566363507,-0.112153998740159
1746640115890344,66.0475,1746637218365588,REGIME_ONE_2D,4845.0435,0.26399627,-0.08696518334781292,38789.473,-0.08435691762815778,0.16147636996532463,-0.09300781732639979
1746640115891881,62.7572,1746637218365588,REGIME_ONE_2D,3511.299,0.18787566,-0.10476370130440821,27897.855,-0.10497823050391836,0.49005836296194655,-0.10775524286159814
1746640115893483,74.6701,1746637218365588,REGIME_ONE,3403.2275,0.27172926,-0.04317840871737029,27186.338,-0.027018265706621972,0.0826961324502181,-0.035685351858809264
1746640115895116,88.3614,1746637218365588,REGIME_ONE,4213.414,0.2411444,-0.0884383103099341,33535.805,-0.09026163488915583,0.356361964020353,-0.09061453467506142
1746640115896700,60.3933,1746637218365588,REGIME_ONE,3674.334,0.28358465,-0.05794908327450238,29502.547,-0.05603538578931613,0.13074940792773668,-0.05379719816766152
1746640115898280,76.3385,1746637218365588,REGIME_ONE,4868.1167,0.34942365,-0.006019235817095948,39183.402,0.0008291315693574131,0.08478604219297428,0.0232783128525915
1746640115899848,87.5157,1746637218365588,REGIME_ONE,4406.769,0.25098667,-0.09016175632711709,35405.17,-0.08909858448400942,0.12567609734868512,-0.08616216081269265
1746640115901381,120.374,1746637218365588,REGIME_ONE,4319.757,0.28015062,-0.06431308192746929,34627.086,-0.06385252028498531,0.3338642399595916,-0.0651796625444459
1746640115904006,65.6913,1746637218406560,REGIME_ONE_2D,3281.046,0.19138165,-0.10469117091780211,26212.84,-0.10501033674377688,0.4483030325027776,-0.1062221513824272
1746640115905505,117.405,1746637218406560,REGIME_ONE_2D,2951.5884,0.26197895,-0.05581088094736611,23706.936,-0.05481379059914735,0.3373066260274807,-0.06383762052033926
1746640115907018,64.786,1746637218406560,REGIME_ONE,3811.7131,0.20902346,-0.10972729704063097,30398.969,-0.11012165157680603,0.20361278826319365,-0.10819495737132895
1746640115908514,55.5828,1746637218406560,REGIME_ONE,3464.904,0.21963723,-0.1059740214198735,27629.7,-0.10556716309324499,0.41779838412998066,-0.1083051029125672
1746640115910049,63.9738,1746637218406560,REGIME_ONE_2D,2324.0273,0.25214207,-0.07931640967363088,18579.012,-0.07909129570366856,0.4563777265089637,-0.0781585006452048
1746640115911592,73.5221,1746637218406560,REGIME_ONE,4056.1228,0.26223204,-0.07944660144154991,32444.982,-0.08053616368122178,0.15150954237824293,-0.08191975224212913
1746640115913139,66.3375,1746637218406560,REGIME_ONE_2D,3899.7961,0.20787363,-0.11056645240485369,31115.875,-0.1107287047504132,0.2508013961137896,-0.11037838586439905
1746640115916226,63.9681,1746637218406560,REGIME_ONE_2D,2793.784,0.21838215,-0.0932521055297944,22261.518,-0.09357852381915507,0.4270536011915978,-0.09627151430075588
1746640115917700,120.648,1746637218406560,REGIME_ONE_2D,3227.0574,0.30760443,-0.0565112973897226,26013.281,-0.053767300597678175,0.25392516623791866,-0.05930643528744019
1746640115919157,53.6501,1746637218406560,REGIME_ONE_2D,3547.4812,0.22086458,-0.10306404566473805,28340.54,-0.10391374483610212,0.31675012538991515,-0.10512528743171327
1746640115920577,79.0442,1746637218406560,REGIME_ONE,3755.6343,0.24803348,-0.09081083027718788,29973.84,-0.09181718865003143,0.22268107869843073,-0.09253395605688805
1746640115922062,90.7168,1746637218406560,REGIME_ONE,3163.6638,0.186663,-0.1052081787612216,25167.053,-0.1059854591077162,0.4133234612598428,-0.11065180502003095
1746640115923755,120.797,1746637218309136,SIDETEST_2Dvs3D,5325.519,0.36047935,0.006176670420793153,43100.08,0.011792675924780853,0.12034189347165784,0.07811345783859709
1746640115924844,102.278,1746637218309136,SIDETEST_2Dvs3D,5755.6035,0.34127736,0.005617318449289076,46638.04,0.010108029467933845,0.026872167587173573,0.031814437327083195
1746640115925923,102.105,1746637218309136,SIDETEST_2Dvs3D,5592.3315,0.37784752,0.013842858079820665,45220.797,0.01896652008232032,0.19950496107485477,0.006596267480901429
1746640115927017,70.7234,1746637218365588,SIDETEST_2Dvs3D,3631.888,0.26688385,-0.05122924191120975,28957.834,-0.04957298448756078,0.20937150430117674,-0.004590684098001114
1746642096153787,112.81999999999998,1746637218309136,REGIME_ONE_2D,4213.94,0.33902454,-0.021014977003138355,34195.082,-0.017242765214730733,0.1812716328702177,-0.0037969692874276085
1746642096156510,116.792,1746637218309136,REGIME_ONE,6767.3306,0.3715874,0.011470354347875916,54736.008,0.02416842821336898,0.1385333587460265,0.006708358200424756
1746642096157870,125.674,1746637218309136,REGIME_ONE_2D,5454.4863,0.44884923,0.1254220010862585,43640.508,0.13419451037669633,0.045793301568065235,0.17177435208688407
1746642096159133,88.5587,1746637218309136,REGIME_ONE_2D,3545.3562,0.22137572,-0.09069057821277811,28213.691,-0.09163887242784693,0.39290527647916995,-0.09381204059016679
1746642096160487,187.079,1746637218309136,REGIME_ONE,3871.2437,0.26090991,-0.06469817674149958,30907.25,-0.06443665893868943,0.34472251368138984,-0.06771628614011063
1746642096161792,105.88699999999999,1746637218309136,REGIME_ONE_2D,4241.547,0.37803695,0.03793532285456251,34251.69,0.045069194821080266,0.08218061612337302,0.045052222706864084
1746642096163286,69.6103,1746637218309136,REGIME_ONE_2D,2687.9368,0.21924739,-0.09377947857322101,21491.578,-0.09437022459382312,0.4132173961675529,-0.09484724656257267
1746642096164557,112.41900000000001,1746637218309136,REGIME_ONE,3273.8572,0.26033276,-0.08107692050471593,26293.979,-0.07994957604718857,0.24170795436901424,-0.0850617450562659
1746642096165944,66.9146,1746637218309136,REGIME_ONE,4412.5566,0.32871822,-9.258270876177834e-05,35409.992,0.001725995509680325,0.1657911969952005,0.006451028849812714
1746642096167310,104.397,1746637218309136,REGIME_ONE_2D,4356.0283,0.4610706,0.1491113042681304,34922.793,0.15864549421517155,0.09644301374450037,0.18173440700558208
1746642096168568,95.3733,1746637218309136,REGIME_ONE,3868.2983,0.3255617,-0.04469963572585401,31193.924,-0.04502552730146435,0.04301904962223638,-0.04351285073056233
1746642096169812,56.00599999999999,1746637218309136,REGIME_ONE_2D,3543.361,0.21446551,-0.09080700004991907,28391.936,-0.09482260746128857,0.1694309055394763,-0.09380535556359185
1746642096171108,153.402,1746637218309136,REGIME_ONE,4845.753,0.26447582,-0.10141663673912159,38884.758,-0.10177317869253136,0.39843788243842215,-0.10447249931142144
1746642096173195,92.3506,1746637218365588,REGIME_ONE,4231.628,0.25381714,-0.10336984878939315,33797.617,-0.10280109653845905,0.3711602723956251,-0.10488614794859794
1746642096174489,68.7065,1746637218365588,REGIME_ONE,2731.2063,0.30545536,-0.0402328155852926,22057.426,-0.03824406625654466,0.1937755839736814,-0.050656606481564635
1746642096175789,59.9904,1746637218365588,REGIME_ONE_2D,3404.8154,0.19472486,-0.10004160008062143,27125.586,-0.10075580912520292,0.39927518947688845,-0.10026846217112653
1746642096177093,69.9194,1746637218365588,REGIME_ONE,3323.9792,0.19501427,-0.1013265340054242,26409.094,-0.10352337197101305,0.3951411611034035,-0.10305960211035026
1746642096178396,79.0658,1746637218365588,REGIME_ONE,3683.5142,0.20920393,-0.10173108469124799,29286.486,-0.10283565782197725,0.2698326378904443,-0.10360302687033215
1746642096179698,130.757,1746637218365588,REGIME_ONE,3709.8032,0.28167847,-0.07307862897785078,29766.418,-0.07317089219204043,0.2517488334644116,-0.0737598271691709
1746642096180969,74.087,1746637218365588,REGIME_ONE,3522.8052,0.2839293,-0.06261420587448052,28363.418,-0.06076060815141185,0.19184354432682763,-0.056999348738847364
1746642096182271,86.9809,1746637218365588,REGIME_ONE_2D,2794.1125,0.3048692,-0.04759805232520277,22538.707,-0.04410200983982168,0.04866428407214853,-0.04694405286517801
1746642096183515,114.388,1746637218365588,REGIME_ONE,4158.4453,0.2752047,-0.08407953449034872,33399.74,-0.08320128777116924,0.33703154594245566,-0.08869872287935249
1746642096184834,67.5329,1746637218365588,REGIME_ONE,3054.4214,0.18673487,-0.103631270533244,24284.477,-0.1044964888169945,0.34879779385691667,-0.107286672833022
1746642096186114,84.9977,1746637218365588,REGIME_ONE_2D,4012.2627,0.26961213,-0.05525607206319001,32215.861,-0.05126611203283997,0.2019654615566045,-0.0483455780856746
1746642096187410,76.2028,1746637218365588,REGIME_ONE_2D,4627.554,0.45663807,0.11066844835973227,37162.93,0.1198389766737922,-0.06395899077475578,0.14674745313213203
1746642096188765,66.7327,1746637218365588,REGIME_ONE_2D,2811.269,0.23854062,-0.08859278310459032,22496.807,-0.08874330967380648,0.3159272350459511,-0.08786185342016822
1746642096190116,101.446,1746637218365588,REGIME_ONE_2D,3746.0823,0.24455263,-0.08616712159443954,29915.25,-0.08573419824675185,0.33555834502812376,-0.08686191847986496
1746642096192179,93.7313,1746637218406560,REGIME_ONE_2D,2353.2844,0.26276645,-0.0785477610368583,18871.133,-0.07859086710480634,0.2635183420776445,-0.07620399099274516
1746642096193564,133.108,1746637218406560,REGIME_ONE,4455.2466,0.22904228,-0.10672154926539605,35679.332,-0.10691390739348977,0.11423615916309168,-0.1069162317386959
1746642096194925,60.4879,1746637218406560,REGIME_ONE_2D,3104.8032,0.18880324,-0.10127084457399058,24756.426,-0.10186420449528003,0.3252975232842644,-0.10388224766717413
1746642096196311,88.6211,1746637218406560,REGIME_ONE,3429.1394,0.21234567,-0.10122063779406204,27250.037,-0.10485499979889257,0.3959815484999655,-0.10391946788215388
1746642096197750,83.8194,1746637218406560,REGIME_ONE,4711.7334,0.24584657,-0.1019003156867532,37777.89,-0.10138362803323069,0.314423753357835,-0.10671605098882907
1746642096199073,66.7505,1746637218406560,REGIME_ONE_2D,3339.2507,0.21669309,-0.10202110099404205,26560.93,-0.10368568918165738,0.4191485885400133,-0.1024309643641785
1746642096200426,87.2539,1746637218406560,REGIME_ONE,2662.7844,0.19800705,-0.09944323430248404,21334.719,-0.10395836018958556,0.26572792696875736,-0.09643682923675162
1746642096201763,59.4601,1746637218406560,REGIME_ONE,3095.1047,0.19148676,-0.10916939613341115,24686.861,-0.11091238100265674,0.3320930889293498,-0.11079313529816659
1746642096203142,60.76899999999999,1746637218406560,REGIME_ONE,3520.6152,0.25997633,-0.07608632006488304,28249.215,-0.07460523423446568,0.3022236749263757,-0.07185745929521897
1746642096204529,85.0906,1746637218406560,REGIME_ONE_2D,3882.1682,0.2062964,-0.10472561826103594,30829.705,-0.10498016260396362,0.4387830920106913,-0.10654451069801729
1746642096205848,63.9615,1746637218406560,REGIME_ONE_2D,3542.3088,0.23136865,-0.1035152329206965,28269.504,-0.10420234803665802,0.3592203818204132,-0.1051500135323772
1746642096207288,48.8602,1746637218406560,REGIME_ONE_2D,2890.4172,0.20483977,-0.09744529310209277,22988.262,-0.10104916291112331,0.43679493358176963,-0.09962625774856151
1746642096208734,56.29440000000001,1746637218406560,REGIME_ONE,4062.1052,0.21541452,-0.10409387220645591,32359.617,-0.10439083153500175,0.16030478685355343,-0.10430374476283101
1746642096210486,123.952,1746637218406560,SIDETEST_2Dvs3D,4353.9834,0.27477935,-0.0866128720489125,34998.594,-0.08506329074892456,0.26790828900074803,-0.08932332426223272
1746642096211622,95.4256,1746637218406560,SIDETEST_2Dvs3D,2974.216,0.25843033,-0.06300581434490615,23895.03,-0.06270522113065423,0.31829107939410833,-0.07168515680075416
1746642096212776,70.0915,1746637218309136,SIDETEST_2Dvs3D,4280.825,0.32631016,-0.007011942830376853,34244.938,-0.0054910526996677185,0.20743743035964052,0.03540256917870445
1746642096213858,91.3696,1746637218309136,SIDETEST_2Dvs3D,3620.0356,0.3441516,-0.017249295578513634,29181.988,-0.017060295457707892,0.03434131366531905,-0.005632909643676978
1746642584473380,81.4368,1746637218309136,REGIME_ONE_2D,4340.423,0.31567565,-0.03358281908473386,35379.387,-0.0321964665263432,0.24670396914934045,-0.02960799205523827
1746642584476577,72.3402,1746637218309136,REGIME_ONE_2D,4596.8438,0.36298972,0.01802968633544541,37253.355,0.02533747872544912,0.18082508656585897,0.025126869535245372
1746642584479296,98.923,1746637218309136,REGIME_ONE,3950.9387,0.26223582,-0.07775450239995926,31607.652,-0.07713233564971828,0.43085719146048473,-0.08166864567573302
1746642584481500,59.226,1746637218309136,REGIME_ONE_2D,4233.158,0.25517893,-0.10362388324807562,33963.02,-0.10334401564395872,0.35765028190674947,-0.10432825788077027
1746642584483892,66.0083,1746637218309136,REGIME_ONE_2D,3931.2986,0.33503887,0.007990465173397902,31863.16,0.02151991995835914,0.23784681850140116,0.012380179974209773
1746642584486227,93.7561,1746637218309136,REGIME_ONE,5025.559,0.24312417,-0.0910033698117349,40043.586,-0.09166368940949852,0.30034268267464176,-0.09797677451494127
1746642584488587,76.2797,1746637218309136,REGIME_ONE_2D,3749.5767,0.29686636,-0.06188030943422268,30057.582,-0.06128345618535909,0.28467206730950256,-0.0653866969402907
1746642584490731,106.632,1746637218309136,REGIME_ONE,4480.4766,0.2911229,-0.032406173797659296,35826.57,-0.028438741223320303,0.2993462145887364,-0.04287447501391033
1746642584493072,96.54900000000002,1746637218309136,REGIME_ONE,3530.0227,0.26982412,-0.06185768592950604,28474.613,-0.05788874704524721,0.2900923302093055,-0.061281438436174396
1746642584495456,124.711,1746637218309136,REGIME_ONE_2D,5149.314,0.2922658,-0.07436501606530588,41196.0,-0.0740038065702798,0.2544082538065263,-0.07586743274284342
1746642584497803,75.8904,1746637218309136,REGIME_ONE,5304.5376,0.28643298,-0.08821313931583617,42780.277,-0.0872930979075245,0.15555455798574536,-0.08873432660878972
1746642584500172,79.8321,1746637218309136,REGIME_ONE_2D,4024.1694,0.38453543,0.0636142281130169,32576.178,0.08144262757289408,0.12236637225007393,0.05021107988622772
1746642584502390,103.123,1746637218309136,REGIME_ONE_2D,4767.663,0.33157685,-0.03747623474802683,38685.438,-0.026958639843889055,0.26359305576174724,-0.032459898918588546
1746642584504594,76.8021,1746637218309136,REGIME_ONE_2D,5392.7915,0.4181087,0.10051416138536026,43359.816,0.10697623730068162,0.14775224778909007,0.11904677558051202
1746642584510857,72.8686,1746637218365588,REGIME_ONE_2D,3142.6794,0.218652,-0.10572229112902458,25099.82,-0.10552915287293956,0.4142391715230051,-0.1073355706611035
1746642584513135,92.557,1746637218365588,REGIME_ONE,3439.3984,0.23075095,-0.099747289973398,27528.656,-0.09980067614971311,0.24958487024736825,-0.10008030041464608
1746642584515503,67.5856,1746637218365588,REGIME_ONE_2D,3485.3623,0.20315138,-0.10406336597290768,27760.426,-0.10626660848487988,0.2865948507669469,-0.10937720762046944
1746642584517873,52.8378,1746637218365588,REGIME_ONE_2D,2765.3003,0.2148676,-0.08951365275158062,22126.75,-0.09220771242246054,0.24307890154492934,-0.08532694051682271
1746642584520036,54.43820000000001,1746637218365588,REGIME_ONE_2D,2998.2056,0.18500784,-0.09960726766959296,23813.158,-0.10006613486185276,0.2985582995938313,-0.10489035730988976
1746642584522408,91.1951,1746637218365588,REGIME_ONE,2854.467,0.23109376,-0.0945857987004077,22878.697,-0.0955199274178335,0.31582942665661173,-0.09441643100046067
1746642584524536,135.502,1746637218365588,REGIME_ONE,4353.9126,0.29235896,-0.05470862266026892,35106.96,-0.05415911910696036,0.2445087093431347,-0.05280890075962301
1746642584526924,83.4401,1746637218365588,REGIME_ONE,3422.0984,0.23806176,-0.09695784904974565,27432.197,-0.09740022124200623,0.2923932201854935,-0.09796766497806073
1746642584529252,54.0353,1746637218365588,REGIME_ONE_2D,3154.587,0.18406142,-0.10391323670818936,25024.59,-0.10389116826339395,0.5079290976916871,-0.10914015915683864
1746642584531603,74.801,1746637218365588,REGIME_ONE,3684.2212,0.23673174,-0.08508168649478795,29490.252,-0.08554748423839062,0.17783948294800825,-0.08778618026909168
1746642584533805,71.1079,1746637218365588,REGIME_ONE,3392.6516,0.23393875,-0.09167891392869303,27207.613,-0.09170617497025729,0.18409824485808465,-0.09130114555949122
1746642584536004,54.4129,1746637218365588,REGIME_ONE_2D,2815.0535,0.18065971,-0.1026425060213025,22272.152,-0.10313967589386303,0.4873192977046711,-0.10978737578292723
1746642584538329,138.282,1746637218365588,REGIME_ONE,3920.7822,0.29091793,-0.045710010840749916,31391.252,-0.04414352891274203,0.2695583419968762,-0.04723923912696773
1746642584544181,63.9582,1746637218406560,REGIME_ONE,3169.738,0.19831336,-0.09979195987905697,25332.854,-0.10002154097122619,0.2564259823624564,-0.09940179443872382
1746642584546496,69.5462,1746637218406560,REGIME_ONE,3558.8845,0.20688622,-0.10542442955109815,28367.852,-0.10610302792694523,0.28435973008634624,-0.10647978596590321
1746642584548859,114.833,1746637218406560,REGIME_ONE,2884.0586,0.24223153,-0.08410753923918599,23129.637,-0.08450229040281368,0.3165402329977131,-0.08386405958093955
1746642584551184,62.1078,1746637218406560,REGIME_ONE_2D,3786.2112,0.24841343,-0.09807494158807742,30234.508,-0.09811742133127557,0.32674046440596205,-0.0985147357081104
1746642584553326,63.5855,1746637218406560,REGIME_ONE_2D,3476.7573,0.19400801,-0.10501586775635427,27599.504,-0.10500854977089727,0.5394437060168155,-0.10608651984457604
1746642584555661,116.46099999999998,1746637218406560,REGIME_ONE,3532.981,0.2063181,-0.09893570456578438,28212.525,-0.10072955012734869,0.2317086286606694,-0.10315105861018486
1746642584558025,54.8212,1746637218406560,REGIME_ONE_2D,3191.82,0.19801706,-0.10063709000002288,25522.102,-0.10102977569002947,0.42379674609150064,-0.10003560327486209
1746642584560353,71.3299,1746637218406560,REGIME_ONE,3367.776,0.24193484,-0.09815959596499313,26951.328,-0.0983641570789895,0.13782387622357545,-0.09766405170937392
1746642584562504,94.1464,1746637218406560,REGIME_ONE,3722.9006,0.20859587,-0.10527172922476788,29552.475,-0.10589275504471081,0.30268299213198396,-0.11107764972028544
1746642584564687,63.9613,1746637218406560,REGIME_ONE_2D,2880.9058,0.19845892,-0.0986842565947588,22901.266,-0.10239105903183443,0.39613556596965194,-0.09822693196778534
1746642584566864,51.97729999999999,1746637218406560,REGIME_ONE_2D,3080.2456,0.19149983,-0.10043692468284146,24454.074,-0.10312361282082409,0.3751332477922529,-0.107001316730516
1746642584569017,58.4143,1746637218406560,REGIME_ONE_2D,2667.0989,0.20778294,-0.08872179358719387,21188.39,-0.09292913299191458,0.4151161862740538,-0.08928633056138083
1746642584571405,89.0975,1746637218406560,REGIME_ONE_2D,2515.7173,0.25445998,-0.08400838078865033,20187.32,-0.0839095745222565,0.24771058796707127,-0.08222973223920121
1746642584574831,133.171,1746637218309136,SIDETEST_2Dvs3D,6714.913,0.43873265,0.10012983966258689,53776.758,0.10420836579824928,0.05599099332424358,0.13401025240675113
1746642584576076,87.8397,1746637218309136,SIDETEST_2Dvs3D,4644.246,0.33968252,-0.02803056402549204,37619.22,-0.025675052982762108,0.17456323783253327,-0.01566475447192659
1746642584577250,141.403,1746637218309136,SIDETEST_2Dvs3D,3846.2815,0.26269054,-0.060180920609779386,30702.959,-0.059905093123983066,0.35677335585657743,-0.06176754174543391
1746642584578418,75.4937,1746637218309136,SIDETEST_2Dvs3D,4114.8857,0.26675522,-0.08556657966874152,32988.254,-0.085814467981638,0.4305217875714636,-0.08701235161854536
1746643066627584,66.4447,1746637218309136,REGIME_ONE_2D,4152.751,0.2961439,-0.05100106696153104,33196.09,-0.0504089965572264,0.32977690123903114,-0.06133548533646608
1746643066629066,94.5527,1746637218309136,REGIME_ONE_2D,4988.022,0.49761647,0.1714882374448603,40068.445,0.18008602571973933,0.15756171373207414,0.1820528747253006
1746643066630420,82.6334,1746637218309136,REGIME_ONE,4523.171,0.30099043,-0.06283852872656083,36542.406,-0.062438834779901004,0.2364429334410738,-0.04058746323043502
1746643066631765,128.061,1746637218309136,REGIME_ONE,3266.6094,0.26463968,-0.06020184532801839,26143.613,-0.05995103871569846,0.2978222783941969,-0.06354102179836114
1746643066633131,63.95889999999999,1746637218309136,REGIME_ONE,2990.615,0.26988813,-0.0684966307385183,24107.482,-0.06766749310033784,0.11221363398351196,-0.061931091679560825
1746643066634488,105.66599999999998,1746637218309136,REGIME_ONE_2D,4268.677,0.3039244,-0.057953633802327625,34286.8,-0.05479145119346973,0.2927488048474681,-0.06574674143380436
1746643066635892,71.9059,1746637218309136,REGIME_ONE_2D,3885.1895,0.21547261,-0.10481463631542645,31279.398,-0.10522341964491394,0.23800456726112193,-0.10251008687300084
1746643066637283,74.4952,1746637218309136,REGIME_ONE_2D,3854.7292,0.27518317,-0.061905664614655694,30865.623,-0.06024769842730471,0.3736391749590046,-0.06290711389090814
1746643066638672,69.552,1746637218309136,REGIME_ONE_2D,4133.0317,0.28928092,-0.05454857777026011,33027.297,-0.05029685282512943,0.28714273372573074,-0.057881972675591156
1746643066640067,125.954,1746637218309136,REGIME_ONE,5838.1685,0.33132717,-0.04595222573090213,47433.6,-0.039666179290369835,0.19334567563777502,-0.038975313610413176
1746643066641433,94.9734,1746637218309136,REGIME_ONE,4387.288,0.2778953,-0.07721063008791124,35310.703,-0.07593069984129001,0.31290510962080736,-0.07848218338822383
1746643066642822,119.029,1746637218309136,REGIME_ONE_2D,4077.6768,0.3363988,-0.027270869515669958,33208.066,-0.020927783125838637,0.3091486415689088,-0.02745786719342138
1746643066644181,83.0274,1746637218309136,REGIME_ONE_2D,3870.0396,0.27742016,-0.06059028698196152,30965.504,-0.05791899381005228,0.16306624999700778,-0.05494068872227321
1746643066646288,85.2269,1746637218365588,REGIME_ONE,3111.873,0.33151188,-0.019887331569698647,25149.271,-0.01673877824800822,0.17176230244541474,-0.03099444776387756
1746643066647632,88.0458,1746637218365588,REGIME_ONE_2D,3190.1497,0.2237563,-0.10049579181281773,25516.492,-0.10194554978209144,0.23916231883597253,-0.09892353284773134
1746643066648936,63.9584,1746637218365588,REGIME_ONE,2199.8792,0.25869864,-0.07824548680106354,17667.041,-0.07736976982514221,0.23149242678077891,-0.07672801919159383
1746643066650214,66.7707,1746637218365588,REGIME_ONE,3283.6917,0.20105235,-0.10765237777282742,26245.982,-0.10937654521915985,0.3578661914355533,-0.10815856340668159
1746643066651523,87.4149,1746637218365588,REGIME_ONE,3674.6125,0.31678283,-0.04647479481649537,29609.357,-0.04597526936646249,0.282172235904733,-0.05167581828371146
1746643066652801,81.6537,1746637218365588,REGIME_ONE_2D,3613.5935,0.29910767,-0.02796575607853428,29130.062,-0.019899862172762926,0.19610083721410318,-0.015704766608107754
1746643066654078,92.5774,1746637218365588,REGIME_ONE_2D,4685.4546,0.2816868,-0.09460295787340373,37611.94,-0.09435699512588559,0.39809309863921793,-0.09567627139575602
1746643066655384,67.8743,1746637218365588,REGIME_ONE_2D,3997.846,0.22159487,-0.10137242297647536,31747.96,-0.10184635465224381,0.3715586540665824,-0.10419170106764958
1746643066656770,88.8738,1746637218365588,REGIME_ONE,4607.463,0.2534742,-0.10152236145542015,36804.23,-0.10240020153565325,0.2255180029339293,-0.10438353063586019
1746643066658127,67.5224,1746637218365588,REGIME_ONE_2D,3988.489,0.2684891,-0.06960502572766719,31952.15,-0.06850558201265564,0.22870711099555244,-0.0737667280754965
1746643066659498,66.7291,1746637218365588,REGIME_ONE_2D,2532.5605,0.24367471,-0.08728068671427758,20234.578,-0.0887690106466704,0.34018202218945015,-0.08814079116090244
1746643066660854,65.2626,1746637218365588,REGIME_ONE_2D,3426.2407,0.21903048,-0.10253825191858573,27264.955,-0.10248593243731467,0.37455111583422857,-0.10239866646300616
1746643066662251,67.5467,1746637218365588,REGIME_ONE_2D,3668.9822,0.21149278,-0.10426045842496988,29130.078,-0.10563218932601884,0.3857504870790012,-0.10926304128449643
1746643066663640,92.1644,1746637218365588,REGIME_ONE_2D,3646.1575,0.2716374,-0.05793668129065482,29109.332,-0.05637209363600869,0.3282505637457681,-0.0641805043991774
1746643066665772,58.39970000000001,1746637218406560,REGIME_ONE_2D,4261.7197,0.22508661,-0.10322716890268427,34069.223,-0.10407594778861601,0.14363619715489423,-0.10332611106039373
1746643066667050,66.4069,1746637218406560,REGIME_ONE,3843.136,0.25030464,-0.09686971748969589,30948.688,-0.0963301002505671,0.35685213515986186,-0.09455283166634716
1746643066668415,70.4008,1746637218406560,REGIME_ONE,3505.5732,0.20998073,-0.10415141749056603,27994.525,-0.10649640030725446,0.2738653865319092,-0.10793206770280986
1746643066669829,84.6464,1746637218406560,REGIME_ONE,3102.3057,0.19224924,-0.10339862784576517,24824.803,-0.10394535284138189,0.45106524812960935,-0.10435203748744148
1746643066671168,101.739,1746637218406560,REGIME_ONE,4216.1304,0.24923679,-0.088520557836051,33835.47,-0.08891177454182717,0.10102959822350228,-0.08333502372518534
1746643066672589,58.4602,1746637218406560,REGIME_ONE_2D,3242.926,0.24355732,-0.08726564231808591,26073.047,-0.08701105914964324,0.11150873414824078,-0.08370865815141446
1746643066673999,128.616,1746637218406560,REGIME_ONE,4336.597,0.22668621,-0.10334825498331163,34719.76,-0.10449381603710428,0.1193220325299825,-0.10353983821631516
1746643066675393,73.4986,1746637218406560,REGIME_ONE_2D,3830.4907,0.22342296,-0.10152615910392891,30515.293,-0.10135946105443899,0.40496335455705185,-0.10146898077874318
1746643066676818,60.8001,1746637218406560,REGIME_ONE_2D,2561.685,0.20278956,-0.08724069190725042,20373.088,-0.09291244687416453,0.39888892297863277,-0.0878438612224806
1746643066678220,76.271,1746637218406560,REGIME_ONE_2D,3638.0876,0.23189387,-0.09981795495634233,29097.002,-0.10066487418488076,0.3613273444149433,-0.10048926222457516
1746643066679696,66.7284,1746637218406560,REGIME_ONE_2D,2621.5913,0.2004021,-0.094573775506167,20981.783,-0.09993818225482294,0.29938709220948295,-0.09228940840077703
1746643066681104,77.4615,1746637218406560,REGIME_ONE,3336.101,0.21734534,-0.10056295494377374,26577.707,-0.10333024182475631,0.31283186178695993,-0.10424699925278375
1746643066682514,61.89489999999999,1746637218406560,REGIME_ONE_2D,3404.429,0.19846949,-0.10503417878821547,27088.957,-0.1058232285592401,0.28913773010436744,-0.10742068541216704
1746643066684394,123.975,1746637218309136,SIDETEST_2Dvs3D,5082.78,0.29104,-0.07614933220614974,40678.242,-0.07625506253044573,0.23961135895075486,-0.07800705955605432
1746643066685560,133.247,1746637218309136,SIDETEST_2Dvs3D,5556.9663,0.32261878,-0.05587269141976614,44850.848,-0.048117247405817,0.28441002672160387,-0.0564133205081757
1746643066686641,69.8689,1746637218365588,SIDETEST_2Dvs3D,3793.2112,0.29301584,-0.036594367113794365,30360.102,-0.033417151087378916,0.28169225872436854,-0.03788444025259831
1746643066687794,112.05,1746637218365588,SIDETEST_2Dvs3D,3441.0496,0.29359314,-0.025143158770663518,27801.236,-0.02164845179005852,0.2688052766760529,-0.01697335513178494
1746643752454728,83.0233,1746637218309136,REGIME_ONE_2D,4530.2207,0.31073317,-0.01717201352664654,36248.48,-0.013137207411333611,0.12402598800143012,-0.011679915838839556
1746643752456869,95.2026,1746637218309136,REGIME_ONE_2D,3690.9126,0.35983476,0.006886612654835507,29799.238,0.00989740795455697,0.1790920836143239,0.008737125911206832
1746643752458279,53.9501,1746637218309136,REGIME_ONE_2D,4059.55,0.26713723,-0.06873284060799603,32464.895,-0.06687281739351424,0.3562064631684152,-0.07183219557146842
1746643752459688,119.97999999999999,1746637218309136,REGIME_ONE_2D,5328.8706,0.41539562,0.09087904774101638,42849.23,0.0941733481364924,0.11101965452377234,0.140798554621874
1746643752461122,116.09700000000001,1746637218309136,REGIME_ONE,4713.546,0.35985187,-0.03259589178650907,38200.703,-0.03139284730417835,0.2360795797652416,-0.027230605576958875
1746643752462511,129.497,1746637218309136,REGIME_ONE_2D,3616.3867,0.253869,-0.08660983818251047,28978.809,-0.08613544616930109,0.2883772393666878,-0.08549181484102014
1746643752463869,100.504,1746637218309136,REGIME_ONE,4266.462,0.32996646,-0.014022715736312901,34410.23,-0.0105401953614223,-0.011773229527832385,-0.0018374464025125064
1746643752465228,84.5828,1746637218309136,REGIME_ONE_2D,4718.2446,0.4381634,0.10417396876687637,38252.176,0.11135921709784338,0.1365845536921026,0.0934753254541742
1746643752466616,84.6291,1746637218309136,REGIME_ONE,3795.068,0.22188109,-0.0978850504806835,30283.164,-0.09733966621538301,0.38454491346327924,-0.0981934627724193
1746643752468005,106.5,1746637218309136,REGIME_ONE_2D,4075.7854,0.36031488,0.004153379241096641,32753.246,0.004983173989519629,0.07533799204617522,0.01019762732611576
1746643752469392,83.4394,1746637218309136,REGIME_ONE_2D,3838.912,0.2850225,-0.03835220389548819,30712.582,-0.03610040302671276,0.27337682673671515,-0.002722768407664301
1746643752470740,70.3081,1746637218309136,REGIME_ONE,4083.9526,0.2300049,-0.1087054928075914,32596.18,-0.10904046180578594,0.4095856534231092,-0.10933207553776965
1746643752472134,101.945,1746637218309136,REGIME_ONE,3638.1494,0.26979253,-0.06270727223149675,29150.037,-0.06130038618896136,0.3012939897963067,-0.06372917507889608
1746643752474363,83.6445,1746637218365588,REGIME_ONE_2D,4540.1826,0.25779068,-0.07332007387831899,36250.83,-0.0725833248905925,0.2883700342657449,-0.07047853985928763
1746643752475662,88.4346,1746637218365588,REGIME_ONE,3999.8042,0.24070878,-0.09998414163644552,32048.72,-0.09981479150222994,0.14637044553492215,-0.10031934595380426
1746643752477836,69.1238,1746637218365588,REGIME_ONE_2D,3237.566,0.19631216,-0.10520618910127445,25770.016,-0.10687087324902711,0.3945890486901761,-0.10929481497562704
1746643752480032,76.8172,1746637218365588,REGIME_ONE_2D,3300.1567,0.29503745,-0.06629905939296499,26441.94,-0.06577134158678247,0.3263422829271784,-0.06748540291553021
1746643752482036,63.9457,1746637218365588,REGIME_ONE_2D,3019.0862,0.17971583,-0.10189824884432576,24008.191,-0.10345999355148372,0.3591155348493108,-0.1085628519507453
1746643752484242,75.1125,1746637218365588,REGIME_ONE_2D,3459.7332,0.23007403,-0.0974405322047347,27660.123,-0.097314882326441,0.2235786183864644,-0.09727976750465682
1746643752486491,77.8893,1746637218365588,REGIME_ONE,3096.2705,0.19859776,-0.1054401204525451,24747.834,-0.10712180315355405,0.39568166288324547,-0.10585152896750888
1746643752488678,80.9596,1746637218365588,REGIME_ONE_2D,3151.6335,0.26816794,-0.0821616700841451,25191.383,-0.0818044953796482,0.24989817833843841,-0.07734484620306205
1746643752490898,105.69499999999998,1746637218365588,REGIME_ONE,3048.7737,0.206474,-0.10477365410009143,24386.832,-0.10610808198706265,0.2701010093588225,-0.10199365134165433
1746643752493508,60.039,1746637218365588,REGIME_ONE,2353.713,0.23224305,-0.07667487575655482,18780.654,-0.07753142111882977,0.32937462859148253,-0.07857649658464375
1746643752495876,97.7238,1746637218365588,REGIME_ONE,4077.539,0.2871084,-0.06019134652650944,32692.36,-0.05884139265832543,0.24220706249275312,-0.06629136789367156
1746643752498086,106.44499999999998,1746637218365588,REGIME_ONE,3609.8093,0.24580233,-0.08773682458959559,28796.213,-0.0883853721496703,0.3238670292128504,-0.09119641496478897
1746643752500827,75.2122,1746637218365588,REGIME_ONE,4247.874,0.23228854,-0.10900119830701652,33861.336,-0.10864718367069731,0.34109437300852724,-0.11312659334085914
1746643752503790,123.138,1746637218365588,REGIME_ONE,3994.2458,0.30300197,-0.056449982639709205,32221.531,-0.054631139797963475,0.2717659907792664,-0.05917203916219622
1746643752510796,66.2907,1746637218406560,REGIME_ONE_2D,3461.096,0.19893532,-0.10455213588458925,27569.777,-0.10535565283018244,0.2727817572396654,-0.1067648017809595
1746643752513234,87.5773,1746637218406560,REGIME_ONE_2D,2919.7131,0.27362558,-0.07791275616302942,23359.113,-0.07772731815452866,0.2407954020514249,-0.07625139313126283
1746643752515510,91.9235,1746637218406560,REGIME_ONE,3249.2676,0.20232388,-0.10254373364944969,25873.768,-0.10449294896317501,0.3326968662466999,-0.1051192442823296
1746643752518120,83.4725,1746637218406560,REGIME_ONE,3807.7302,0.27276236,-0.06631786714380257,30480.21,-0.06670573699376794,0.20255827704333015,-0.06909448338306508
1746643752520878,52.063599999999994,1746637218406560,REGIME_ONE_2D,3400.706,0.23732077,-0.09533778955598896,27208.566,-0.09585145618307099,0.34376555806490366,-0.09804532952579632
1746643752523098,93.1385,1746637218406560,REGIME_ONE,3571.3794,0.20679668,-0.10908583146339779,28392.785,-0.10988162379190641,0.4177805284672503,-0.11080046243781122
1746643752525100,92.9492,1746637218406560,REGIME_ONE,2789.9812,0.26343042,-0.0723024886646118,22482.012,-0.07146575413167716,0.10922899267062476,-0.06684955426698855
1746643752526799,81.8694,1746637218406560,REGIME_ONE_2D,3484.1536,0.26964355,-0.0705074984614782,27941.379,-0.0682027939150083,0.259908044710509,-0.07139223231622471
1746643752528454,89.7909,1746637218406560,REGIME_ONE,3040.5674,0.19328405,-0.10441333124792038,24276.895,-0.10549276905405877,0.29413360959219936,-0.10459583558044276
1746643752530201,74.4131,1746637218406560,REGIME_ONE_2D,2652.4067,0.21047002,-0.08840864616770351,21147.113,-0.09135686782187613,0.3909584148781486,-0.09034531117750555
1746643752531780,79.0626,1746637218406560,REGIME_ONE,3180.2532,0.1874767,-0.09973536321981857,25264.832,-0.1006317622804759,0.42298972667999707,-0.10334205196129181
1746643752533370,73.9265,1746637218406560,REGIME_ONE_2D,3898.297,0.25037998,-0.09425812894537758,31120.332,-0.09400187030993125,0.41373088358085364,-0.09457687684505278
1746643752534936,56.4014,1746637218406560,REGIME_ONE_2D,3840.2153,0.21262695,-0.1172609917567036,30728.438,-0.11752297645822275,0.24527101872475848,-0.1171319142903443
1746643752537054,92.5841,1746637218309136,SIDETEST_2Dvs3D,5282.235,0.31538817,-0.05786194558466343,42720.63,-0.05327332319400071,0.3041990046896105,-0.06482690460245044
1746643752538190,110.78099999999999,1746637218309136,SIDETEST_2Dvs3D,4223.1416,0.30163965,-0.06104117281315343,33915.168,-0.058190061304078854,0.2856470267619628,-0.06943383705247955
1746643752539322,68.824,1746637218406560,SIDETEST_2Dvs3D,4301.031,0.22826712,-0.10019647884894234,34406.85,-0.10137993403148024,0.12767261880724695,-0.10035355794199499
1746643752540405,107.24100000000001,1746637218309136,SIDETEST_2Dvs3D,3196.6519,0.26789007,-0.0530468580416741,25578.951,-0.05289056446862626,0.30608661097290374,-0.05626371807429326
1746644291563893,110.022,1746637218309136,REGIME_ONE,3391.7246,0.34946206,-0.00037451684081649464,27438.71,0.0037529034533734656,0.28616495149042454,-0.007246827103522134
1746644291566040,66.327,1746637218309136,REGIME_ONE_2D,4524.9204,0.32070714,-0.034960319147382624,36694.32,-0.03347954365742422,0.1615742117815663,-0.04080182580149731
1746644291567334,92.55,1746637218309136,REGIME_ONE,4163.9937,0.28920797,-0.054253985431544915,33504.355,-0.05411289418475107,0.21133459081903574,-0.06451394303512009
1746644291568580,119.234,1746637218309136,REGIME_ONE,4809.0527,0.3664788,0.021320163483113257,38663.61,0.022920086923369047,-0.07053425680600116,0.013115683293069003
1746644291569838,113.21700000000001,1746637218309136,REGIME_ONE_2D,3794.1926,0.3046655,-0.03852919162914896,30759.896,-0.036880679967239406,0.2981550237662286,-0.011242685536909484
1746644291571216,72.4041,1746637218309136,REGIME_ONE_2D,3613.2012,0.21896061,-0.0995572233729367,28755.186,-0.09977790018278798,0.43675901102405396,-0.10132287144606299
1746644291573039,117.429,1746637218309136,REGIME_ONE_2D,5187.9175,0.4260298,0.09936999870947893,41564.414,0.10879509898418635,0.041879100154718116,0.15445042903949138
1746644291574402,74.2842,1746637218309136,REGIME_ONE_2D,3092.4595,0.21537253,-0.0961445089045181,24623.89,-0.09820804559230381,0.45803592968663653,-0.0968042670716553
1746644291575799,80.629,1746637218309136,REGIME_ONE_2D,3682.8542,0.29767,-0.050871829301448394,29509.012,-0.05050748777755034,0.21975573306886625,-0.042413426011105065
1746644291577198,102.876,1746637218309136,REGIME_ONE_2D,4460.07,0.25558215,-0.08455550917806035,35651.535,-0.08397050735210443,0.1855808991331323,-0.08443356158296043
1746644291578548,106.04099999999998,1746637218309136,REGIME_ONE_2D,4621.502,0.36021295,-0.015141383916711992,37216.605,-0.014547950799211298,-0.008916564664284393,0.0009083019696536971
1746644291579912,120.999,1746637218309136,REGIME_ONE_2D,4169.4062,0.35393253,0.01003418500848308,33949.67,0.01748847552038176,0.22496151436153838,0.014573938765019655
1746644291581309,98.9204,1746637218309136,REGIME_ONE,4018.2417,0.25681078,-0.08379153488308794,32110.365,-0.08346572417238807,0.35440031605299505,-0.08841675145905499
1746644291583710,83.446,1746637218365588,REGIME_ONE,4065.3652,0.21425812,-0.10632534507605923,32370.95,-0.10679792269134031,0.331009258197182,-0.10738922847006424
1746644291585100,65.5332,1746637218365588,REGIME_ONE_2D,3655.7217,0.20286666,-0.10069522588296767,29187.393,-0.1016084507042591,0.3606392075690086,-0.10055169973688699
1746644291586509,90.9754,1746637218365588,REGIME_ONE,3087.478,0.22871217,-0.10206995447017768,24713.375,-0.10271996206680277,0.20283842184259263,-0.10183603276675075
1746644291587842,71.8924,1746637218365588,REGIME_ONE_2D,3281.4556,0.1898363,-0.10395464043584676,26056.338,-0.10382784208607145,0.42827401930142855,-0.1076797006226495
1746644291589264,62.79449999999999,1746637218365588,REGIME_ONE,3598.7148,0.19974875,-0.10534624641118948,28632.45,-0.10567977405642015,0.41766020849066837,-0.10632161534520156
1746644291590648,101.316,1746637218365588,REGIME_ONE,3459.2651,0.2872347,-0.07208352290277387,27808.068,-0.07199329917567981,0.30700008507881804,-0.07375794210328092
1746644291592035,61.9798,1746637218365588,REGIME_ONE_2D,2982.5903,0.18594803,-0.10229750999605097,23685.605,-0.10275485021545289,0.5047143776121757,-0.10763929884875906
1746644291593460,81.0467,1746637218365588,REGIME_ONE,3369.7334,0.23609798,-0.0897996987237585,26915.445,-0.08971752963947277,0.2917100526779829,-0.09253796140846114
1746644291594870,108.117,1746637218365588,REGIME_ONE,2890.3625,0.20801435,-0.09967615732150559,23083.465,-0.10309713747109892,0.2601444077044051,-0.09764329608681058
1746644291596270,82.2484,1746637218365588,REGIME_ONE,4082.881,0.3052734,-0.05964514954479964,32792.31,-0.05870892352708115,0.22729350901225048,-0.05609202457940928
1746644291597670,97.5169,1746637218365588,REGIME_ONE_2D,3927.2368,0.2691694,-0.07414131401253671,31464.414,-0.07289936158257837,0.3494516451952919,-0.07986605963835663
1746644291599096,64.7639,1746637218365588,REGIME_ONE_2D,4921.152,0.31018907,-0.05376554264962814,39508.336,-0.05341142319184933,0.26944279157889395,-0.05188873295217648
1746644291600516,108.84099999999998,1746637218365588,REGIME_ONE,3283.6013,0.24762344,-0.0819838344444015,26478.309,-0.08125430416050704,0.20352196752829185,-0.08265130445367025
1746644291601946,82.2437,1746637218365588,REGIME_ONE,3915.6855,0.24557972,-0.09825011796014252,31268.504,-0.09902238963022722,0.3602219806998123,-0.10121685269053907
1746644291604765,88.5733,1746637218406560,REGIME_ONE,3489.4556,0.2149298,-0.10399411295163126,27804.248,-0.1055427765575485,0.357505489059458,-0.10777564350092081
1746644291606189,70.4401,1746637218406560,REGIME_ONE,3198.9707,0.19832414,-0.1020297205332263,25459.887,-0.10228774009665395,0.2887525715275081,-0.10208330421692262
1746644291607650,69.5105,1746637218406560,REGIME_ONE,3880.2668,0.27762315,-0.0516546900627945,31099.861,-0.05133315786037922,0.25709577242207443,-0.0437984649891386
1746644291609130,90.4656,1746637218406560,REGIME_ONE,3625.4583,0.20759413,-0.10248444376388971,28769.672,-0.10311759046979446,0.4283060055791154,-0.1055748083911254
1746644291610614,72.3333,1746637218406560,REGIME_ONE_2D,3620.5537,0.23745508,-0.09794516047467734,29002.604,-0.09802991686565185,0.18832114105513703,-0.09464623152072427
1746644291612075,106.477,1746637218406560,REGIME_ONE,3402.4045,0.25625566,-0.0903121608209552,27242.74,-0.08981329312245309,0.3864066779299646,-0.09191590075131631
1746644291613638,63.96130000000001,1746637218406560,REGIME_ONE_2D,3801.7566,0.23238222,-0.08670544485384579,30498.555,-0.08478582550307813,0.2859044535722458,-0.0843533743578083
1746644291615176,82.2608,1746637218406560,REGIME_ONE_2D,2664.8342,0.21540748,-0.08647555687276283,21167.34,-0.08979007588860358,0.42527538435872225,-0.08856169917838047
1746644291616710,61.9612,1746637218406560,REGIME_ONE_2D,2943.0352,0.20553984,-0.09704420493869025,23525.127,-0.09780659555853549,0.37654296643578766,-0.10111407630480561
1746644291618238,84.0623,1746637218406560,REGIME_ONE,3172.3823,0.18274924,-0.09942038038568128,25167.182,-0.09968714251652287,0.43137593576014505,-0.10653539978489723
1746644291619840,136.262,1746637218406560,REGIME_ONE,4394.0425,0.25068328,-0.0869513504565597,35140.504,-0.0865673004044852,0.2020609332242735,-0.09575387685043411
1746644291621443,84.2027,1746637218406560,REGIME_ONE,3606.8506,0.30858678,-0.04818921604034403,29096.05,-0.04587307382175246,0.21755424589422137,-0.053662717537892715
1746644291623128,73.1003,1746637218406560,REGIME_ONE_2D,2968.9424,0.2292153,-0.09442112215459766,23668.549,-0.09687052548761349,0.3212748067711859,-0.09440253760448664
1746644291625673,102.078,1746637218309136,SIDETEST_2Dvs3D,3643.4573,0.2529384,-0.09056722610068625,29214.424,-0.09062145645184652,0.26354504361206,-0.0898266798967063
1746644291626842,158.558,1746637218309136,SIDETEST_2Dvs3D,6159.9897,0.43671995,0.1165401128128144,49560.316,0.11972424071447967,0.10814890772493228,0.14291822518913386
1746644291628073,102.53600000000002,1746637218365588,SIDETEST_2Dvs3D,3032.3577,0.32040212,-0.009633808863034294,24541.043,-0.00036896659370071715,0.2889270770431034,-0.011370854086232327
1746644291629241,110.579,1746637218309136,SIDETEST_2Dvs3D,4124.4414,0.35581404,-0.015027970672560852,33574.84,-0.01233289756351661,0.22952909389145743,-0.00024057169108984198
1746645035235218,135.73,1746637218309136,REGIME_ONE,6102.5205,0.30269572,-0.10522152953562487,49212.773,-0.10574042686136403,0.2714770737523532,-0.10627050645738877
1746645035237532,77.5309,1746637218309136,REGIME_ONE_2D,4270.2344,0.29332218,-0.03621582580859459,34427.68,-0.03511993450113381,0.2840030187408211,-0.0327234424912121
1746645035238809,87.7778,1746637218309136,REGIME_ONE_2D,2647.604,0.21756542,-0.08942234739106156,21060.055,-0.09201132913084248,0.44865921677859966,-0.09059154196981635
1746645035240073,85.44,1746637218309136,REGIME_ONE_2D,4149.5044,0.3049054,-0.042302816183065264,33267.03,-0.04011616028679036,0.16181901824128428,-0.03362979232957576
1746645035241306,73.9836,1746637218309136,REGIME_ONE_2D,2897.3572,0.24303076,-0.07979607163504199,23218.967,-0.0801471213003231,0.19183540768975282,-0.0801009929919345
1746645035242566,82.2316,1746637218309136,REGIME_ONE_2D,4888.4746,0.273463,-0.09799080749552408,39130.543,-0.09794836926628789,0.2647892130414151,-0.09802341736884519
1746645035243795,97.3248,1746637218309136,REGIME_ONE_2D,3942.916,0.3286319,0.009403779700996257,31737.25,0.03571439653696582,0.07186200993794967,0.06091151851500698
1746645035245025,98.387,1746637218309136,REGIME_ONE_2D,4667.1406,0.37179118,0.008553130698919095,37461.336,0.011239912188667663,-0.0161103803965734,0.006348340323647732
1746645035246282,86.5821,1746637218309136,REGIME_ONE,2913.0027,0.22121607,-0.09873576619091004,23304.8,-0.09951417534485438,0.32074670629111857,-0.09790879411178234
1746645035247570,68.4634,1746637218309136,REGIME_ONE_2D,3873.0984,0.26914376,-0.0739578864683188,31012.617,-0.0733535199441204,0.3096758409440131,-0.06804479133633448
1746645035248896,61.57809999999999,1746637218309136,REGIME_ONE_2D,4013.5588,0.26729086,-0.06680181403578395,32076.246,-0.06637864292576029,0.2093534897857862,-0.06450905114007344
1746645035250186,69.5694,1746637218309136,REGIME_ONE_2D,3795.5547,0.21973395,-0.09012773174528955,30204.984,-0.09337266088309079,0.19369742482785363,-0.09622635767452489
1746645035251543,123.71700000000001,1746637218309136,REGIME_ONE,6574.1836,0.40262443,0.02793224044279396,53111.387,0.030607671975730045,-0.06893912461821294,0.04106972339594985
1746645035273517,116.806,1746637218365588,REGIME_THREE,3453.036,0.35358822,-0.0070422956624382705,27959.805,-0.003064388926758356,0.17378050995329639,-0.005178673291887788
1746645035274611,76.8192,1746637218365588,REGIME_THREE,3162.9368,0.25550297,-0.09469431313356355,25364.926,-0.09445526652161773,0.2523798936519152,-0.09426244523862655
1746645035275669,130.295,1746637218365588,REGIME_THREE,2656.5815,0.24996004,-0.08045940367049409,21198.877,-0.08194605385726006,0.37410845411414073,-0.0809437561160555
1746645035276749,86.2061,1746637218365588,REGIME_THREE,4006.916,0.2659561,-0.08961508055928596,32114.38,-0.09039647753911753,0.1687618313949491,-0.08981340854954038
1746645035277805,76.2028,1746637218365588,REGIME_THREE_2D,4753.845,0.25397405,-0.09139887876429528,37844.625,-0.09141958644363651,0.21468476005112724,-0.09487509127165983
1746645035278867,126.13899999999998,1746637218365588,REGIME_THREE_2D,4462.7026,0.43773675,0.093074692503014,35769.47,0.10514939835381554,-0.0443668029836383,0.1380666109705893
1746645035279927,89.7839,1746637218365588,REGIME_THREE,4226.513,0.2422115,-0.08880221288771897,33649.03,-0.09055791490286025,0.3582472602739841,-0.09196004215026693
1746645035280985,83.8661,1746637218365588,REGIME_THREE,3214.5525,0.22568813,-0.09814536504356294,25710.027,-0.09796437326148512,0.17678306703484678,-0.09729711181850585
1746645035282042,80.6623,1746637218365588,REGIME_THREE_2D,3076.4717,0.31682986,-0.029346699899000364,24891.525,-0.028404795379767048,-0.034440537498957945,-0.023419704800317735
1746645035283099,128.341,1746637218365588,REGIME_THREE,3698.7202,0.28245556,-0.06820446194841032,29661.531,-0.06744718522629178,0.20349082509668182,-0.06729254472118854
1746645035284155,88.5793,1746637218365588,REGIME_THREE_2D,3444.4448,0.24372149,-0.08589390299419443,27496.18,-0.08634173638120565,0.29598868836244413,-0.08623182105825736
1746645035285210,107.199,1746637218365588,REGIME_THREE,4623.03,0.2546671,-0.08698620410477774,37082.117,-0.08600164581255013,0.09316968073333512,-0.08357853694354675
1746645035286266,64.3828,1746637218365588,REGIME_THREE,3823.6907,0.23505646,-0.09279282806404664,30667.213,-0.09261334185415376,0.30737228030052277,-0.09757022298469892
1746645035288690,73.0984,1746637218406560,REGIME_ONE_2D,3027.6943,0.2088327,-0.09309249786978419,24100.555,-0.09753981144349817,0.3419028652997749,-0.09479584759269191
1746645035290022,58.3928,1746637218406560,REGIME_ONE_2D,3635.3784,0.22911192,-0.09689307812297755,28926.13,-0.0976515363354927,0.36757420975543237,-0.0987977673749277
1746645035291372,69.5104,1746637218406560,REGIME_ONE,2983.4705,0.18368484,-0.10348940548281134,23714.309,-0.1040857301216158,0.3547338365687448,-0.1099754072738351
1746645035292702,71.5591,1746637218406560,REGIME_ONE_2D,2922.2666,0.20450483,-0.10075199489215764,23235.162,-0.10121297533951348,0.5090488675309407,-0.10099167937804467
1746645035294023,59.97950000000001,1746637218406560,REGIME_ONE_2D,3296.9756,0.21457037,-0.10260549059466033,26275.379,-0.10340088147028645,0.3201779898249759,-0.10331901752391486
1746645035295308,57.1995,1746637218406560,REGIME_ONE_2D,3258.5452,0.20714214,-0.10301655319144493,25972.867,-0.10389846478868217,0.369519594026591,-0.10226085688658283
1746645035296593,68.095,1746637218406560,REGIME_ONE,3388.399,0.2071323,-0.10967683868934043,27023.787,-0.11026070006126806,0.4273689693854598,-0.11082455507534063
1746645035297911,72.2237,1746637218406560,REGIME_ONE,2964.3455,0.20243096,-0.10207715604572475,23788.865,-0.10377215991559957,0.206890664025996,-0.10135227128567453
1746645035299196,103.30800000000002,1746637218406560,REGIME_ONE,4099.3413,0.23095767,-0.10404765143809375,32786.97,-0.10521397366313404,0.12964668687738007,-0.10239097149724592
1746645035300480,111.59700000000001,1746637218406560,REGIME_ONE_2D,3274.9636,0.30249125,-0.04882032928968623,26265.926,-0.048986535590093486,0.27486411982411907,-0.04934891244119631
1746645035301766,69.1161,1746637218406560,REGIME_ONE_2D,3910.874,0.20781627,-0.10691305404995761,31165.15,-0.10690059262374166,0.4176277667488985,-0.10656257580758165
1746645035303052,91.3538,1746637218406560,REGIME_ONE,3208.7498,0.19908576,-0.10869128073338682,25621.67,-0.10993669496190196,0.4293244524811885,-0.11118370140474661
1746645035304333,61.5783,1746637218406560,REGIME_ONE_2D,3290.813,0.19586624,-0.10279654364343127,26176.836,-0.103222464574513,0.4729936943894588,-0.10443427056310665
1746645035305652,70.7355,1746637218406560,REGIME_ONE_2D,3114.5273,0.2552953,-0.07580376787922682,25061.14,-0.07581629480250382,0.2903101128530494,-0.07675616488766043
1746645035307326,94.9672,1746637218309136,SIDETEST_2Dvs3D,4415.389,0.35377857,-0.000307017445381955,35963.484,0.006311500682338081,0.20868409867038187,-0.006015429506448022
1746645035308398,110.856,1746637218309136,SIDETEST_2Dvs3D,6534.4644,0.41896147,0.07800048955999256,52429.49,0.08281541567769403,0.04437909520832398,0.11264052280323046
1746645035309498,87.8357,1746637218406560,SIDETEST_2Dvs3D,4499.1797,0.2533558,-0.08478871136537548,35964.46,-0.0845318637627932,0.2064494210663738,-0.09256718465037132
1746645035310566,84.6002,1746637218309136,SIDETEST_2Dvs3D,4759.4663,0.3709545,0.03026063729049712,38293.977,0.03250782256215738,-0.07235969538335388,0.0211852388279875
