StimSpecId,ActualResponse,Lineage,StimType,dot_product,cosine_similarity,pearson_correlation,strength_weighted,avg_orientation_correlation
1746637218309136,79.2349,1746637218309136,REGIME_ZERO_2D,349.20065,0.52446204,0.523327957179391,2628.6475,0.5217740984164901
1746637218311354,22.3254,1746637218311354,REGIME_ZERO_2D,459.8511,0.7954437,0.7951025609470881,3688.1013,0.7998753083921784
1746637218313525,30.199400000000004,1746637218313525,REGIME_ZERO_2D,454.13214,0.6390765,0.6383059370056523,3647.1362,0.6346145189409298
1746637218315690,52.40229999999999,1746637218315690,REGIME_ZERO,435.5755,0.68555313,0.6849380625610708,3414.5403,0.6783057367968526
1746637218317874,41.2138,1746637218317874,REGIME_ZERO,501.56314,0.76323044,0.7628120331213453,3980.3357,0.7612536217699286
1746637218320048,45.686,1746637218320048,REGIME_ZERO,414.0305,0.72645056,0.7259754899930199,3336.9407,0.730084599027309
1746637218322325,41.2896,1746637218322325,REGIME_ZERO_2D,369.53412,0.54278475,0.5417260739409755,2808.9287,0.5464030745206363
1746637218324621,44.8586,1746637218324621,REGIME_ZERO_2D,489.61914,0.68470514,0.6840859774335107,3970.7769,0.6892501962089708
1746637218326930,37.6236,1746637218326930,REGIME_ZERO_2D,356.9402,0.5861663,0.5853248794623622,2820.4072,0.5903382991994925
1746637218329193,69.1118,1746637218329193,REGIME_ZERO_2D,286.11804,0.4467844,0.4455066842405861,2297.3564,0.4510519961959959
1746637218331440,28.2055,1746637218331440,REGIME_ZERO_2D,501.31937,0.651528,0.6508110665694705,4066.05,0.6516379047051698
1746637218333736,40.4588,1746637218333736,REGIME_ZERO,517.1377,0.79759544,0.7972663149868512,4202.7397,0.7990881160892831
1746637218336013,24.8136,1746637218336013,REGIME_ZERO,453.15012,0.76823795,0.7678832760758367,3705.301,0.7697599917802558
1746637218338293,32.3155,1746637218338293,REGIME_ZERO_2D,443.419,0.808335,0.8080200412337211,3579.224,0.8132491590305664
1746637218340568,30.990699999999997,1746637218340568,REGIME_ZERO,517.4656,0.76520777,0.7647909090585315,4179.145,0.766552061076043
1746637218342824,22.6388,1746637218342824,REGIME_ZERO,505.80173,0.78466696,0.7843009434290392,4073.6965,0.7889828932636452
1746637218345092,40.1749,1746637218345092,REGIME_ZERO,525.8093,0.82543993,0.8251320590970505,4172.649,0.826751281576391
1746637218347369,25.802100000000003,1746637218347369,REGIME_ZERO,431.69556,0.78539616,0.785065500151162,3516.5623,0.790336859111079
1746637218349642,61.1739,1746637218349642,REGIME_ZERO_2D,599.86993,0.7056871,0.7050269031092573,4747.5254,0.7065122281876861
1746637218351926,25.436,1746637218351926,REGIME_ZERO_2D,507.31128,0.7597406,0.7593054406664468,4056.317,0.7576700080098725
1746637218354200,28.6094,1746637218354200,REGIME_ZERO,501.7521,0.7282724,0.7277348557105285,4032.3813,0.7267840994200325
1746637218356486,50.852,1746637218356486,REGIME_ZERO,387.1303,0.53756654,0.5365430338860862,3051.206,0.5281357192900579
1746637218358759,33.7703,1746637218358759,REGIME_ZERO_2D,438.49408,0.56369925,0.5627599418798734,3574.3984,0.5588613833368826
1746637218361034,34.9364,1746637218361034,REGIME_ZERO_2D,361.77756,0.4431303,0.4417404992031022,2902.0847,0.44671013627159334
1746637218363312,34.7708,1746637218363312,REGIME_ZERO_2D,459.34705,0.7656761,0.7652221730404085,3609.7312,0.768922862716652
1746637218365588,94.1628,1746637218365588,REGIME_ZERO,383.1453,0.6656359,0.6649521752898719,2961.085,0.6589892392195148
1746637218367858,40.3119,1746637218367858,REGIME_ZERO_2D,466.35223,0.51450163,0.5132860907939817,3781.176,0.510183073692897
1746637218370132,30.5885,1746637218370132,REGIME_ZERO_2D,495.61847,0.62481743,0.6239732556513149,3976.2812,0.6248333448150882
1746637218372416,27.8157,1746637218372416,REGIME_ZERO_2D,518.2863,0.7848912,0.784481051905427,4197.9224,0.7890973500714671
1746637218374691,36.9458,1746637218374691,REGIME_ZERO_2D,317.0892,0.4056298,0.40413201171349256,2506.7585,0.4129584681101287
1746637218376964,47.6613,1746637218376964,REGIME_ZERO_2D,526.2622,0.59181035,0.59087394180632,4353.593,0.5957923983437271
1746637218379237,23.843,1746637218379237,REGIME_ZERO_2D,403.29324,0.69404984,0.6935424026006243,3281.2415,0.6966261897721322
1746637218381509,38.8397,1746637218381509,REGIME_ZERO,432.34613,0.745171,0.744665997495012,3393.032,0.749292062938776
1746637218383784,23.8419,1746637218383784,REGIME_ZERO,418.39243,0.72583115,0.7254355122359307,3426.7388,0.7295470544206594
1746637218386072,35.7602,1746637218386072,REGIME_ZERO,570.4514,0.736399,0.7358555015115362,4523.028,0.7363985606638068
1746637218388348,54.82280000000001,1746637218388348,REGIME_ZERO,441.95822,0.7165509,0.7160419656943502,3523.5579,0.7187153176892866
1746637218390622,42.8946,1746637218390622,REGIME_ZERO,494.89224,0.7478079,0.7473034173985166,3955.597,0.7568229912860494
1746637218392896,61.46500000000001,1746637218392896,REGIME_ZERO_2D,463.2587,0.6586179,0.6578845078422817,3718.521,0.6607823222209129
1746637218395174,54.9317,1746637218395174,REGIME_ZERO,566.3722,0.785223,0.7848181345736653,4574.0625,0.7892112720927427
1746637218397454,66.8023,1746637218397454,REGIME_ZERO_2D,285.7255,0.3999947,0.3985419902750087,2211.0903,0.41213999513430133
1746637218399727,27.2971,1746637218399727,REGIME_ZERO_2D,397.67337,0.75622404,0.7558874268821909,3353.3845,0.7586782440362325
1746637218402011,63.5434,1746637218402011,REGIME_ZERO,401.4873,0.58072853,0.5798836613547943,3241.6975,0.5832794020180863
1746637218404284,45.6875,1746637218404284,REGIME_ZERO,407.615,0.69516814,0.6946172449878603,3230.2285,0.6970441407502546
1746637218406560,112.66900000000001,1746637218406560,REGIME_ZERO_2D,335.77576,0.5082987,0.5071389624978513,2523.9856,0.5047964506394271
1746637218408838,53.5311,1746637218408838,REGIME_ZERO,515.0925,0.6038736,0.6029546957609329,4166.327,0.6026072899931714
1746637218411114,56.413599999999995,1746637218411114,REGIME_ZERO,578.9424,0.6371204,0.6362840939712697,4638.7446,0.6377501854793347
1746637218413386,60.62050000000001,1746637218413386,REGIME_ZERO,375.27097,0.52121824,0.5200929272828296,2905.7637,0.5243662754715795
1746637218415686,39.7722,1746637218415686,REGIME_ZERO,406.3422,0.63838875,0.6376664586828836,3173.7085,0.6405270304115496
1746637218417962,61.196299999999994,1746637218417962,REGIME_ZERO,381.27692,0.62522775,0.6245023113227384,3030.209,0.6243069765066798
1746637218420236,44.4869,1746637218420236,REGIME_ZERO,536.43884,0.6794446,0.6787818073005724,4327.0073,0.6735861549124806
1746637218422510,45.2875,1746637218422510,REGIME_ZERO,458.503,0.6551336,0.6544534402159625,3701.0938,0.6550019651282325
1746637218424710,24.2316,1746637218424710,REGIME_ZERO_2D,448.25317,0.6087188,0.6078592608439525,3528.2285,0.609048749851289
1746637218426985,30.8077,1746637218426985,REGIME_ZERO_2D,487.89285,0.72406334,0.723548283342817,3971.547,0.7287668954656124
1746637218429270,54.01800000000001,1746637218429270,REGIME_ZERO,425.58035,0.7446789,0.744149986341602,3243.8499,0.7390859507289638
1746637218431523,47.2744,1746637218431523,REGIME_ZERO,422.0218,0.77501357,0.7745861666557973,3328.0132,0.7718729752717404
1746637218433748,57.19930000000001,1746637218433748,REGIME_ZERO,454.2517,0.5234681,0.5223081167412627,3626.846,0.517783318378177
1746637218435990,38.1354,1746637218435990,REGIME_ZERO_2D,506.69757,0.55676883,0.5556782486030761,4163.0938,0.5588138622655743
1746637218438258,37.3354,1746637218438258,REGIME_ZERO_2D,504.2397,0.7652033,0.7647588510246606,4030.0347,0.7657593585331278
1746637218440493,32.9704,1746637218440493,REGIME_ZERO_2D,428.37448,0.68989944,0.6892388099341166,3315.718,0.6965977661983032
1746637218442792,27.011900000000004,1746637218442792,REGIME_ZERO,418.6896,0.76894194,0.7685661200933434,3376.9448,0.779985955252237
1746637218445063,45.9538,1746637218445063,REGIME_ZERO_2D,362.25275,0.62707144,0.6263130248016607,2826.0718,0.6232167647202357
1746637218447320,35.7543,1746637218447320,REGIME_ZERO_2D,232.3621,0.39499846,0.3935932249741514,1701.1063,0.39675750269814025
1746637218449609,37.9488,1746637218449609,REGIME_ZERO_2D,444.2349,0.57009315,0.5691660755863629,3604.3044,0.5713463779701862
1746637218451895,24.6393,1746637218451895,REGIME_ZERO,540.43567,0.6865574,0.6858584823402224,4253.0703,0.6920078275406842
1746637218454168,26.6164,1746637218454168,REGIME_ZERO_2D,468.7298,0.8495425,0.8492611123701882,3663.88,0.8490674094352524
1746637218456431,70.2404,1746637218456431,REGIME_ZERO,426.3451,0.6904344,0.6898164355560409,3394.6692,0.6951371028261448
1746637218458711,27.924500000000002,1746637218458711,REGIME_ZERO,474.7374,0.6569504,0.6562765318585638,3839.0017,0.655030758857214
1746637218460982,35.3593,1746637218460982,REGIME_ZERO,455.18182,0.6023555,0.6014360387227072,3549.4805,0.5989480216985197
1746637218463256,65.9739,1746637218463256,REGIME_ZERO_2D,371.0667,0.630862,0.6300456609603905,2825.0452,0.6326008024307765
1746637218465527,57.6037,1746637218465527,REGIME_ZERO_2D,393.76636,0.5581823,0.5571472748244678,3110.0776,0.5649919501066495
1746637218467782,41.3229,1746637218467782,REGIME_ZERO_2D,378.17328,0.47351044,0.4723125227901379,3037.1958,0.4728417947733726
1746637218470061,62.3506,1746637218470061,REGIME_ZERO,424.13742,0.72085994,0.7204164266155869,3456.6287,0.7273340768559805
1746637218472344,47.2648,1746637218472344,REGIME_ZERO_2D,383.90704,0.49813586,0.49688621837942615,3028.1921,0.5029616645384833
1746637218474616,58.0237,1746637218474616,REGIME_ZERO,463.78732,0.82336956,0.8230342765272095,3695.2354,0.8314698716540788
1746637218476899,48.0748,1746637218476899,REGIME_ZERO_2D,555.3397,0.66463524,0.6638816552813482,4554.959,0.6662929409807847
1746637218479174,49.6509,1746637218479174,REGIME_ZERO,554.9743,0.73477393,0.7342340012954229,4493.8276,0.7337432878880282
1746637218481447,61.5573,1746637218481447,REGIME_ZERO,398.35648,0.5603227,0.5593600576294564,3052.6533,0.5536708367961589
1746637218483728,26.0839,1746637218483728,REGIME_ZERO,388.60666,0.7511753,0.7508557927024339,3287.9963,0.7552468246377206
1746637218486008,45.7019,1746637218486008,REGIME_ZERO,511.58228,0.8520181,0.8517536696047003,4059.6191,0.8513406257667342
1746637218488283,60.3601,1746637218488283,REGIME_ZERO,513.58734,0.7594578,0.7590153897109807,4066.8914,0.7590068514524881
1746638045050626,32.1857,1746638045050626,REGIME_ZERO,459.70483,0.5525908,0.5515154531089355,3618.9946,0.5477383768368267
1746638045052821,21.159,1746638045052821,REGIME_ZERO_2D,460.36066,0.7262278,0.7256617651858553,3667.199,0.7324293197611753
1746638045055005,76.2796,1746638045055005,REGIME_ZERO_2D,409.58514,0.5551099,0.5540775055699769,3219.4912,0.5627372100376464
1746638045057226,28.221899999999998,1746638045057226,REGIME_ZERO_2D,288.13882,0.38588542,0.3844092979690599,2444.4182,0.37995187450310164
1746638045059529,31.0024,1746638045059529,REGIME_ZERO,527.01794,0.80410045,0.80374440306257,4218.8735,0.8080838905231296
1746638045061779,40.1405,1746638045061779,REGIME_ZERO_2D,380.36084,0.6772413,0.6765805919118727,2978.879,0.6800580743051963
1746638045064034,27.023500000000002,1746638045064034,REGIME_ZERO,426.5525,0.7220814,0.7216071619218787,3410.0566,0.7269050775975691
1746638045066296,30.7486,1746638045066296,REGIME_ZERO_2D,433.80484,0.6104765,0.6095710193774243,3379.478,0.6142717757997285
1746638045104454,54.091300000000004,1746637218406560,Zooming_2,182.35889,0.17030433,0.16756737245612993,1399.4833,0.16589906283362632
1746638045120762,23.8341,1746637218406560,Zooming_1,439.7636,0.769139,0.768737488459155,3482.293,0.7695733434423404
1746638045148212,136.522,1746637218365588,Zooming_2,257.15533,0.34762406,0.34594696750507803,1915.4529,0.32805382786370385
1746638045165680,90.5789,1746637218365588,Zooming_1,338.60242,0.43947676,0.43801958220945875,2603.9102,0.43169622858115747
1746638045197127,112.98499999999999,1746637218309136,Zooming_1,491.76373,0.4086096,0.40684875926208813,3913.3445,0.41292436090363765
1746638045213714,85.4076,1746637218309136,Zooming_3,505.22415,0.47855633,0.4771410381940049,3976.2344,0.4811529553968037
1746638045233976,59.59310000000001,1746637218309136,Zooming_2,309.14667,0.26930603,0.26693379606084255,2466.7554,0.2714655429516052
1746638045254370,63.15849999999999,1746637218309136,Zooming_4,428.82178,0.3216378,0.31938209766119585,3436.9055,0.3254601954362722
1746638045274940,58.3892,1746637218406560,SIDETEST_2Dvs3D,353.42548,0.51969033,0.5185842202931342,2664.4055,0.5150523901522843
1746638045276102,118.01399999999998,1746637218309136,SIDETEST_2Dvs3D,358.96976,0.52835834,0.5272487684782549,2707.5583,0.5265256021468704
1746638045277277,36.9436,1746637218365588,SIDETEST_2Dvs3D,370.18933,0.6571962,0.6564812282518452,2862.1404,0.6487285296821699
1746638045278436,33.5633,1746637218456431,SIDETEST_2Dvs3D,391.8693,0.65182173,0.6511204431024763,3115.622,0.6563282244921426
1746638267580206,40.4055,1746637218309136,REGIME_ONE,279.0733,0.3381803,0.3363786101281081,2277.6143,0.33633576782696695
1746638267582985,37.6325,1746637218309136,REGIME_ONE,361.38943,0.39848796,0.39688403018195567,2849.728,0.39680194983185846
1746638267584309,37.981,1746637218309136,REGIME_ONE_2D,407.3751,0.48559356,0.4843143269639594,3362.9846,0.48243966295333385
1746638267585598,61.5724,1746637218309136,REGIME_ONE,406.0149,0.5912927,0.5903432154722164,3075.6794,0.5870399628141969
1746638267586862,33.7591,1746637218309136,REGIME_ONE_2D,509.52875,0.70711756,0.7064849961684359,3980.9941,0.7028393196257886
1746638267588155,48.3928,1746637218309136,REGIME_ONE,505.02988,0.6442602,0.6434319042425002,3939.9216,0.6474206641857935
1746638267589470,38.5323,1746637218309136,REGIME_ONE,519.0592,0.54405683,0.542910534437135,4130.2207,0.5499264577173255
1746638267590824,73.3403,1746637218309136,REGIME_ONE,489.68475,0.51142305,0.5101913200592755,3798.3428,0.5068777895148482
1746638267592118,41.3109,1746637218309136,REGIME_ONE_2D,380.63193,0.6511097,0.650350984504837,2826.2031,0.6389209165919587
1746638267593438,24.0343,1746637218309136,REGIME_ONE_2D,407.66284,0.523137,0.5219435933394804,3236.4539,0.5231203297578395
1746638267594902,67.5465,1746637218309136,REGIME_ONE,492.6871,0.47213367,0.4707177325607143,3854.3813,0.46756801000442605
1746638267596205,57.2298,1746637218309136,REGIME_ONE,576.95166,0.6905339,0.6898272423620205,4481.147,0.6894403042725811
1746638267597497,103.279,1746637218309136,REGIME_ONE_2D,165.87712,0.15756832,0.15455110449077267,1260.7924,0.15463856052566657
1746638267599292,52.4895,1746637218365588,REGIME_ONE,255.6103,0.35802847,0.35643419803608173,1933.683,0.34736576205455494
1746638267600556,61.580799999999996,1746637218365588,REGIME_ONE,563.81573,0.68014675,0.6794446705775801,4507.613,0.6872802940433557
1746638267601898,63.5477,1746637218365588,REGIME_ONE,565.0591,0.6646534,0.6639100956719601,4489.7773,0.6606030934347524
1746638267603212,45.2766,1746637218365588,REGIME_ONE,434.6776,0.7553818,0.7549727088351094,3546.388,0.759587687754256
1746638267604577,32.9548,1746637218365588,REGIME_ONE_2D,338.76044,0.57458633,0.5736261864646683,2657.7913,0.5761321749557677
1746638267605851,22.3941,1746637218365588,REGIME_ONE_2D,511.2655,0.67442685,0.6737830524764077,4109.544,0.6737362922221183
1746638267608307,54.0293,1746637218365588,REGIME_ONE,349.15363,0.4630543,0.46170191179269926,2760.8203,0.46328804257687894
1746638267610443,52.0461,1746637218365588,REGIME_ONE,486.06732,0.6434527,0.642676279061071,3897.264,0.6440346603142677
1746638267612586,78.6734,1746637218365588,REGIME_ONE,416.41776,0.6927299,0.6921500324100243,3284.717,0.69589472575604
1746638267615129,50.4647,1746637218365588,REGIME_ONE,224.8414,0.28183964,0.2798685103095552,1761.447,0.281962553673439
1746638267617506,92.7556,1746637218365588,REGIME_ONE,352.747,0.59928906,0.5984161872617194,2659.9353,0.5898659931279695
1746638267619756,38.7272,1746637218365588,REGIME_ONE,396.48074,0.60598993,0.6051171482065902,3083.2268,0.6059730930782828
1746638267621994,37.3473,1746637218365588,REGIME_ONE_2D,464.16284,0.74030334,0.7397880552507159,3646.5737,0.7342271376618271
1746638267624365,29.2356,1746637218365588,REGIME_ONE,431.64197,0.7246937,0.7242275122822021,3450.6848,0.7265211071665897
1746638267628992,25.2941,1746637218406560,REGIME_ONE_2D,448.21414,0.75287884,0.7523526550022376,3505.7292,0.7570724062512919
1746638267631213,29.3905,1746637218406560,REGIME_ONE_2D,397.4766,0.7078395,0.7072578674189011,3083.023,0.7039550065372728
1746638267633740,30.198400000000003,1746637218406560,REGIME_ONE_2D,458.78418,0.6503698,0.6495969279138509,3672.9526,0.6490989992065751
1746638267636022,65.1157,1746637218406560,REGIME_ONE_2D,383.48422,0.5413042,0.540285148263965,2983.4832,0.535455624455846
1746638267638391,27.8138,1746637218406560,REGIME_ONE_2D,488.88217,0.759239,0.7587992499172294,3894.3438,0.7574038393961963
1746638267640799,25.5651,1746637218406560,REGIME_ONE_2D,466.0823,0.7036868,0.7031366861732594,3706.112,0.7061982961704534
1746638267643113,61.6339,1746637218406560,REGIME_ONE,442.0515,0.56191355,0.5609608346862707,3504.7134,0.5588203174878182
1746638267645457,27.0132,1746637218406560,REGIME_ONE_2D,465.3632,0.80767554,0.807323004243818,3688.4802,0.809554083128825
1746638267647901,61.5246,1746637218406560,REGIME_ONE_2D,383.58212,0.6084625,0.607560226211237,2977.4622,0.6093461389389377
1746638267650221,39.7328,1746637218406560,REGIME_ONE_2D,310.57486,0.4044359,0.4028681456742961,2459.833,0.3943893359945592
1746638267652460,35.2098,1746637218406560,REGIME_ONE_2D,392.23975,0.7620226,0.7615791028022629,3057.8318,0.7583728454377262
1746638267654574,20.2626,1746637218406560,REGIME_ONE_2D,447.98135,0.74461263,0.7441176202633494,3534.199,0.7411870435050408
1746638267656676,51.9476,1746637218406560,REGIME_ONE,454.21457,0.5306295,0.5294561256749244,3625.6658,0.5318548597518191
1746638267658812,71.0904,1746637218309136,SIDETEST_2Dvs3D,292.82516,0.301647,0.2995564515268299,2301.5896,0.29975678420391055
1746638267659942,102.896,1746637218309136,SIDETEST_2Dvs3D,322.6801,0.36920175,0.3674513596022712,2520.095,0.36655556105091125
1746638267661076,83.0114,1746637218365588,SIDETEST_2Dvs3D,237.89687,0.33779502,0.33604581119367954,1776.0277,0.32024202055789364
1746638267662192,63.549,1746637218365588,SIDETEST_2Dvs3D,238.39961,0.33872682,0.3369675047839627,1804.6685,0.3228667018509208
1746638727585154,60.20219999999999,1746637218309136,REGIME_ONE,400.1631,0.46585634,0.4644612635408962,3157.424,0.46003453058290034
1746638727587210,31.3859,1746637218309136,REGIME_ONE_2D,551.7693,0.73519516,0.7346240240943245,4272.541,0.7407331960552948
1746638727588458,24.3801,1746637218309136,REGIME_ONE_2D,581.9402,0.68084824,0.6801416381391825,4645.8906,0.6832858311103014
1746638727589700,79.0064,1746637218309136,REGIME_ONE_2D,253.7336,0.30044332,0.29842762467655737,1942.1199,0.2884650827070675
1746638727590964,34.1716,1746637218309136,REGIME_ONE_2D,628.3105,0.7784238,0.7779591718834482,4949.3447,0.7808862005521567
1746638727592200,45.3006,1746637218309136,REGIME_ONE_2D,501.333,0.7653087,0.7648282507519022,3838.516,0.7547335355163576
1746638727593470,38.5435,1746637218309136,REGIME_ONE,451.41187,0.54561824,0.5445215782771006,3540.073,0.5443261529177263
1746638727594735,36.1458,1746637218309136,REGIME_ONE_2D,471.53577,0.58313596,0.5821353712828016,3737.7673,0.5901039936521644
1746638727596046,34.1618,1746637218309136,REGIME_ONE_2D,236.76817,0.24134459,0.2389721327325055,1878.618,0.24447140814444918
1746638727597312,33.7598,1746637218309136,REGIME_ONE_2D,287.76077,0.30421543,0.3021965871488309,2235.021,0.3096458225838267
1746638727598578,29.405099999999997,1746637218309136,REGIME_ONE,539.86005,0.645081,0.6442438487812252,4211.05,0.6448868262606946
1746638727599845,39.0699,1746637218309136,REGIME_ONE_2D,306.97903,0.45438588,0.45310475377197706,2444.2556,0.4616592387903503
1746638727601130,51.243100000000005,1746637218309136,REGIME_ONE_2D,432.1705,0.45894864,0.4574917730335568,3444.4617,0.44947216287777886
1746638727602379,76.6699,1746637218309136,REGIME_ONE,639.34796,0.72181016,0.7211901750618657,4976.491,0.7220914332324226
1746638727604118,41.7042,1746637218365588,REGIME_ONE,411.03958,0.6891586,0.68855934098674,3190.5283,0.68162869067523
1746638727605377,35.5039,1746637218365588,REGIME_ONE_2D,347.42688,0.6153197,0.6144860079728763,2674.4707,0.6090876960820223
1746638727606763,25.8262,1746637218365588,REGIME_ONE_2D,423.8417,0.7175553,0.7170580856457364,3443.5706,0.7243130538451509
1746638727608045,21.0563,1746637218365588,REGIME_ONE,492.56665,0.69173247,0.6910938780292778,3931.7498,0.6925293068416136
1746638727609360,41.3151,1746637218365588,REGIME_ONE,417.6557,0.5151388,0.5139431964010034,3277.9287,0.5086254568031294
1746638727610666,38.1338,1746637218365588,REGIME_ONE_2D,256.03082,0.3384216,0.33662480625567204,2106.8372,0.3313607928562575
1746638727611976,45.2824,1746637218365588,REGIME_ONE,378.98355,0.6041526,0.6033231844603709,2969.3647,0.5987885809792258
1746638727613261,33.682,1746637218365588,REGIME_ONE,481.78683,0.77288866,0.7724327864427324,3736.3416,0.7718220746362032
1746638727614563,25.0313,1746637218365588,REGIME_ONE,446.11365,0.73047477,0.7300512038075256,3586.9993,0.7328543997880903
1746638727615828,55.604,1746637218365588,REGIME_ONE,405.75485,0.56121784,0.56022099676816,3242.6611,0.5597567912791118
1746638727617193,18.2806,1746637218365588,REGIME_ONE_2D,466.02982,0.7469644,0.7464704601405441,3757.9001,0.7501219660888094
1746638727618476,39.7155,1746637218365588,REGIME_ONE,411.92123,0.63285923,0.6320404961283804,3251.4365,0.6309122663915867
1746638727619731,40.537,1746637218365588,REGIME_ONE,534.07367,0.5818718,0.5808934331936954,4185.024,0.5585184183335337
1746638727621631,35.2149,1746637218406560,REGIME_ONE,474.06116,0.7631463,0.7626919274499245,3756.1025,0.7635146990648538
1746638727622936,41.317,1746637218406560,REGIME_ONE,435.38022,0.66754735,0.666882523144825,3356.9148,0.663427005846533
1746638727624282,16.8576,1746637218406560,REGIME_ONE_2D,440.78647,0.6463627,0.6457104739807544,3527.0308,0.6477008235151839
1746638727625627,42.8465,1746637218406560,REGIME_ONE_2D,352.77057,0.4739794,0.47266994038903026,2854.811,0.45940332000200007
1746638727626947,30.9844,1746637218406560,REGIME_ONE_2D,449.53955,0.78435755,0.7839492090923056,3530.8984,0.7842058510026791
1746638727628236,26.2172,1746637218406560,REGIME_ONE_2D,492.34818,0.6581039,0.6574081880592443,3952.7234,0.6566731238035536
1746638727629593,73.8577,1746637218406560,REGIME_ONE_2D,392.273,0.5255678,0.5244607570485288,3118.8208,0.5196022309957935
1746638727631006,26.4276,1746637218406560,REGIME_ONE_2D,463.30093,0.68246174,0.6818845824370039,3714.164,0.6817710857125233
1746638727632438,27.8065,1746637218406560,REGIME_ONE_2D,405.6506,0.7191047,0.718583455413456,3218.6997,0.7168347098554309
1746638727633801,22.3478,1746637218406560,REGIME_ONE_2D,464.0194,0.7626785,0.76224739731759,3732.9055,0.766132002954693
1746638727635241,18.8209,1746637218406560,REGIME_ONE_2D,451.08102,0.79107034,0.7907535650594679,3727.3826,0.7961548350897714
1746638727636679,33.3718,1746637218406560,REGIME_ONE,550.5673,0.68137187,0.6806556350824664,4265.3184,0.6733216332059964
1746638727638160,27.8193,1746637218406560,REGIME_ONE_2D,298.55035,0.38230613,0.38066474450521853,2289.638,0.3775873350022365
1746638727639813,95.939,1746637218309136,SIDETEST_2Dvs3D,185.98477,0.15282094,0.14974690205793484,1424.6046,0.14994940065797002
1746638727640922,84.21,1746637218406560,SIDETEST_2Dvs3D,387.56686,0.5447261,0.543734489350841,3015.413,0.5399885129793086
1746638727642026,32.1746,1746637218365588,SIDETEST_2Dvs3D,325.4758,0.5781596,0.5772190551350319,2445.6934,0.5655598690936888
1746638727643104,27.251300000000004,1746637218365588,SIDETEST_2Dvs3D,436.5534,0.6992389,0.6986614378359635,3446.1465,0.7037591286287692
1746639174606529,30.402800000000003,1746637218309136,REGIME_ONE_2D,434.54266,0.7969676,0.7965630156701389,3310.7,0.7925231661300305
1746639174607962,28.9994,1746637218309136,REGIME_ONE_2D,428.80234,0.5642777,0.5632981966680795,3324.305,0.5611614271837473
1746639174609316,22.2408,1746637218309136,REGIME_ONE_2D,295.8061,0.41298038,0.41148342017133543,2231.4111,0.4014298737383824
1746639174610622,34.1744,1746637218309136,REGIME_ONE_2D,474.3786,0.73272955,0.7322558176760022,3742.4102,0.7310500615334811
1746639174611964,25.826900000000002,1746637218309136,REGIME_ONE_2D,324.97906,0.40637174,0.40482577601464853,2565.9622,0.4110703708993081
1746639174613333,29.405099999999997,1746637218309136,REGIME_ONE,340.59125,0.32644615,0.3244949408283487,2550.4463,0.3257758892091499
1746639174614770,44.4907,1746637218309136,REGIME_ONE_2D,299.62473,0.3892068,0.3875824847631123,2382.0808,0.38418080092091844
1746639174616151,38.1349,1746637218309136,REGIME_ONE,330.30078,0.36969906,0.36803108000688206,2645.089,0.36935225256966114
1746639174617513,35.7573,1746637218309136,REGIME_ONE_2D,317.17825,0.36748445,0.3657556308008039,2542.4363,0.3647170641328218
1746639174618882,22.2416,1746637218309136,REGIME_ONE_2D,301.36032,0.33221626,0.3303279088124975,2340.5906,0.3342834803371224
1746639174620246,36.951,1746637218309136,REGIME_ONE,583.62616,0.7732535,0.772796986488385,4614.5547,0.7739211382786717
1746639174621646,68.3404,1746637218309136,REGIME_ONE,646.6011,0.6146873,0.6137478690527772,5076.7847,0.6124126234639553
1746639174623002,43.9382,1746637218309136,REGIME_ONE_2D,278.78006,0.29010403,0.28794858974105064,2119.487,0.2915442846235096
1746639174625030,27.6541,1746637218365588,REGIME_ONE_2D,449.86603,0.7936402,0.7932942955707301,3627.803,0.799387837958264
1746639174626363,54.837599999999995,1746637218365588,REGIME_ONE,538.3887,0.7032976,0.7026782830034133,4261.4424,0.6939340955227356
1746639174627738,54.4177,1746637218365588,REGIME_ONE,398.0396,0.62529194,0.624450806206196,3082.8374,0.625651491986416
1746639174629142,36.1525,1746637218365588,REGIME_ONE_2D,450.02945,0.65179104,0.6510008926161207,3609.6826,0.6580275489829631
1746639174631485,31.1824,1746637218365588,REGIME_ONE,314.07013,0.5358937,0.534867977971527,2421.6387,0.5373206064459611
1746639174633780,58.1592,1746637218365588,REGIME_ONE,336.8783,0.36899105,0.3672151193673389,2716.0593,0.36972609635742193
1746639174635906,24.7784,1746637218365588,REGIME_ONE,399.31348,0.5551106,0.5541200710162771,3218.4434,0.5545928891419604
1746639174638245,37.7397,1746637218365588,REGIME_ONE,447.70038,0.65235025,0.6516209339465439,3523.6426,0.6523282004597131
1746639174640545,24.234,1746637218365588,REGIME_ONE_2D,374.6445,0.6263689,0.6255478067655852,2908.3762,0.6200230906374185
1746639174642660,35.1659,1746637218365588,REGIME_ONE,398.01807,0.63042367,0.6297655904673336,3169.2808,0.6237314043008054
1746639174644778,29.4621,1746637218365588,REGIME_ONE_2D,483.74786,0.66309875,0.6624083322820866,3913.6157,0.6660284323601894
1746639174646926,30.1944,1746637218365588,REGIME_ONE,436.29153,0.6669732,0.6663568646065575,3471.219,0.6619499791620765
1746639174649208,37.5744,1746637218365588,REGIME_ONE,463.3932,0.7292137,0.7287096750455162,3754.784,0.7345065322228344
1746639174654606,20.7921,1746637218406560,REGIME_ONE,442.41888,0.7663174,0.7659304807941409,3531.4773,0.7717981418886877
1746639174657068,26.4283,1746637218406560,REGIME_ONE_2D,545.9259,0.7099906,0.7093587031366142,4435.9663,0.711042759931117
1746639174659250,26.2248,1746637218406560,REGIME_ONE,375.6259,0.5520283,0.550992509761264,2846.568,0.5541858309668708
1746639174661540,23.4387,1746637218406560,REGIME_ONE_2D,238.24615,0.31964025,0.31792113673087197,1899.9739,0.32392340280156706
1746639174663879,40.5219,1746637218406560,REGIME_ONE,502.57462,0.67929196,0.6786223504311151,3998.144,0.6737045164289115
1746639174666172,34.3638,1746637218406560,REGIME_ONE_2D,334.23535,0.39286765,0.39123130286822067,2655.6584,0.3863928295391944
1746639174668456,53.6306,1746637218406560,REGIME_ONE,500.13153,0.62675697,0.6260023517192053,4017.7834,0.6261395464910762
1746639174670750,27.0125,1746637218406560,REGIME_ONE_2D,408.29468,0.77680135,0.7763876159063509,3197.006,0.7719265614667883
1746639174672869,38.5278,1746637218406560,REGIME_ONE_2D,531.988,0.70509917,0.7044945342421289,4285.8247,0.6996724800273454
1746639174675018,21.2355,1746637218406560,REGIME_ONE_2D,455.82648,0.83218795,0.831899425898917,3673.796,0.8346276624076812
1746639174677304,33.3754,1746637218406560,REGIME_ONE_2D,414.11792,0.7522503,0.7517568347549833,3257.9124,0.7545779441228764
1746639174679645,35.88,1746637218406560,REGIME_ONE,442.32294,0.7559303,0.7554671712595123,3477.3276,0.7589370639386326
1746639174681932,35.3532,1746637218406560,REGIME_ONE,494.57825,0.7700741,0.7696826055486462,4063.3748,0.7762456727098556
1746639174684214,19.9493,1746637218406560,REGIME_ONE_2D,406.85623,0.76641303,0.7660517496961332,3350.084,0.7718835563721738
1746639174687351,54.03670000000001,1746637218309136,SIDETEST_2Dvs3D,501.97415,0.4889939,0.4876188896147084,3950.4612,0.49228107605197463
1746639174688511,78.6437,1746637218406560,SIDETEST_2Dvs3D,398.85916,0.53387976,0.5328064014849923,3174.6887,0.5275040334829859
1746639174689713,34.172,1746637218309136,SIDETEST_2Dvs3D,567.49,0.691184,0.6904775304272063,4427.4087,0.6892235405835858
1746639174690884,33.6213,1746637218309136,SIDETEST_2Dvs3D,384.8467,0.45697254,0.45553220458465926,3038.1084,0.4501146771288405
1746639638340664,68.7906,1746637218309136,REGIME_ONE_2D,523.8279,0.6992856,0.6986491927269693,4064.399,0.6909413212201401
1746639638342698,74.3052,1746637218309136,REGIME_ONE_2D,507.84216,0.56265914,0.5615575895860794,3983.7737,0.5644805282715151
1746639638343984,71.1104,1746637218309136,REGIME_ONE,285.72064,0.36604175,0.3643447369692844,2271.2612,0.3630931620515838
1746639638345280,85.0323,1746637218309136,REGIME_ONE,335.31512,0.43018293,0.4287494172267668,2542.769,0.41691366440246935
1746639638346550,77.275,1746637218309136,REGIME_ONE_2D,309.4808,0.45190477,0.45054355943994406,2310.6443,0.4507413788037162
1746639638347820,83.0261,1746637218309136,REGIME_ONE_2D,280.8453,0.29098472,0.2888274565476241,2302.4617,0.2885873474028312
1746639638349088,133.653,1746637218309136,REGIME_ONE,428.81277,0.36347672,0.36157136565672726,3337.703,0.3672571159873783
1746639638350359,100.092,1746637218309136,REGIME_ONE,363.43558,0.38330138,0.3815599073019988,3005.0046,0.3851741663633012
1746639638351662,63.9689,1746637218309136,REGIME_ONE,648.7438,0.587439,0.5864085913539789,5120.3633,0.5802135122531185
1746639638352929,56.4153,1746637218309136,REGIME_ONE,500.25824,0.4375115,0.4359075889603402,3976.4436,0.4403264898692635
1746639638354227,77.8859,1746637218309136,REGIME_ONE_2D,351.1387,0.33787486,0.3359252372836676,2763.9553,0.3386406540961052
1746639638355526,79.8764,1746637218309136,REGIME_ONE,348.59674,0.39001045,0.38837999196296136,2850.8494,0.38785317058630864
1746639638356826,107.877,1746637218309136,REGIME_ONE_2D,205.46652,0.2318829,0.22947805078257735,1555.6434,0.22337234242806955
1746639638358828,92.7322,1746637218365588,REGIME_ONE,373.96713,0.7058588,0.7054427025036927,3073.6538,0.7227543648672812
1746639638360088,91.2345,1746637218365588,REGIME_ONE,495.0038,0.5555148,0.5544328702138851,3840.3887,0.557655639644259
1746639638361372,67.5518,1746637218365588,REGIME_ONE,486.291,0.78529817,0.7849446556392634,3919.4207,0.7895346378710695
1746639638362642,80.4809,1746637218365588,REGIME_ONE_2D,289.47318,0.45916757,0.4578913696980149,2177.4265,0.43938118173431806
1746639638363942,70.9312,1746637218365588,REGIME_ONE,328.83237,0.4296766,0.4282360941410348,2577.6006,0.423080825321954
1746639638365241,66.7405,1746637218365588,REGIME_ONE_2D,444.21835,0.744682,0.7442345400912459,3548.551,0.7481903008503961
1746639638366509,75.1035,1746637218365588,REGIME_ONE,582.312,0.6514986,0.6506877807193627,4668.216,0.6494794747688988
1746639638367810,59.18769999999999,1746637218365588,REGIME_ONE,459.7086,0.59266704,0.5917268971524385,3651.7847,0.5881888794929809
1746639638369077,86.226,1746637218365588,REGIME_ONE,466.92435,0.71753705,0.7169697888294133,3731.9072,0.720189079465613
1746639638370377,92.8442,1746637218365588,REGIME_ONE,465.9751,0.64036983,0.6395854384820553,3671.147,0.6436444248607319
1746639638371646,65.1618,1746637218365588,REGIME_ONE_2D,417.94174,0.70392793,0.7034162281025085,3356.9233,0.7109683288462632
1746639638372996,62.42710000000001,1746637218365588,REGIME_ONE_2D,383.9627,0.5932402,0.5923806359994931,3036.9575,0.5886161238460632
1746639638374344,61.5798,1746637218365588,REGIME_ONE_2D,605.6078,0.7336541,0.7330820730382763,4838.434,0.7299159131350527
1746639638375721,100.321,1746637218365588,REGIME_ONE,382.68564,0.43843272,0.437019357622946,2980.957,0.4276758570262418
1746639638377654,71.9612,1746637218406560,REGIME_ONE_2D,441.94113,0.62121004,0.6204706352445835,3522.441,0.6226738615030893
1746639638379034,92.9548,1746637218406560,REGIME_ONE,564.6918,0.78625107,0.785826697192144,4454.9517,0.7885941727067765
1746639638380303,56.705799999999996,1746637218406560,REGIME_ONE_2D,557.3732,0.7173527,0.7167553787274749,4517.7554,0.7171220262779124
1746639638381669,73.9529,1746637218406560,REGIME_ONE_2D,522.1747,0.7847526,0.7843338807560148,4115.691,0.7837256051950505
1746639638383003,50.0539,1746637218406560,REGIME_ONE_2D,469.7122,0.83088344,0.8305727807119249,3744.8433,0.8351624203681611
1746639638384383,62.41949999999999,1746637218406560,REGIME_ONE_2D,532.32324,0.81415075,0.8137889876364214,4162.5386,0.8159725611197595
1746639638385652,58.4883,1746637218406560,REGIME_ONE,403.3655,0.7386099,0.7381987857212731,3238.973,0.7478686762767741
1746639638386932,61.9756,1746637218406560,REGIME_ONE_2D,491.46738,0.68978846,0.6891975522518604,3948.354,0.6869075406849229
1746639638388278,58.0539,1746637218406560,REGIME_ONE_2D,476.2128,0.6576228,0.656925606494186,3805.7563,0.6601026024111651
1746639638389557,54.015499999999996,1746637218406560,REGIME_ONE_2D,484.81265,0.7184777,0.7178986694102778,3877.4744,0.7201885953041396
1746639638390920,63.5644,1746637218406560,REGIME_ONE_2D,318.62054,0.38442662,0.3827537952382926,2534.2617,0.38411135676471597
1746639638392203,51.24679999999999,1746637218406560,REGIME_ONE,478.21185,0.7573251,0.7569289007776352,3899.7444,0.7600843846583282
1746639638393576,57.2044,1746637218406560,REGIME_ONE_2D,400.57935,0.73891646,0.738557856729727,3301.3418,0.7462005570503797
1746639638395038,84.6019,1746637218309136,SIDETEST_2Dvs3D,332.62344,0.3986998,0.3971087121413023,2634.6099,0.39605699975382036
1746639638396225,131.122,1746637218309136,SIDETEST_2Dvs3D,499.71497,0.44417018,0.4425835783760761,3924.8977,0.44641615403448354
1746639638397398,71.9177,1746637218309136,SIDETEST_2Dvs3D,488.75403,0.54675823,0.5456089946846367,3812.4167,0.5368392885925256
1746639638398466,76.6849,1746637218365588,SIDETEST_2Dvs3D,188.89185,0.22349414,0.22126249462027542,1528.3453,0.22548990848472228
1746640115861245,125.924,1746637218309136,REGIME_ONE,275.03693,0.29719782,0.29519434487629403,2156.723,0.2910313198286211
1746640115862783,125.504,1746637218309136,REGIME_ONE,337.26788,0.40173063,0.40014286598546356,2677.5989,0.40640913620021824
1746640115864269,70.2453,1746637218309136,REGIME_ONE,222.8792,0.19883983,0.1962346232781568,1791.8792,0.19484779136550545
1746640115865698,104.119,1746637218309136,REGIME_ONE,431.2983,0.3748465,0.37303119846606725,3398.5042,0.3805563171552683
1746640115867040,82.2156,1746637218309136,REGIME_ONE_2D,422.049,0.78088963,0.7804502144074361,3212.5847,0.7756516629632266
1746640115868380,84.6312,1746637218309136,REGIME_ONE_2D,388.9197,0.4440546,0.44260690198561137,3072.3555,0.44481751816470594
1746640115869838,65.2922,1746637218309136,REGIME_ONE_2D,328.25232,0.41479415,0.41319987399099334,2599.2212,0.41552468337685045
1746640115871240,85.8119,1746637218309136,REGIME_ONE,658.1128,0.5998902,0.5989016346961072,5204.351,0.6023961112256409
1746640115872678,113.616,1746637218309136,REGIME_ONE_2D,225.86508,0.26616094,0.2639861509813747,1794.44,0.254245894819436
1746640115874011,57.9806,1746637218309136,REGIME_ONE_2D,542.0875,0.7213213,0.7207345111525393,4273.924,0.7147018697922733
1746640115875372,84.7895,1746637218309136,REGIME_ONE,503.92325,0.5051924,0.5039205902897922,4005.3071,0.5065785008202932
1746640115876803,110.061,1746637218309136,REGIME_ONE_2D,320.08456,0.36357978,0.3617885872324181,2575.8972,0.3614648941680252
1746640115878221,54.0285,1746637218309136,REGIME_ONE_2D,545.18695,0.79642373,0.7960209642510168,4374.4824,0.800633476990521
1746640115879749,98.678,1746637218309136,REGIME_ONE_2D,423.5732,0.51178706,0.5105130563150668,3236.5974,0.5026410177078313
1746640115882440,90.6991,1746637218365588,REGIME_ONE,354.44058,0.41553533,0.4139658014994837,2846.291,0.40979631804962013
1746640115883975,57.9537,1746637218365588,REGIME_ONE_2D,493.51947,0.70441425,0.7038668212066124,3960.8608,0.7072915509660758
1746640115885570,87.8013,1746637218365588,REGIME_ONE_2D,258.3581,0.3405516,0.3388339893473951,1970.3265,0.3423158339616641
1746640115887159,52.3435,1746637218365588,REGIME_ONE_2D,518.2964,0.78830117,0.7879277909809026,4140.3555,0.7888814452139123
1746640115888740,60.6762,1746637218365588,REGIME_ONE,416.08524,0.77985024,0.7795563028819135,3485.5159,0.7834689872735199
1746640115890344,66.0475,1746637218365588,REGIME_ONE_2D,522.8606,0.5801825,0.5791811681331973,4195.259,0.5722578051043381
1746640115891881,62.7572,1746637218365588,REGIME_ONE_2D,480.37473,0.77297676,0.7726205544917992,3956.911,0.775760106333339
1746640115893483,74.6701,1746637218365588,REGIME_ONE,255.67307,0.36831608,0.36674730455351745,2174.7686,0.3574720507982573
1746640115895116,88.3614,1746637218365588,REGIME_ONE,476.00757,0.5797593,0.5787927268965363,3757.3289,0.5702048211196205
1746640115896700,60.3933,1746637218365588,REGIME_ONE,291.22006,0.37901846,0.3773846414247011,2353.9924,0.38454943638813993
1746640115898280,76.3385,1746637218365588,REGIME_ONE,253.71423,0.25953785,0.2572834269431834,2041.5156,0.2566093305960299
1746640115899848,87.5157,1746637218365588,REGIME_ONE,471.56796,0.5442591,0.5431660780328971,3765.3857,0.5425615996269215
1746640115901381,120.374,1746637218365588,REGIME_ONE,394.27927,0.44937152,0.4479486160340654,3105.0903,0.44991840507398473
1746640115904006,65.6913,1746637218406560,REGIME_ONE_2D,489.45163,0.81093603,0.8106178773304241,3981.5771,0.8172035663640211
1746640115905505,117.405,1746637218406560,REGIME_ONE_2D,313.69748,0.43408465,0.4327576935887678,2372.3894,0.42086544703577733
1746640115907018,64.786,1746637218406560,REGIME_ONE,518.92334,0.74610263,0.7456195653817784,4136.5996,0.7455231536050408
1746640115908514,55.5828,1746637218406560,REGIME_ONE,478.75223,0.74835587,0.7478479041061638,3817.355,0.7625032085990638
1746640115910049,63.9738,1746637218406560,REGIME_ONE_2D,363.9728,0.6609797,0.6602623740104516,2779.3088,0.6685233954630562
1746640115911592,73.5221,1746637218406560,REGIME_ONE,414.7871,0.5003836,0.49916235821205795,3361.713,0.4999058672747306
1746640115913139,66.3375,1746637218406560,REGIME_ONE_2D,578.8768,0.79836726,0.7979885772571248,4611.3696,0.7977362339607559
1746640115916226,63.9681,1746637218406560,REGIME_ONE_2D,422.71933,0.73650044,0.7359787962033613,3271.9434,0.7389538309066679
1746640115917700,120.648,1746637218406560,REGIME_ONE_2D,338.6762,0.4515101,0.45010617549675247,2534.1646,0.4432259619418501
1746640115919157,53.6501,1746637218406560,REGIME_ONE_2D,519.5112,0.7398603,0.7393191233872937,4190.319,0.7449614009185686
1746640115920577,79.0442,1746637218406560,REGIME_ONE,455.05603,0.5940922,0.5931560996690759,3643.96,0.592614155021072
1746640115922062,90.7168,1746637218406560,REGIME_ONE,465.63138,0.77496666,0.7746203242821686,3805.4412,0.7788019656164832
1746640115923755,120.797,1746637218309136,SIDETEST_2Dvs3D,305.02475,0.27526397,0.2729686727140424,2309.8723,0.26137244320274483
1746640115924844,102.278,1746637218309136,SIDETEST_2Dvs3D,391.91718,0.36323085,0.36135662243768135,3154.202,0.36221345010592376
1746640115925923,102.105,1746637218309136,SIDETEST_2Dvs3D,354.42834,0.33307067,0.3310212080128404,2769.6975,0.33537793700182705
1746640115927017,70.7234,1746637218365588,SIDETEST_2Dvs3D,316.43588,0.39309093,0.3915318605370489,2457.6614,0.3783380941262453
1746642096153787,112.81999999999998,1746637218309136,REGIME_ONE_2D,273.9808,0.32342494,0.32141264183355056,2118.9343,0.3201019103876709
1746642096156510,116.792,1746637218309136,REGIME_ONE,442.33618,0.35209653,0.3501064617265689,3467.8083,0.3497949851841661
1746642096157870,125.674,1746637218309136,REGIME_ONE_2D,232.89108,0.21786828,0.21519671500763568,1882.8405,0.2139900397439781
1746642096159133,88.5587,1746637218309136,REGIME_ONE_2D,474.48392,0.64985627,0.6491123084946859,3700.0608,0.6448390537345111
1746642096160487,187.079,1746637218309136,REGIME_ONE,398.11316,0.48459435,0.4833365600811448,3044.1272,0.47912108729636826
1746642096161792,105.88699999999999,1746637218309136,REGIME_ONE_2D,227.26036,0.23595107,0.23367001926748582,1745.9827,0.2322261226070656
1746642096163286,69.6103,1746637218309136,REGIME_ONE_2D,447.71957,0.799926,0.7995290334786403,3419.3694,0.7958040666373403
1746642096164557,112.41900000000001,1746637218309136,REGIME_ONE,397.3756,0.54846627,0.5474420262474695,3165.7166,0.5563501423970982
1746642096165944,66.9146,1746637218309136,REGIME_ONE,280.38403,0.29004693,0.288052356299298,2239.1035,0.29171232851504697
1746642096167310,104.397,1746637218309136,REGIME_ONE_2D,163.75467,0.17367688,0.17103813155730727,1290.0089,0.17133249624480767
1746642096168568,95.3733,1746637218309136,REGIME_ONE,332.2599,0.38422364,0.38257949447421946,2579.8228,0.3875680298033528
1746642096169812,56.00599999999999,1746637218309136,REGIME_ONE_2D,407.44232,0.5601005,0.5591961599265522,3282.2834,0.5630916452860791
1746642096171108,153.402,1746637218309136,REGIME_ONE,591.0744,0.65174484,0.6509246752657271,4591.6357,0.6500697908080164
1746642096173195,92.3506,1746637218365588,REGIME_ONE,520.43384,0.65254843,0.651749751340754,4144.186,0.656287459473965
1746642096174489,68.7065,1746637218365588,REGIME_ONE,277.80313,0.38936362,0.3879226840406755,2094.1516,0.378266611779452
1746642096175789,59.9904,1746637218365588,REGIME_ONE_2D,488.64383,0.736536,0.7360648148484811,3952.8242,0.7368449171547741
1746642096177093,69.9194,1746637218365588,REGIME_ONE,443.1902,0.69498855,0.694454607370863,3584.5715,0.6971671708952473
1746642096178396,79.0658,1746637218365588,REGIME_ONE,511.7574,0.7388611,0.7383555244318764,4084.6133,0.7393422868955206
1746642096179698,130.757,1746637218365588,REGIME_ONE,373.20624,0.4721383,0.4708231467891358,2861.25,0.4694698084268606
1746642096180969,74.087,1746637218365588,REGIME_ONE,292.24823,0.38051698,0.3789040701334598,2378.3066,0.37734657202567634
1746642096182271,86.9809,1746637218365588,REGIME_ONE_2D,254.45488,0.38542083,0.38388632587863425,2041.9869,0.38142292970199465
1746642096183515,114.388,1746637218365588,REGIME_ONE,435.86954,0.5109939,0.5097706834707278,3433.6091,0.512671781988539
1746642096184834,67.5329,1746637218365588,REGIME_ONE,447.58374,0.78392005,0.7835943546102618,3610.1523,0.7870418864162048
1746642096186114,84.9977,1746637218365588,REGIME_ONE_2D,391.67667,0.44837287,0.446960937891807,3036.471,0.446717906411899
1746642096187410,76.2028,1746637218365588,REGIME_ONE_2D,234.94241,0.23486465,0.23237295006037895,1824.746,0.23653955798865625
1746642096188765,66.7327,1746637218365588,REGIME_ONE_2D,384.83182,0.6262155,0.6254096894272494,2987.6348,0.618594550220355
1746642096190116,101.446,1746637218365588,REGIME_ONE_2D,435.02164,0.58715206,0.5861798102651136,3480.7134,0.5926739329235178
1746642096192179,93.7313,1746637218406560,REGIME_ONE_2D,322.11414,0.5635539,0.5626046160637652,2498.0544,0.5731617971460653
1746642096193564,133.108,1746637218406560,REGIME_ONE,508.63046,0.6154312,0.6146074919906745,4071.5095,0.6139656794291668
1746642096194925,60.4879,1746637218406560,REGIME_ONE_2D,434.36514,0.7705437,0.7701638793035184,3483.5244,0.7741108514861574
1746642096196311,88.6211,1746637218406560,REGIME_ONE,484.97922,0.7177614,0.7171972689935082,3869.326,0.7177214040753087
1746642096197750,83.8194,1746637218406560,REGIME_ONE,585.7639,0.68595153,0.685242083481189,4589.8237,0.6833668624182939
1746642096199073,66.7505,1746637218406560,REGIME_ONE_2D,514.2548,0.77160764,0.771154044602486,4064.2134,0.7767176280799599
1746642096200426,87.2539,1746637218406560,REGIME_ONE,380.7146,0.716828,0.7163271531055826,3049.7817,0.7309223931927668
1746642096201763,59.4601,1746637218406560,REGIME_ONE,435.25485,0.78378874,0.7834578327696127,3552.3071,0.7931140186359629
1746642096203142,60.76899999999999,1746637218406560,REGIME_ONE,344.616,0.43786433,0.4364931407408892,2663.8923,0.42860173822607067
1746642096204529,85.0906,1746637218406560,REGIME_ONE_2D,549.3617,0.77439076,0.7739669056825363,4414.13,0.7803867100359254
1746642096205848,63.9615,1746637218406560,REGIME_ONE_2D,526.003,0.7798006,0.7793383301018393,4129.919,0.7803917248204667
1746642096207288,48.8602,1746637218406560,REGIME_ONE_2D,426.6036,0.75551456,0.7550541488004111,3352.2654,0.7555243957831437
1746642096208734,56.29440000000001,1746637218406560,REGIME_ONE,528.4192,0.6866622,0.6860203898842298,4171.5596,0.6817264212411707
1746642096210486,123.952,1746637218406560,SIDETEST_2Dvs3D,490.42667,0.5786099,0.5775845237663935,3755.9106,0.5671133618884242
1746642096211622,95.4256,1746637218406560,SIDETEST_2Dvs3D,326.94968,0.44646287,0.4451919092316595,2481.068,0.4334975177422665
1746642096212776,70.0915,1746637218309136,SIDETEST_2Dvs3D,265.82288,0.2885446,0.286487163784824,2076.1433,0.2821611353459187
1746642096213858,91.3696,1746637218309136,SIDETEST_2Dvs3D,314.89218,0.3870121,0.385358403752504,2500.9968,0.39190734411471345
1746642584473380,81.4368,1746637218309136,REGIME_ONE_2D,285.50647,0.30739903,0.30539542310024015,2259.4246,0.3053393177054575
1746642584476577,72.3402,1746637218309136,REGIME_ONE_2D,257.82657,0.281181,0.27897904366614035,2082.2256,0.2741232129034531
1746642584479296,98.923,1746637218309136,REGIME_ONE,400.70395,0.5067541,0.5055451290363677,3097.934,0.4951327421827063
1746642584481500,59.226,1746637218309136,REGIME_ONE_2D,511.26105,0.67871857,0.677980749096761,4028.9006,0.6831943438031789
1746642584483892,66.0083,1746637218309136,REGIME_ONE_2D,232.80937,0.27157652,0.26946431983475855,1846.229,0.26109794644080764
1746642584486227,93.7561,1746637218309136,REGIME_ONE,574.5817,0.59418654,0.5932474517577004,4619.466,0.5946418350470414
1746642584488587,76.2797,1746637218309136,REGIME_ONE_2D,383.05273,0.4614149,0.4600394846060048,2999.68,0.4593174918976456
1746642584490731,106.632,1746637218309136,REGIME_ONE,360.7684,0.38296473,0.38134500376408775,2836.6023,0.37277528848747915
1746642584493072,96.54900000000002,1746637218309136,REGIME_ONE,343.09647,0.43087482,0.4294383196925511,2635.185,0.4205985832641484
1746642584495456,124.711,1746637218309136,REGIME_ONE_2D,503.43546,0.5151247,0.5138573157639311,3897.5002,0.5053933348255626
1746642584497803,75.8904,1746637218309136,REGIME_ONE,542.5334,0.55012566,0.5489781290723724,4246.275,0.5492034476407235
1746642584500172,79.8321,1746637218309136,REGIME_ONE_2D,223.29845,0.26313516,0.260921417683231,1711.2308,0.25237041702694296
1746642584502390,103.123,1746637218309136,REGIME_ONE_2D,322.05548,0.3285681,0.3265686700640985,2527.1646,0.30570038505830466
1746642584504594,76.8021,1746637218309136,REGIME_ONE_2D,254.17216,0.2531738,0.25072776452303613,2060.7722,0.2499042413444306
1746642584510857,72.8686,1746637218365588,REGIME_ONE_2D,471.59396,0.7718866,0.7714393154017319,3763.1794,0.7773397928900524
1746642584513135,92.557,1746637218365588,REGIME_ONE,413.30115,0.6333308,0.6325340621881934,3287.75,0.6351145124081025
1746642584515503,67.5856,1746637218365588,REGIME_ONE_2D,493.69363,0.71377254,0.7132403938162424,3948.0735,0.7108511071207846
1746642584517873,52.8378,1746637218365588,REGIME_ONE_2D,353.40512,0.61339283,0.6126166371015518,2815.8535,0.6143598053059973
1746642584520036,54.43820000000001,1746637218365588,REGIME_ONE_2D,403.20383,0.72646016,0.7260265410977611,3293.471,0.7314580817806247
1746642584522408,91.1951,1746637218365588,REGIME_ONE,421.89944,0.691986,0.691349478208951,3304.532,0.697342416624977
1746642584524536,135.502,1746637218365588,REGIME_ONE,341.76776,0.38827243,0.38659864349479595,2757.756,0.38693669785307283
1746642584526924,83.4401,1746637218365588,REGIME_ONE,470.65628,0.6396923,0.6389074733154979,3650.0232,0.6407632500288206
1746642584529252,54.0353,1746637218365588,REGIME_ONE_2D,399.02106,0.7556004,0.7552331086341784,3329.5383,0.7572165346274713
1746642584531603,74.801,1746637218365588,REGIME_ONE,409.09988,0.53799325,0.5369478038722304,3292.4392,0.5391972762089586
1746642584533805,71.1079,1746637218365588,REGIME_ONE,424.32397,0.63755476,0.6367617981158806,3345.0479,0.6380803442940539
1746642584536004,54.4129,1746637218365588,REGIME_ONE_2D,350.93997,0.7079934,0.7075701498638258,2939.59,0.7153745672003899
1746642584538329,138.282,1746637218365588,REGIME_ONE,323.23538,0.40138727,0.39982393461584786,2519.7407,0.39126129704977053
1746642584544181,63.9582,1746637218406560,REGIME_ONE,435.66928,0.7105876,0.710059770834972,3485.7605,0.7135951760061079
1746642584546496,69.5462,1746637218406560,REGIME_ONE,537.82745,0.7595246,0.7590629944641774,4265.202,0.7583868400967155
1746642584548859,114.833,1746637218406560,REGIME_ONE,399.23294,0.6271101,0.62629480329871,3010.4836,0.6213124573336604
1746642584551184,62.1078,1746637218406560,REGIME_ONE_2D,484.16266,0.6672196,0.6664694095936069,3886.5132,0.6685996535484322
1746642584553326,63.5855,1746637218406560,REGIME_ONE_2D,506.8322,0.8124743,0.8121664537830228,4116.5386,0.8166362675318921
1746642584555661,116.46099999999998,1746637218406560,REGIME_ONE,483.48932,0.6915163,0.6909203885629991,3826.5654,0.6920713676980721
1746642584558025,54.8212,1746637218406560,REGIME_ONE_2D,465.05646,0.78672415,0.7863335432400455,3756.759,0.791674928357124
1746642584560353,71.3299,1746637218406560,REGIME_ONE,406.19702,0.58501416,0.5841072061748602,3275.3027,0.591292183149738
1746642584562504,94.1464,1746637218406560,REGIME_ONE,555.0842,0.8070314,0.8066531124572701,4415.524,0.8031633881756336
1746642584564687,63.9613,1746637218406560,REGIME_ONE_2D,433.36826,0.78553,0.785152167968014,3434.1196,0.787790786540383
1746642584566864,51.97729999999999,1746637218406560,REGIME_ONE_2D,477.72705,0.769462,0.7690786748068231,3828.9153,0.7725087249540474
1746642584569017,58.4143,1746637218406560,REGIME_ONE_2D,398.1927,0.7009793,0.7004069503914607,3085.3774,0.6882842703912897
1746642584571405,89.0975,1746637218406560,REGIME_ONE_2D,371.58743,0.6142954,0.6134641843643399,2836.821,0.6183849406528565
1746642584574831,133.171,1746637218309136,SIDETEST_2Dvs3D,336.6754,0.27239028,0.2699149529833392,2695.3142,0.2700312357181671
1746642584576076,87.8397,1746637218309136,SIDETEST_2Dvs3D,304.9305,0.32388285,0.3218863476778291,2368.0962,0.3208863723237292
1746642584577250,141.403,1746637218309136,SIDETEST_2Dvs3D,383.55103,0.47394538,0.4726388760792908,2927.8572,0.4683598493285678
1746642584578418,75.4937,1746637218309136,SIDETEST_2Dvs3D,444.66428,0.5586262,0.5575419692326226,3439.4883,0.5496821150451023
1746643066627584,66.4447,1746637218309136,REGIME_ONE_2D,345.6728,0.41396874,0.4124256614275424,2808.3677,0.405934458341217
1746643066629066,94.5527,1746637218309136,REGIME_ONE_2D,168.99028,0.16118714,0.15834016867216524,1318.7378,0.155790111399648
1746643066630420,82.6334,1746637218309136,REGIME_ONE,369.12018,0.38176027,0.3800614645057042,2922.9768,0.3803319517238777
1746643066631765,128.061,1746637218309136,REGIME_ONE,326.5571,0.4776327,0.4763658998562013,2532.2292,0.46839370079282366
1746643066633131,63.95889999999999,1746637218309136,REGIME_ONE,305.28452,0.4459038,0.4445598449951088,2410.191,0.4550943809095684
1746643066634488,105.66599999999998,1746637218309136,REGIME_ONE_2D,404.63196,0.43777314,0.4363035315225285,3202.1194,0.43611164399554514
1746643066635892,71.9059,1746637218309136,REGIME_ONE_2D,601.3207,0.78949296,0.7890671156840242,4652.52,0.7949278179270638
1746643066637283,74.4952,1746637218309136,REGIME_ONE_2D,317.85715,0.38312742,0.3815487301140486,2506.1453,0.38031980532108633
1746643066638672,69.552,1746637218309136,REGIME_ONE_2D,393.58298,0.45644006,0.4550505503990134,3139.101,0.45601644779019446
1746643066640067,125.954,1746637218309136,REGIME_ONE,427.22916,0.3919386,0.39014271360154684,3402.3804,0.3781941425173184
1746643066641433,94.9734,1746637218309136,REGIME_ONE,417.80017,0.45728824,0.455876956661447,3283.883,0.46113333030324477
1746643066642822,119.029,1746637218309136,REGIME_ONE_2D,339.17117,0.37135118,0.3695864440162821,2597.3281,0.3509694571427136
1746643066644181,83.0274,1746637218309136,REGIME_ONE_2D,390.20914,0.46781412,0.4664622536518921,3071.6018,0.4616794879463923
1746643066646288,85.2269,1746637218365588,REGIME_ONE,284.61523,0.38225865,0.3806801966998825,2221.921,0.3675921572974158
1746643066647632,88.0458,1746637218365588,REGIME_ONE_2D,434.15802,0.6888197,0.6881719528654631,3452.2803,0.6922759057162957
1746643066648936,63.9584,1746637218365588,REGIME_ONE,302.0317,0.54953665,0.5485823787215545,2328.249,0.5487814586464052
1746643066650214,66.7707,1746637218365588,REGIME_ONE,500.3962,0.84268135,0.8423991481663887,4008.1763,0.8492605652714628
1746643066651523,87.4149,1746637218365588,REGIME_ONE,345.77057,0.41034257,0.4088120860920136,2654.7166,0.40811462129561765
1746643066652801,81.6537,1746637218365588,REGIME_ONE_2D,220.2421,0.26730862,0.26527129295324064,1746.2756,0.26895114822208566
1746643066654078,92.5774,1746637218365588,REGIME_ONE_2D,521.8396,0.59526575,0.5942656618904372,4123.6025,0.6024381426357146
1746643066655384,67.8743,1746637218365588,REGIME_ONE_2D,486.42575,0.65280885,0.6520814245011428,3943.931,0.6558135234628579
1746643066656770,88.8738,1746637218365588,REGIME_ONE,562.6994,0.63804054,0.6372003710843658,4407.373,0.6394137712540588
1746643066658127,67.5224,1746637218365588,REGIME_ONE_2D,385.53583,0.4578098,0.45647530121539426,3020.9219,0.46222775009654526
1746643066659498,66.7291,1746637218365588,REGIME_ONE_2D,352.39218,0.6396534,0.6388865286341635,2683.3389,0.6301681427796069
1746643066660854,65.2626,1746637218365588,REGIME_ONE_2D,487.28668,0.7441681,0.7436576077973565,3895.0642,0.7498696961826181
1746643066662251,67.5467,1746637218365588,REGIME_ONE_2D,516.2991,0.71750903,0.7169536123922973,4134.7773,0.7156633586164158
1746643066663640,92.1644,1746637218365588,REGIME_ONE_2D,344.187,0.4666297,0.46528060853715375,2762.7766,0.4544573058420607
1746643066665772,58.39970000000001,1746637218406560,REGIME_ONE_2D,487.21588,0.6133214,0.6124924735222678,3894.916,0.6111913680951921
1746643066667050,66.4069,1746637218406560,REGIME_ONE,492.5091,0.6289203,0.628057453948523,3773.3284,0.6290484825518433
1746643066668415,70.4008,1746637218406560,REGIME_ONE,498.13132,0.73339176,0.7328790086479998,4011.003,0.7388939463755574
1746643066669829,84.6464,1746637218406560,REGIME_ONE,459.6933,0.83176893,0.8314771922245668,3654.1409,0.8335526151575963
1746643066671168,101.739,1746637218406560,REGIME_ONE,407.16653,0.5143402,0.5131925265073474,3341.9062,0.5172032891637585
1746643066672589,58.4602,1746637218406560,REGIME_ONE_2D,379.7922,0.5457394,0.5447137737524279,3009.1748,0.5471232077065825
1746643066673999,128.616,1746637218406560,REGIME_ONE,475.91263,0.58404267,0.5831491269061525,3809.0322,0.5841121668248133
1746643066675393,73.4986,1746637218406560,REGIME_ONE_2D,516.6339,0.6895757,0.6889349711945306,4174.521,0.6945791894661593
1746643066676818,60.8001,1746637218406560,REGIME_ONE_2D,370.7991,0.7113376,0.7107860646434587,2855.244,0.7086276741271353
1746643066678220,76.271,1746637218406560,REGIME_ONE_2D,502.40268,0.6855937,0.6849180368490578,4018.417,0.7046262314878469
1746643066679696,66.7284,1746637218406560,REGIME_ONE_2D,372.94656,0.7228263,0.7223164965979554,2979.1445,0.7382063638183826
1746643066681104,77.4615,1746637218406560,REGIME_ONE,451.7554,0.69822437,0.6976171570990796,3616.4395,0.701055563187552
1746643066682514,61.89489999999999,1746637218406560,REGIME_ONE_2D,502.3755,0.797081,0.7967285514995407,3984.3035,0.7941907123820107
1746643066684394,123.975,1746637218309136,SIDETEST_2Dvs3D,498.39886,0.50995517,0.5086823743586963,3869.946,0.5019730614833003
1746643066685560,133.247,1746637218309136,SIDETEST_2Dvs3D,442.08362,0.408826,0.40711794333854323,3452.2678,0.38191988805952837
1746643066686641,69.8689,1746637218365588,SIDETEST_2Dvs3D,297.98245,0.37835065,0.3766956447745808,2313.2253,0.3647340528201317
1746643066687794,112.05,1746637218365588,SIDETEST_2Dvs3D,213.09558,0.2882197,0.2862555868648322,1728.7491,0.2824664856422918
1746643752454728,83.0233,1746637218309136,REGIME_ONE_2D,323.71848,0.3783764,0.3766287575954502,2620.738,0.3782260556773026
1746643752456869,95.2026,1746637218309136,REGIME_ONE_2D,217.06458,0.2523544,0.25022229547255836,1694.4,0.24594422100098107
1746643752458279,53.9501,1746637218309136,REGIME_ONE_2D,386.89682,0.49557737,0.4943266080536916,3029.3645,0.4787770866606903
1746643752459688,119.97999999999999,1746637218309136,REGIME_ONE_2D,278.40985,0.27051115,0.26820538819417933,2264.2546,0.2719482114195647
1746643752461122,116.09700000000001,1746637218309136,REGIME_ONE,305.72272,0.308073,0.30596798721658497,2434.2388,0.3066840726466361
1746643752462511,129.497,1746637218309136,REGIME_ONE_2D,433.83127,0.5801191,0.5791192589320343,3378.3704,0.5801170227317177
1746643752463869,100.504,1746637218309136,REGIME_ONE,300.84283,0.32309458,0.3212204050192432,2358.3308,0.3230505130206066
1746643752465228,84.5828,1746637218309136,REGIME_ONE_2D,226.28787,0.22074142,0.218324132035312,1711.0128,0.2120102056127874
1746643752466616,84.6291,1746637218309136,REGIME_ONE,559.2623,0.73639804,0.7358425823842396,4366.2256,0.7404697269655429
1746643752468005,106.5,1746637218309136,REGIME_ONE_2D,333.71866,0.3894155,0.387713806321372,2612.4333,0.39001968350730587
1746643752469392,83.4394,1746637218309136,REGIME_ONE_2D,308.13495,0.3654719,0.3637833981065169,2439.0322,0.35337663328476315
1746643752470740,70.3081,1746637218309136,REGIME_ONE,581.68774,0.8101781,0.8097815152826908,4623.4956,0.8170978696442823
1746643752472134,101.945,1746637218309136,REGIME_ONE,297.9764,0.3971712,0.3956443597589152,2348.2898,0.3848971347928124
1746643752474363,83.6445,1746637218365588,REGIME_ONE_2D,440.143,0.47008234,0.4687826702741238,3565.1367,0.4700093941590253
1746643752475662,88.4346,1746637218365588,REGIME_ONE,461.4894,0.5917065,0.5907927077355568,3741.503,0.5932939169656808
1746643752477836,69.1238,1746637218365588,REGIME_ONE_2D,465.68762,0.7497687,0.7493467759939224,3785.8027,0.7558138970795968
1746643752480032,76.8172,1746637218365588,REGIME_ONE_2D,352.7422,0.46411538,0.4627687989364545,2702.0237,0.4632063247287903
1746643752482036,63.9457,1746637218365588,REGIME_ONE_2D,440.86124,0.7740804,0.7737532615657292,3573.4993,0.7760494973743548
1746643752484242,75.1125,1746637218365588,REGIME_ONE_2D,462.9824,0.6873659,0.6866916385430923,3682.3887,0.6981891096950636
1746643752486491,77.8893,1746637218365588,REGIME_ONE,465.49313,0.7958765,0.7955200984514569,3719.649,0.798031738742806
1746643752488678,80.9596,1746637218365588,REGIME_ONE_2D,377.71838,0.56882364,0.5677986074140092,2974.1277,0.5658841452783243
1746643752490898,105.69499999999998,1746637218365588,REGIME_ONE,440.6306,0.76602775,0.7655941691068631,3489.1572,0.7712641645124692
1746643752493508,60.039,1746637218365588,REGIME_ONE,326.36215,0.5988979,0.5980669600057609,2538.2234,0.599306461624073
1746643752495876,97.7238,1746637218365588,REGIME_ONE,368.8803,0.43442735,0.4329803214688263,2854.0488,0.42629893770043087
1746643752498086,106.44499999999998,1746637218365588,REGIME_ONE,394.13745,0.5736306,0.5726520599639492,3191.4321,0.5682921996617671
1746643752500827,75.2122,1746637218365588,REGIME_ONE,574.59845,0.702197,0.7015649432529517,4653.8916,0.707189432496188
1746643752503790,123.138,1746637218365588,REGIME_ONE,388.6857,0.46538484,0.4639734984132394,3003.32,0.45964642718132076
1746643752510796,66.2907,1746637218406560,REGIME_ONE_2D,479.78235,0.7417469,0.7412843352114646,3881.315,0.7418332681222699
1746643752513234,87.5773,1746637218406560,REGIME_ONE_2D,339.05386,0.53743804,0.5363483701950275,2675.3213,0.5394613577560465
1746643752515510,91.9235,1746637218406560,REGIME_ONE,485.77084,0.7794478,0.7790429941698064,3829.0908,0.7827037665507472
1746643752518120,83.4725,1746637218406560,REGIME_ONE,372.46255,0.48436272,0.4830849857647814,2933.4763,0.47870431287278625
1746643752520878,52.063599999999994,1746637218406560,REGIME_ONE_2D,455.89404,0.6980334,0.6973723800617849,3526.2852,0.6991419870324639
1746643752523098,93.1385,1746637218406560,REGIME_ONE,535.7309,0.82078266,0.8204532884922944,4288.3438,0.8228682824798144
1746643752525100,92.9492,1746637218406560,REGIME_ONE,281.637,0.41009176,0.4087348675548702,2255.3682,0.4187661587424907
1746643752526799,81.8694,1746637218406560,REGIME_ONE_2D,373.66162,0.49431908,0.4930794469487555,2864.4104,0.47778241905512703
1746643752528454,89.7909,1746637218406560,REGIME_ONE,436.32367,0.7582212,0.7578280182438359,3494.4524,0.7658337114936933
1746643752530201,74.4131,1746637218406560,REGIME_ONE_2D,392.59293,0.6766129,0.6759840424468334,3024.0457,0.6672183049835541
1746643752531780,79.0626,1746637218406560,REGIME_ONE,448.59625,0.7732381,0.772854217364736,3622.1135,0.7787478045421609
1746643752533370,73.9265,1746637218406560,REGIME_ONE_2D,476.32898,0.63150007,0.6306440127449213,3738.598,0.6449392479718757
1746643752534936,56.4014,1746637218406560,REGIME_ONE_2D,593.08185,0.84275234,0.8424541461369073,4717.4897,0.8428473264953784
1746643752537054,92.5841,1746637218309136,SIDETEST_2Dvs3D,494.41177,0.45947388,0.4579886011471016,3821.033,0.44014276881656655
1746643752538190,110.78099999999999,1746637218309136,SIDETEST_2Dvs3D,411.27603,0.44544742,0.444016832217261,3250.125,0.44354706165630686
1746643752539322,68.824,1746637218406560,SIDETEST_2Dvs3D,460.0105,0.5714505,0.5705149479735255,3690.6475,0.5716061274430428
1746643752540405,107.24100000000001,1746637218309136,SIDETEST_2Dvs3D,306.07092,0.45891288,0.45757318840501227,2366.7153,0.4506423711879364
1746644291563893,110.022,1746637218309136,REGIME_ONE,286.90717,0.35659266,0.3548705203236511,2186.9446,0.3407548941462796
1746644291566040,66.327,1746637218309136,REGIME_ONE_2D,312.13202,0.33289734,0.33099290669905507,2422.9785,0.3326675237303081
1746644291567334,92.55,1746637218309136,REGIME_ONE,363.8989,0.42950127,0.4280287198579912,2974.1511,0.4337498758979912
1746644291568580,119.234,1746637218309136,REGIME_ONE,368.06387,0.35702097,0.35521454249295914,2884.9434,0.35465886953613096
1746644291569838,113.21700000000001,1746637218309136,REGIME_ONE_2D,310.6005,0.38528693,0.38359671498386183,2440.8164,0.3842290798523551
1746644291571216,72.4041,1746637218309136,REGIME_ONE_2D,502.6992,0.7176187,0.7170346796758762,4033.8196,0.7263728927883484
1746644291573039,117.429,1746637218309136,REGIME_ONE_2D,235.75926,0.2303928,0.22782951198161094,1913.4277,0.22864011494856423
1746644291574402,74.2842,1746637218309136,REGIME_ONE_2D,505.77832,0.7907681,0.7903551048044989,3909.042,0.782186885183635
1746644291575799,80.629,1746637218309136,REGIME_ONE_2D,277.86142,0.33929422,0.3375435041894312,2227.1702,0.340340608141681
1746644291577198,102.876,1746637218309136,REGIME_ONE_2D,504.8749,0.6075584,0.606627383631901,4065.6855,0.6062054730576084
1746644291578548,106.04099999999998,1746637218309136,REGIME_ONE_2D,351.99982,0.35785592,0.355958785861732,2695.3367,0.3581176188996845
1746644291579912,120.999,1746637218309136,REGIME_ONE_2D,282.7161,0.31960964,0.3176252477458033,2247.4983,0.32695427521964215
1746644291581309,98.9204,1746637218309136,REGIME_ONE,446.50107,0.5876016,0.5866184030420334,3536.5454,0.5843210121192497
1746644291583710,83.446,1746637218365588,REGIME_ONE,567.20544,0.75694156,0.7564516646596859,4563.193,0.7564834732809901
1746644291585100,65.5332,1746637218365588,REGIME_ONE_2D,524.07324,0.74925244,0.7487669044916933,4218.2104,0.7544931576214458
1746644291586509,90.9754,1746637218365588,REGIME_ONE,405.63815,0.6433598,0.6426148480323465,3219.319,0.6487370049495969
1746644291587842,71.8924,1746637218365588,REGIME_ONE_2D,429.24796,0.75427383,0.7538764528580582,3509.2217,0.7584327866323956
1746644291589264,62.79449999999999,1746637218365588,REGIME_ONE,536.86237,0.7841517,0.7837608932046716,4306.304,0.7870577857650973
1746644291590648,101.316,1746637218365588,REGIME_ONE,357.23373,0.45914897,0.45777801022085685,2771.0776,0.4596154514163277
1746644291592035,61.9798,1746637218365588,REGIME_ONE_2D,409.2346,0.78705454,0.7867185859703678,3368.6213,0.7896252680470806
1746644291593460,81.0467,1746637218365588,REGIME_ONE,426.30768,0.61685324,0.6159973750200217,3285.7244,0.6117892568409767
1746644291594870,108.117,1746637218365588,REGIME_ONE,412.19858,0.7249232,0.7244037973529065,3273.789,0.7278184924531337
1746644291596270,82.2484,1746637218365588,REGIME_ONE,357.4661,0.4238834,0.4223666911833399,2873.2375,0.42278376512781124
1746644291597670,97.5169,1746637218365588,REGIME_ONE_2D,392.68533,0.5035876,0.502352543235271,3096.822,0.5076085215507151
1746644291599096,64.7639,1746637218365588,REGIME_ONE_2D,381.40137,0.41546765,0.41384340957838917,3033.0955,0.4105260848091577
1746644291600516,108.84099999999998,1746637218365588,REGIME_ONE,381.34378,0.5449192,0.5438487336810757,2928.2202,0.5469839901872902
1746644291601946,82.2437,1746637218365588,REGIME_ONE,480.9766,0.6501701,0.6493688740601324,3836.8772,0.6525639984637895
1746644291604765,88.5733,1746637218406560,REGIME_ONE,484.2778,0.7065055,0.705907022538273,3879.112,0.7080808925760647
1746644291606189,70.4401,1746637218406560,REGIME_ONE,484.588,0.78570074,0.7853255391566151,3826.0276,0.786028875800052
1746644291607650,69.5105,1746637218406560,REGIME_ONE,316.88083,0.38915926,0.38758516865891746,2504.4734,0.38668708054015977
1746644291609130,90.4656,1746637218406560,REGIME_ONE,505.46494,0.7453068,0.7448200204382777,4030.768,0.7450695904474428
1746644291610614,72.3333,1746637218406560,REGIME_ONE_2D,434.1616,0.6031855,0.602295229992902,3462.9102,0.6051868697520522
1746644291612075,106.477,1746637218406560,REGIME_ONE,428.83475,0.6082726,0.6073594141727674,3331.2104,0.6166950626914138
1746644291613638,63.96130000000001,1746637218406560,REGIME_ONE_2D,434.24353,0.5747334,0.5737448760279926,3509.849,0.5660198728859366
1746644291615176,82.2608,1746637218406560,REGIME_ONE_2D,382.78635,0.67132056,0.6706709364050136,2932.4514,0.6584256559548087
1746644291616710,61.9612,1746637218406560,REGIME_ONE_2D,451.63113,0.797897,0.797510467949375,3565.7788,0.8007824548390179
1746644291618238,84.0623,1746637218406560,REGIME_ONE,473.50073,0.78001136,0.7796626187970193,3848.5566,0.7842468086790968
1746644291619840,136.262,1746637218406560,REGIME_ONE,477.54813,0.565507,0.5644980660759784,3835.2502,0.5666846683215054
1746644291621443,84.2027,1746637218406560,REGIME_ONE,319.0221,0.39468947,0.39311041646268474,2459.834,0.38855861886184095
1746644291623128,73.1003,1746637218406560,REGIME_ONE_2D,401.8292,0.6797747,0.6791111044704549,3143.9866,0.6785101195853753
1746644291625673,102.078,1746637218309136,SIDETEST_2Dvs3D,447.85883,0.5864176,0.5854434781146393,3480.2031,0.5865640431020743
1746644291626842,158.558,1746637218309136,SIDETEST_2Dvs3D,292.38022,0.25195175,0.24953270703170982,2365.36,0.2520758948474515
1746644291628073,102.53600000000002,1746637218365588,SIDETEST_2Dvs3D,223.01888,0.31122917,0.3093579483244947,1669.2683,0.29604968578945345
1746644291629241,110.579,1746637218309136,SIDETEST_2Dvs3D,238.96184,0.25692183,0.25469844546862613,1910.9927,0.2566363526067819
1746645035235218,135.73,1746637218309136,REGIME_ONE,656.94867,0.591873,0.5908477614409061,5254.2905,0.5933561265876494
1746645035237532,77.5309,1746637218309136,REGIME_ONE_2D,366.1615,0.4216328,0.42009479164350083,2855.0908,0.42393021381354135
1746645035238809,87.7778,1746637218309136,REGIME_ONE_2D,436.59653,0.7806556,0.780220792144903,3280.6926,0.768664581485352
1746645035240073,85.44,1746637218309136,REGIME_ONE_2D,287.73538,0.3400537,0.3382208638890684,2361.831,0.34420012678824624
1746645035241306,73.9836,1746637218309136,REGIME_ONE_2D,365.39532,0.55065215,0.5496562155801299,2836.1953,0.5562812517275617
1746645035242566,82.2316,1746637218309136,REGIME_ONE_2D,540.08923,0.5753565,0.5743127067201316,4204.2817,0.5729587349396492
1746645035243795,97.3248,1746637218309136,REGIME_ONE_2D,240.61304,0.2860301,0.28397682008105224,1975.2833,0.2781810856754656
1746645035245025,98.387,1746637218309136,REGIME_ONE_2D,344.65158,0.3741531,0.37231863869461085,2692.8745,0.3715797266809935
1746645035246282,86.5821,1746637218309136,REGIME_ONE,484.26074,0.82153714,0.8211786674796446,3648.0984,0.8153891828898048
1746645035247570,68.4634,1746637218309136,REGIME_ONE_2D,363.8199,0.44386426,0.44244537069253087,2895.917,0.4434407597829517
1746645035248896,61.57809999999999,1746637218309136,REGIME_ONE_2D,380.08905,0.5114005,0.5101923502686404,3052.1113,0.5128774481895895
1746645035250186,69.5694,1746637218309136,REGIME_ONE_2D,478.34366,0.6274552,0.6266587744043556,3773.044,0.6270855324317186
1746645035251543,123.71700000000001,1746637218309136,REGIME_ONE,450.3002,0.3894368,0.38758295514213065,3494.9077,0.3908480779186144
1746645035273517,116.806,1746637218365588,REGIME_THREE,294.06958,0.3659943,0.36427661656752397,2284.1506,0.35912570161239243
1746645035274611,76.8192,1746637218365588,REGIME_THREE,406.7765,0.5922767,0.5913532685946279,3152.9492,0.5969456686094463
1746645035275669,130.295,1746637218365588,REGIME_THREE,350.39722,0.5740084,0.5730806154238229,2631.7449,0.5685219833918825
1746645035276749,86.2061,1746637218365588,REGIME_THREE,474.69397,0.5434684,0.5423748921861372,3720.1138,0.5430313393750363
1746645035277805,76.2028,1746637218365588,REGIME_THREE_2D,515.0757,0.5929855,0.5920343921860193,4197.442,0.5885899220612674
1746645035278867,126.13899999999998,1746637218365588,REGIME_THREE_2D,239.80467,0.24892223,0.24651903496089222,1863.0902,0.25077802893723256
1746645035279927,89.7839,1746637218365588,REGIME_THREE,491.23828,0.5889402,0.5879974626216493,3859.5623,0.578005450285282
1746645035280985,83.8661,1746637218365588,REGIME_THREE,421.13495,0.65538836,0.6546606908146327,3323.577,0.6595866238323203
1746645035282042,80.6623,1746637218365588,REGIME_THREE_2D,259.51547,0.3413498,0.3396175343941525,1995.8265,0.3445409064353415
1746645035283099,128.341,1746637218365588,REGIME_THREE,352.59262,0.44825965,0.4468723807027686,2726.1978,0.44152987222032486
1746645035284155,88.5793,1746637218365588,REGIME_THREE_2D,427.36768,0.6003267,0.5994104824020831,3350.8896,0.6058650648391742
1746645035285210,107.199,1746637218365588,REGIME_THREE,474.8258,0.52181655,0.5206471524227319,3849.254,0.5217131163286818
1746645035286266,64.3828,1746637218365588,REGIME_THREE,490.31616,0.640768,0.6399553182604145,3880.139,0.6425851728476117
1746645035288690,73.0984,1746637218406560,REGIME_ONE_2D,421.4275,0.65519756,0.6545254126294013,3310.5854,0.6518384488595876
1746645035290022,58.3928,1746637218406560,REGIME_ONE_2D,467.91998,0.6738905,0.6731820018547678,3710.4858,0.6721272782940841
1746645035291372,69.5104,1746637218406560,REGIME_ONE,424.91595,0.7826536,0.7823261614654311,3436.6387,0.7851368762628601
1746645035292702,71.5591,1746637218406560,REGIME_ONE_2D,435.06232,0.8197443,0.8194083800800034,3457.7427,0.8199032969746061
1746645035294023,59.97950000000001,1746637218406560,REGIME_ONE_2D,487.67395,0.7317341,0.7312151527633565,3893.9014,0.7360761387022788
1746645035295308,57.1995,1746637218406560,REGIME_ONE_2D,495.09598,0.81759614,0.8172548197123524,3929.5369,0.81996695033768
1746645035296593,68.095,1746637218406560,REGIME_ONE,526.86694,0.8512616,0.8509920385655444,4206.908,0.8502259466313542
1746645035297911,72.2237,1746637218406560,REGIME_ONE,399.0208,0.65768516,0.6570511973412092,3173.4153,0.6572197063592845
1746645035299196,103.30800000000002,1746637218406560,REGIME_ONE,445.44095,0.57927716,0.5783883369295346,3577.1277,0.5792870561533465
1746645035300480,111.59700000000001,1746637218406560,REGIME_ONE_2D,305.6144,0.40119904,0.39967148084239407,2351.4949,0.39525962350595
1746645035301766,69.1161,1746637218406560,REGIME_ONE_2D,556.8542,0.7937155,0.7933222875924983,4457.0596,0.79956789901207
1746645035303052,91.3538,1746637218406560,REGIME_ONE,487.8742,0.8374524,0.8371730053171201,3924.2021,0.8427884109283832
1746645035304333,61.5783,1746637218406560,REGIME_ONE_2D,482.44385,0.8213876,0.8210781863184258,3877.6558,0.8225002702492115
1746645035305652,70.7355,1746637218406560,REGIME_ONE_2D,355.74155,0.540238,0.5391479658607022,2766.4067,0.5409956989651368
1746645035307326,94.9672,1746637218309136,SIDETEST_2Dvs3D,322.0788,0.3465063,0.34463928555563694,2562.5708,0.3551210847716508
1746645035308398,110.856,1746637218309136,SIDETEST_2Dvs3D,347.04395,0.2863571,0.28397596786031837,2776.244,0.2844977791397738
1746645035309498,87.8357,1746637218406560,SIDETEST_2Dvs3D,481.18024,0.5610472,0.5600166249731204,3866.5244,0.5619437074753173
1746645035310566,84.6002,1746637218309136,SIDETEST_2Dvs3D,344.06064,0.33540964,0.3335168578791829,2691.1648,0.3322425416052455
